<?xml version="1.0"?>
<schema version="0.3">
    <table name="btServicesbox">
        <field name="bID" type="I">
            <key/>
            <unsigned/>
        </field>
        <field name="Icon" type="I">
            <default value="0"/>
            <unsigned/>
        </field>
        <field name="Tiltle" type="C" size="255"></field>
        <field name="Description_1" type="C" size="255"></field>
        <field name="cta" type="C" size="12"></field>
        <field name="cta_Title" type="C"></field>
        <field name="cta_Page" type="I">
            <default value="0"/>
            <unsigned/>
        </field>
        <field name="cta_File" type="I">
            <default value="0"/>
            <unsigned/>
        </field>
        <field name="cta_Image" type="I">
            <default value="0"/>
            <unsigned/>
        </field>
        <field name="cta_URL" type="C"></field>
        <field name="cta_Relative_URL" type="C"></field>
    </table>
</schema>