<?xml version="1.0"?>
<schema version="0.3">
    <table name="btWorkshopcards">
        <field name="bID" type="I">
            <key/>
            <unsigned/>
        </field>
        <field name="bgimg" type="I">
            <default value="0"/>
            <unsigned/>
        </field>
        <field name="title" type="C" size="255"></field>
        <field name="desc_1" type="X"></field>
        <field name="btn" type="C" size="12"></field>
        <field name="btn_Title" type="C"></field>
        <field name="btn_Page" type="I">
            <default value="0"/>
            <unsigned/>
        </field>
        <field name="btn_File" type="I">
            <default value="0"/>
            <unsigned/>
        </field>
        <field name="btn_Image" type="I">
            <default value="0"/>
            <unsigned/>
        </field>
        <field name="btn_URL" type="C"></field>
        <field name="btn_Relative_URL" type="C"></field>
    </table>
</schema>