<?xml version="1.0"?>
<schema version="0.3">
    <table name="btOrangeBtn">
        <field name="bID" type="I">
            <key/>
            <unsigned/>
        </field>
        <field name="link" type="C" size="12"></field>
        <field name="link_Title" type="C"></field>
        <field name="link_Page" type="I">
            <default value="0"/>
            <unsigned/>
        </field>
        <field name="link_File" type="I">
            <default value="0"/>
            <unsigned/>
        </field>
        <field name="link_Image" type="I">
            <default value="0"/>
            <unsigned/>
        </field>
        <field name="link_URL" type="C"></field>
        <field name="link_Relative_URL" type="C"></field>
    </table>
</schema>