<?xml version="1.0"?>
<schema version="0.3">
    <table name="btProgramblock">
        <field name="bID" type="I">
            <key/>
            <unsigned/>
        </field>
        <field name="blacktitle" type="C" size="255"></field>
        <field name="orangetitle" type="C" size="255"></field>
        <field name="description_1" type="X"></field>
        <field name="buttontitle" type="C" size="12"></field>
        <field name="buttontitle_Title" type="C"></field>
        <field name="buttontitle_Page" type="I">
            <default value="0"/>
            <unsigned/>
        </field>
        <field name="buttontitle_File" type="I">
            <default value="0"/>
            <unsigned/>
        </field>
        <field name="buttontitle_Image" type="I">
            <default value="0"/>
            <unsigned/>
        </field>
        <field name="buttontitle_URL" type="C"></field>
        <field name="buttontitle_Relative_URL" type="C"></field>
    </table>
</schema>