-- Adminer 4.8.1 MySQL 5.7.24 dump

SET NAMES utf8;
SET time_zone = '+00:00';
SET foreign_key_checks = 0;
SET sql_mode = 'NO_AUTO_VALUE_ON_ZERO';

SET NAMES utf8mb4;

DROP TABLE IF EXISTS `AreaLayoutColumns`;
CREATE TABLE `AreaLayoutColumns` (
  `arLayoutColumnID` int(10) unsigned NOT NULL AUTO_INCREMENT,
  `arLayoutID` int(10) unsigned NOT NULL DEFAULT '0',
  `arLayoutColumnIndex` int(10) unsigned NOT NULL DEFAULT '0',
  `arID` int(10) unsigned NOT NULL DEFAULT '0',
  `arLayoutColumnDisplayID` int(11) DEFAULT '0',
  PRIMARY KEY (`arLayoutColumnID`),
  KEY `arLayoutID` (`arLayoutID`,`arLayoutColumnIndex`),
  KEY `arID` (`arID`),
  KEY `arLayoutColumnDisplayID` (`arLayoutColumnDisplayID`)
) ENGINE=InnoDB DEFAULT CHARSET=utf8mb4 COLLATE=utf8mb4_unicode_ci;

INSERT INTO `AreaLayoutColumns` (`arLayoutColumnID`, `arLayoutID`, `arLayoutColumnIndex`, `arID`, `arLayoutColumnDisplayID`) VALUES
(1,	1,	0,	2,	1),
(2,	1,	1,	3,	2),
(3,	1,	2,	4,	3),
(4,	2,	0,	5,	4),
(5,	2,	1,	6,	5),
(6,	3,	0,	7,	6),
(7,	3,	1,	8,	7),
(8,	3,	2,	9,	8),
(9,	4,	0,	11,	9),
(10,	5,	0,	12,	10),
(11,	6,	0,	14,	11),
(12,	7,	0,	15,	12),
(13,	8,	0,	35,	13),
(14,	8,	1,	36,	14),
(15,	9,	0,	39,	15),
(16,	9,	1,	40,	16),
(17,	9,	2,	41,	17),
(18,	10,	0,	42,	18),
(19,	10,	1,	43,	19),
(20,	11,	0,	44,	20),
(21,	11,	1,	45,	21),
(22,	11,	2,	46,	22),
(23,	12,	0,	49,	23),
(24,	12,	1,	50,	24),
(25,	12,	2,	51,	25),
(26,	12,	3,	52,	26),
(27,	13,	0,	53,	27),
(28,	13,	1,	54,	28),
(29,	14,	0,	56,	29),
(30,	14,	1,	57,	30),
(31,	15,	0,	84,	31),
(32,	15,	1,	85,	32),
(33,	16,	0,	86,	33),
(34,	16,	1,	87,	34),
(35,	16,	2,	88,	35),
(36,	17,	0,	89,	36),
(37,	17,	1,	90,	37),
(38,	18,	0,	105,	38),
(39,	18,	1,	106,	39),
(40,	19,	0,	107,	40),
(41,	19,	1,	108,	41),
(42,	19,	2,	109,	42),
(43,	20,	0,	112,	43),
(44,	20,	1,	113,	44),
(45,	21,	0,	114,	45),
(46,	21,	1,	115,	46),
(47,	22,	0,	116,	47),
(48,	22,	1,	117,	48),
(49,	23,	0,	119,	49),
(50,	23,	1,	120,	50),
(51,	23,	2,	121,	51),
(52,	24,	0,	122,	52),
(53,	24,	1,	123,	53),
(57,	26,	0,	153,	54),
(58,	26,	1,	154,	55),
(59,	26,	2,	155,	56),
(60,	27,	0,	157,	57),
(61,	28,	0,	158,	58),
(62,	29,	0,	161,	59),
(63,	29,	1,	162,	60),
(64,	30,	0,	163,	61),
(65,	30,	1,	164,	62),
(70,	34,	0,	165,	63),
(71,	34,	1,	166,	64),
(72,	34,	2,	167,	65),
(73,	35,	0,	168,	66),
(74,	36,	0,	170,	67),
(75,	37,	0,	172,	68),
(76,	37,	1,	173,	69),
(78,	39,	0,	175,	70),
(81,	42,	0,	182,	71),
(82,	42,	1,	183,	72),
(83,	43,	0,	185,	73),
(86,	45,	0,	189,	74),
(87,	46,	0,	190,	75),
(88,	46,	1,	191,	76),
(89,	47,	0,	193,	77),
(90,	47,	1,	194,	78),
(91,	47,	2,	195,	79),
(95,	49,	0,	202,	80),
(96,	50,	0,	206,	81),
(97,	50,	1,	207,	82),
(98,	51,	0,	210,	83),
(99,	51,	1,	211,	84),
(100,	52,	0,	213,	85),
(101,	53,	0,	215,	86),
(102,	53,	1,	216,	87),
(103,	54,	0,	219,	88),
(104,	55,	0,	220,	89),
(105,	56,	0,	243,	90),
(106,	56,	1,	244,	91),
(107,	57,	0,	246,	92),
(108,	58,	0,	247,	93),
(109,	58,	1,	248,	94),
(110,	58,	2,	249,	95),
(111,	59,	0,	250,	96),
(112,	60,	0,	251,	97),
(113,	60,	1,	252,	98),
(114,	60,	2,	253,	99),
(116,	62,	0,	254,	100),
(119,	64,	0,	258,	101),
(120,	65,	0,	259,	102),
(121,	65,	1,	260,	103),
(122,	65,	2,	261,	104),
(123,	65,	3,	262,	105),
(124,	66,	0,	263,	106),
(125,	67,	0,	264,	107),
(126,	67,	1,	265,	108),
(127,	68,	0,	267,	109),
(128,	68,	1,	268,	110),
(129,	68,	2,	269,	111),
(130,	68,	3,	270,	112),
(135,	70,	0,	275,	113),
(136,	71,	0,	276,	114),
(137,	71,	1,	277,	115),
(138,	71,	2,	278,	116),
(139,	71,	3,	279,	117),
(143,	74,	0,	282,	118),
(144,	74,	1,	283,	119),
(145,	74,	2,	284,	120),
(146,	74,	3,	285,	121),
(147,	75,	0,	287,	122),
(148,	75,	1,	288,	123);

DROP TABLE IF EXISTS `AreaLayoutCustomColumns`;
CREATE TABLE `AreaLayoutCustomColumns` (
  `arLayoutColumnID` int(10) unsigned NOT NULL AUTO_INCREMENT,
  `arLayoutColumnWidth` varchar(64) COLLATE utf8mb4_unicode_ci NOT NULL,
  PRIMARY KEY (`arLayoutColumnID`)
) ENGINE=InnoDB DEFAULT CHARSET=utf8mb4 COLLATE=utf8mb4_unicode_ci;


DROP TABLE IF EXISTS `AreaLayoutPresets`;
CREATE TABLE `AreaLayoutPresets` (
  `arLayoutPresetID` int(10) unsigned NOT NULL AUTO_INCREMENT,
  `arLayoutID` int(10) unsigned NOT NULL DEFAULT '0',
  `arLayoutPresetName` varchar(255) COLLATE utf8mb4_unicode_ci DEFAULT NULL,
  PRIMARY KEY (`arLayoutPresetID`),
  KEY `arLayoutID` (`arLayoutID`),
  KEY `arLayoutPresetName` (`arLayoutPresetName`)
) ENGINE=InnoDB DEFAULT CHARSET=utf8mb4 COLLATE=utf8mb4_unicode_ci;


DROP TABLE IF EXISTS `AreaLayouts`;
CREATE TABLE `AreaLayouts` (
  `arLayoutID` int(10) unsigned NOT NULL AUTO_INCREMENT,
  `arLayoutSpacing` int(10) unsigned NOT NULL DEFAULT '0',
  `arLayoutIsCustom` tinyint(1) NOT NULL DEFAULT '0',
  `arLayoutIsPreset` tinyint(1) NOT NULL DEFAULT '0',
  `arLayoutMaxColumns` int(10) unsigned NOT NULL DEFAULT '0',
  `arLayoutUsesThemeGridFramework` tinyint(1) NOT NULL DEFAULT '0',
  PRIMARY KEY (`arLayoutID`)
) ENGINE=InnoDB DEFAULT CHARSET=utf8mb4 COLLATE=utf8mb4_unicode_ci;

INSERT INTO `AreaLayouts` (`arLayoutID`, `arLayoutSpacing`, `arLayoutIsCustom`, `arLayoutIsPreset`, `arLayoutMaxColumns`, `arLayoutUsesThemeGridFramework`) VALUES
(1,	0,	0,	0,	12,	1),
(2,	0,	0,	0,	12,	1),
(3,	0,	0,	0,	12,	1),
(4,	0,	0,	0,	12,	1),
(5,	0,	0,	0,	12,	1),
(6,	0,	0,	0,	12,	1),
(7,	0,	0,	0,	12,	1),
(8,	0,	0,	0,	12,	1),
(9,	0,	0,	0,	12,	1),
(10,	0,	0,	0,	12,	1),
(11,	0,	0,	0,	12,	1),
(12,	0,	0,	0,	12,	1),
(13,	0,	0,	0,	12,	1),
(14,	0,	0,	0,	12,	1),
(15,	0,	0,	0,	12,	1),
(16,	0,	0,	0,	12,	1),
(17,	0,	0,	0,	12,	1),
(18,	0,	0,	0,	12,	1),
(19,	0,	0,	0,	12,	1),
(20,	0,	0,	0,	12,	1),
(21,	0,	0,	0,	12,	1),
(22,	0,	0,	0,	12,	1),
(23,	0,	0,	0,	12,	1),
(24,	0,	0,	0,	12,	1),
(26,	0,	0,	0,	12,	1),
(27,	0,	0,	0,	12,	1),
(28,	0,	0,	0,	12,	1),
(29,	0,	0,	0,	12,	1),
(30,	0,	0,	0,	12,	1),
(34,	0,	0,	0,	12,	1),
(35,	0,	0,	0,	12,	1),
(36,	0,	0,	0,	12,	1),
(37,	0,	0,	0,	12,	1),
(39,	0,	0,	0,	12,	1),
(42,	0,	0,	0,	12,	1),
(43,	0,	0,	0,	12,	1),
(45,	0,	0,	0,	12,	1),
(46,	0,	0,	0,	12,	1),
(47,	0,	0,	0,	12,	1),
(49,	0,	0,	0,	12,	1),
(50,	0,	0,	0,	12,	1),
(51,	0,	0,	0,	12,	1),
(52,	0,	0,	0,	12,	1),
(53,	0,	0,	0,	12,	1),
(54,	0,	0,	0,	12,	1),
(55,	0,	0,	0,	12,	1),
(56,	0,	0,	0,	12,	1),
(57,	0,	0,	0,	12,	1),
(58,	0,	0,	0,	12,	1),
(59,	0,	0,	0,	12,	1),
(60,	0,	0,	0,	12,	1),
(62,	0,	0,	0,	12,	1),
(64,	0,	0,	0,	12,	1),
(65,	0,	0,	0,	12,	1),
(66,	0,	0,	0,	12,	1),
(67,	0,	0,	0,	12,	1),
(68,	0,	0,	0,	12,	1),
(70,	0,	0,	0,	12,	1),
(71,	0,	0,	0,	12,	1),
(74,	0,	0,	0,	12,	1),
(75,	0,	0,	0,	12,	1);

DROP TABLE IF EXISTS `AreaLayoutsUsingPresets`;
CREATE TABLE `AreaLayoutsUsingPresets` (
  `arLayoutID` int(10) unsigned NOT NULL,
  `preset` varchar(255) COLLATE utf8mb4_unicode_ci NOT NULL DEFAULT '',
  PRIMARY KEY (`arLayoutID`),
  CONSTRAINT `FK_7A9049A1385521EA` FOREIGN KEY (`arLayoutID`) REFERENCES `AreaLayouts` (`arLayoutID`) ON DELETE CASCADE ON UPDATE CASCADE
) ENGINE=InnoDB DEFAULT CHARSET=utf8mb4 COLLATE=utf8mb4_unicode_ci;


DROP TABLE IF EXISTS `AreaLayoutThemeGridColumns`;
CREATE TABLE `AreaLayoutThemeGridColumns` (
  `arLayoutColumnID` int(10) unsigned NOT NULL AUTO_INCREMENT,
  `arLayoutColumnSpan` int(10) unsigned DEFAULT '0',
  `arLayoutColumnOffset` int(10) unsigned DEFAULT '0',
  PRIMARY KEY (`arLayoutColumnID`)
) ENGINE=InnoDB DEFAULT CHARSET=utf8mb4 COLLATE=utf8mb4_unicode_ci;

INSERT INTO `AreaLayoutThemeGridColumns` (`arLayoutColumnID`, `arLayoutColumnSpan`, `arLayoutColumnOffset`) VALUES
(1,	4,	0),
(2,	4,	0),
(3,	4,	0),
(4,	4,	0),
(5,	8,	0),
(6,	4,	0),
(7,	4,	0),
(8,	4,	0),
(9,	12,	0),
(10,	12,	0),
(11,	12,	0),
(12,	12,	0),
(13,	8,	0),
(14,	3,	1),
(15,	4,	0),
(16,	4,	0),
(17,	4,	0),
(18,	6,	0),
(19,	6,	0),
(20,	2,	0),
(21,	3,	0),
(22,	6,	1),
(23,	3,	0),
(24,	3,	0),
(25,	3,	0),
(26,	3,	0),
(27,	6,	0),
(28,	6,	0),
(29,	5,	0),
(30,	5,	2),
(31,	6,	0),
(32,	6,	0),
(33,	4,	0),
(34,	4,	0),
(35,	4,	0),
(36,	4,	0),
(37,	7,	1),
(38,	7,	0),
(39,	4,	1),
(40,	2,	0),
(41,	4,	0),
(42,	6,	0),
(43,	7,	0),
(44,	5,	0),
(45,	4,	0),
(46,	7,	1),
(47,	4,	0),
(48,	7,	1),
(49,	4,	0),
(50,	4,	0),
(51,	4,	0),
(52,	4,	0),
(53,	8,	0),
(57,	4,	0),
(58,	4,	0),
(59,	4,	0),
(60,	12,	0),
(61,	12,	0),
(62,	6,	0),
(63,	6,	0),
(64,	6,	0),
(65,	6,	0),
(70,	4,	0),
(71,	4,	0),
(72,	4,	0),
(73,	12,	0),
(74,	12,	0),
(75,	6,	0),
(76,	6,	0),
(78,	12,	0),
(81,	6,	0),
(82,	6,	0),
(83,	12,	0),
(86,	12,	0),
(87,	6,	0),
(88,	6,	0),
(89,	4,	0),
(90,	4,	0),
(91,	4,	0),
(95,	12,	0),
(96,	6,	0),
(97,	6,	0),
(98,	6,	0),
(99,	6,	0),
(100,	12,	0),
(101,	6,	0),
(102,	6,	0),
(103,	12,	0),
(104,	12,	0),
(105,	6,	0),
(106,	6,	0),
(107,	12,	0),
(108,	4,	0),
(109,	4,	0),
(110,	4,	0),
(111,	12,	0),
(112,	4,	0),
(113,	4,	0),
(114,	4,	0),
(116,	12,	0),
(119,	12,	0),
(120,	3,	0),
(121,	3,	0),
(122,	3,	0),
(123,	3,	0),
(124,	12,	0),
(125,	6,	0),
(126,	6,	0),
(127,	3,	0),
(128,	3,	0),
(129,	3,	0),
(130,	3,	0),
(135,	12,	0),
(136,	3,	0),
(137,	3,	0),
(138,	3,	0),
(139,	3,	0),
(143,	3,	0),
(144,	3,	0),
(145,	3,	0),
(146,	3,	0),
(147,	6,	0),
(148,	6,	0);

DROP TABLE IF EXISTS `AreaPermissionAssignments`;
CREATE TABLE `AreaPermissionAssignments` (
  `cID` int(10) unsigned NOT NULL DEFAULT '0',
  `arHandle` varchar(255) COLLATE utf8mb4_unicode_ci NOT NULL,
  `pkID` int(10) unsigned NOT NULL DEFAULT '0',
  `paID` int(10) unsigned NOT NULL DEFAULT '0',
  PRIMARY KEY (`cID`,`arHandle`,`pkID`,`paID`),
  KEY `paID` (`paID`),
  KEY `pkID` (`pkID`)
) ENGINE=InnoDB DEFAULT CHARSET=utf8mb4 COLLATE=utf8mb4_unicode_ci;


DROP TABLE IF EXISTS `AreaPermissionBlockTypeAccessList`;
CREATE TABLE `AreaPermissionBlockTypeAccessList` (
  `paID` int(10) unsigned NOT NULL DEFAULT '0',
  `peID` int(10) unsigned NOT NULL DEFAULT '0',
  `permission` varchar(1) COLLATE utf8mb4_unicode_ci NOT NULL DEFAULT '1',
  PRIMARY KEY (`paID`,`peID`),
  KEY `peID` (`peID`)
) ENGINE=InnoDB DEFAULT CHARSET=utf8mb4 COLLATE=utf8mb4_unicode_ci;


DROP TABLE IF EXISTS `AreaPermissionBlockTypeAccessListCustom`;
CREATE TABLE `AreaPermissionBlockTypeAccessListCustom` (
  `paID` int(10) unsigned NOT NULL DEFAULT '0',
  `peID` int(10) unsigned NOT NULL DEFAULT '0',
  `btID` int(10) unsigned NOT NULL DEFAULT '0',
  PRIMARY KEY (`paID`,`peID`,`btID`),
  KEY `peID` (`peID`),
  KEY `btID` (`btID`)
) ENGINE=InnoDB DEFAULT CHARSET=utf8mb4 COLLATE=utf8mb4_unicode_ci;


DROP TABLE IF EXISTS `Areas`;
CREATE TABLE `Areas` (
  `arID` int(10) unsigned NOT NULL AUTO_INCREMENT,
  `cID` int(10) unsigned NOT NULL DEFAULT '0',
  `arHandle` varchar(255) COLLATE utf8mb4_unicode_ci NOT NULL,
  `arOverrideCollectionPermissions` tinyint(1) NOT NULL DEFAULT '0',
  `arInheritPermissionsFromAreaOnCID` int(10) unsigned NOT NULL DEFAULT '0',
  `arIsGlobal` tinyint(1) NOT NULL DEFAULT '0',
  `arParentID` int(10) unsigned NOT NULL DEFAULT '0',
  PRIMARY KEY (`arID`),
  KEY `arIsGlobal` (`arIsGlobal`),
  KEY `cID` (`cID`),
  KEY `arHandle` (`arHandle`),
  KEY `arParentID` (`arParentID`)
) ENGINE=InnoDB DEFAULT CHARSET=utf8mb4 COLLATE=utf8mb4_unicode_ci;

INSERT INTO `Areas` (`arID`, `cID`, `arHandle`, `arOverrideCollectionPermissions`, `arInheritPermissionsFromAreaOnCID`, `arIsGlobal`, `arParentID`) VALUES
(1,	170,	'Main',	0,	0,	0,	0),
(2,	170,	'Main : 1',	0,	0,	0,	1),
(3,	170,	'Main : 2',	0,	0,	0,	1),
(4,	170,	'Main : 3',	0,	0,	0,	1),
(5,	170,	'Main : 4',	0,	0,	0,	1),
(6,	170,	'Main : 5',	0,	0,	0,	1),
(7,	170,	'Main : 6',	0,	0,	0,	1),
(8,	170,	'Main : 7',	0,	0,	0,	1),
(9,	170,	'Main : 8',	0,	0,	0,	1),
(10,	171,	'Main',	0,	0,	0,	0),
(11,	171,	'Main : 9',	0,	0,	0,	10),
(12,	171,	'Main : 10',	0,	0,	0,	10),
(13,	184,	'Main',	0,	0,	0,	0),
(14,	184,	'Main : 11',	0,	0,	0,	13),
(15,	184,	'Main : 12',	0,	0,	0,	13),
(16,	185,	'Main',	0,	0,	0,	0),
(17,	186,	'Main',	0,	0,	0,	0),
(18,	187,	'Main',	0,	0,	0,	0),
(19,	188,	'Main',	0,	0,	0,	0),
(20,	189,	'Main',	0,	0,	0,	0),
(21,	190,	'Main',	0,	0,	0,	0),
(22,	191,	'Main',	0,	0,	0,	0),
(23,	192,	'Main',	0,	0,	0,	0),
(24,	210,	'Main',	0,	0,	0,	0),
(25,	210,	'Sidebar',	0,	0,	0,	0),
(26,	210,	'Page Footer',	0,	0,	0,	0),
(27,	217,	'Page Header',	0,	0,	0,	0),
(28,	217,	'Sidebar',	0,	0,	0,	0),
(29,	217,	'Main',	0,	0,	0,	0),
(30,	203,	'Page Header',	0,	0,	0,	0),
(31,	203,	'Sidebar',	0,	0,	0,	0),
(32,	203,	'Main',	0,	0,	0,	0),
(33,	203,	'Page Footer',	0,	0,	0,	0),
(34,	198,	'Main',	0,	0,	0,	0),
(35,	198,	'Main : 13',	0,	0,	0,	34),
(36,	198,	'Main : 14',	0,	0,	0,	34),
(37,	195,	'Main',	0,	0,	0,	0),
(38,	1,	'Main',	0,	0,	0,	0),
(39,	1,	'Main : 15',	0,	0,	0,	38),
(40,	1,	'Main : 16',	0,	0,	0,	38),
(41,	1,	'Main : 17',	0,	0,	0,	38),
(42,	1,	'Main : 18',	0,	0,	0,	38),
(43,	1,	'Main : 19',	0,	0,	0,	38),
(44,	1,	'Main : 20',	0,	0,	0,	38),
(45,	1,	'Main : 21',	0,	0,	0,	38),
(46,	1,	'Main : 22',	0,	0,	0,	38),
(47,	1,	'Page Footer',	0,	0,	0,	0),
(48,	194,	'Main',	0,	0,	0,	0),
(49,	194,	'Main : 23',	0,	0,	0,	48),
(50,	194,	'Main : 24',	0,	0,	0,	48),
(51,	194,	'Main : 25',	0,	0,	0,	48),
(52,	194,	'Main : 26',	0,	0,	0,	48),
(53,	194,	'Main : 27',	0,	0,	0,	48),
(54,	194,	'Main : 28',	0,	0,	0,	48),
(55,	194,	'Page Footer',	0,	0,	0,	0),
(56,	194,	'Page Footer : 29',	0,	0,	0,	55),
(57,	194,	'Page Footer : 30',	0,	0,	0,	55),
(58,	196,	'Main',	0,	0,	0,	0),
(59,	204,	'Page Header',	0,	0,	0,	0),
(60,	204,	'Main',	0,	0,	0,	0),
(61,	204,	'Sidebar',	0,	0,	0,	0),
(62,	204,	'Page Footer',	0,	0,	0,	0),
(63,	205,	'Page Header',	0,	0,	0,	0),
(64,	205,	'Main',	0,	0,	0,	0),
(65,	205,	'Sidebar',	0,	0,	0,	0),
(66,	205,	'Page Footer',	0,	0,	0,	0),
(67,	206,	'Page Header',	0,	0,	0,	0),
(68,	206,	'Main',	0,	0,	0,	0),
(69,	206,	'Sidebar',	0,	0,	0,	0),
(70,	206,	'Page Footer',	0,	0,	0,	0),
(71,	207,	'Page Header',	0,	0,	0,	0),
(72,	207,	'Main',	0,	0,	0,	0),
(73,	207,	'Sidebar',	0,	0,	0,	0),
(74,	207,	'Page Footer',	0,	0,	0,	0),
(75,	208,	'Page Header',	0,	0,	0,	0),
(76,	208,	'Main',	0,	0,	0,	0),
(77,	208,	'Sidebar',	0,	0,	0,	0),
(78,	208,	'Page Footer',	0,	0,	0,	0),
(79,	209,	'Page Header',	0,	0,	0,	0),
(80,	209,	'Main',	0,	0,	0,	0),
(81,	209,	'Sidebar',	0,	0,	0,	0),
(82,	209,	'Page Footer',	0,	0,	0,	0),
(83,	197,	'Main',	0,	0,	0,	0),
(84,	197,	'Main : 31',	0,	0,	0,	83),
(85,	197,	'Main : 32',	0,	0,	0,	83),
(86,	197,	'Main : 33',	0,	0,	0,	83),
(87,	197,	'Main : 34',	0,	0,	0,	83),
(88,	197,	'Main : 35',	0,	0,	0,	83),
(89,	197,	'Main : 36',	0,	0,	0,	83),
(90,	197,	'Main : 37',	0,	0,	0,	83),
(91,	199,	'Main',	0,	0,	0,	0),
(92,	199,	'Main : 13',	0,	0,	0,	0),
(93,	199,	'Main : 14',	0,	0,	0,	0),
(94,	211,	'Page Footer',	0,	0,	0,	0),
(95,	211,	'Main',	0,	0,	0,	0),
(96,	211,	'Sidebar',	0,	0,	0,	0),
(97,	212,	'Page Footer',	0,	0,	0,	0),
(98,	212,	'Main',	0,	0,	0,	0),
(99,	212,	'Sidebar',	0,	0,	0,	0),
(100,	213,	'Page Footer',	0,	0,	0,	0),
(101,	213,	'Main',	0,	0,	0,	0),
(102,	213,	'Sidebar',	0,	0,	0,	0),
(103,	200,	'Main',	0,	0,	0,	0),
(104,	201,	'Main',	0,	0,	0,	0),
(105,	201,	'Main : 38',	0,	0,	0,	104),
(106,	201,	'Main : 39',	0,	0,	0,	104),
(107,	201,	'Main : 40',	0,	0,	0,	104),
(108,	201,	'Main : 41',	0,	0,	0,	104),
(109,	201,	'Main : 42',	0,	0,	0,	104),
(110,	202,	'Main',	0,	0,	0,	0),
(111,	214,	'Main',	0,	0,	0,	0),
(112,	214,	'Main : 43',	0,	0,	0,	111),
(113,	214,	'Main : 44',	0,	0,	0,	111),
(114,	214,	'Main : 45',	0,	0,	0,	111),
(115,	214,	'Main : 46',	0,	0,	0,	111),
(116,	214,	'Main : 47',	0,	0,	0,	111),
(117,	214,	'Main : 48',	0,	0,	0,	111),
(118,	215,	'Main',	0,	0,	0,	0),
(119,	215,	'Main : 49',	0,	0,	0,	118),
(120,	215,	'Main : 50',	0,	0,	0,	118),
(121,	215,	'Main : 51',	0,	0,	0,	118),
(122,	215,	'Main : 52',	0,	0,	0,	118),
(123,	215,	'Main : 53',	0,	0,	0,	118),
(124,	218,	'Main',	0,	0,	0,	0),
(125,	218,	'Page Header',	0,	0,	0,	0),
(126,	218,	'Sidebar',	0,	0,	0,	0),
(127,	219,	'Main',	0,	0,	0,	0),
(128,	219,	'Page Header',	0,	0,	0,	0),
(129,	219,	'Sidebar',	0,	0,	0,	0),
(130,	216,	'Main',	0,	0,	0,	0),
(131,	1,	'Header Site Title',	0,	0,	1,	0),
(132,	1,	'Header Navigation',	0,	0,	1,	0),
(133,	1,	'Header Search',	0,	0,	1,	0),
(134,	1,	'Footer Site Title',	0,	0,	1,	0),
(135,	1,	'Footer Social',	0,	0,	1,	0),
(136,	1,	'Footer Legal',	0,	0,	1,	0),
(137,	1,	'Footer Navigation',	0,	0,	1,	0),
(138,	1,	'Footer Contact',	0,	0,	1,	0),
(139,	175,	'Disclaimer',	0,	0,	0,	0),
(140,	214,	'Page Footer',	0,	0,	0,	0),
(141,	173,	'Main',	0,	0,	0,	0),
(143,	228,	'Main',	0,	0,	0,	0),
(144,	228,	'Page Footer',	0,	0,	0,	0),
(145,	229,	'Main',	0,	0,	0,	0),
(146,	229,	'Page Footer',	0,	0,	0,	0),
(147,	202,	'Page Footer',	0,	0,	0,	0),
(148,	1,	'Service Boxes',	0,	0,	0,	0),
(149,	1,	'Services',	0,	0,	0,	0),
(153,	1,	'Services : 54',	0,	0,	0,	149),
(154,	1,	'Services : 55',	0,	0,	0,	149),
(155,	1,	'Services : 56',	0,	0,	0,	149),
(156,	1,	'Program',	0,	0,	0,	0),
(157,	1,	'Program : 57',	0,	0,	0,	156),
(158,	1,	'Program : 57 : 58',	0,	0,	0,	157),
(159,	1,	'video section',	0,	0,	0,	0),
(160,	1,	'video',	0,	0,	0,	0),
(161,	1,	'Program : 57 : 59',	0,	0,	0,	157),
(162,	1,	'Program : 57 : 60',	0,	0,	0,	157),
(163,	1,	'Program : 57 : 58 : 61',	0,	0,	0,	158),
(164,	1,	'Program : 57 : 58 : 62',	0,	0,	0,	158),
(165,	202,	'Page Footer : 63',	0,	0,	0,	147),
(166,	202,	'Page Footer : 64',	0,	0,	0,	147),
(167,	202,	'Page Footer : 65',	0,	0,	0,	147),
(168,	202,	'Page Footer : 66',	0,	0,	0,	147),
(169,	1,	'countdown',	0,	0,	0,	0),
(170,	1,	'countdown : 67',	0,	0,	0,	169),
(171,	1,	'Message',	0,	0,	0,	0),
(172,	1,	'Message : 68',	0,	0,	0,	171),
(173,	1,	'Message : 69',	0,	0,	0,	171),
(175,	1,	'Message : 68 : 70',	0,	0,	0,	172),
(176,	1,	'expect1',	0,	0,	0,	0),
(177,	1,	'expect2',	0,	0,	0,	0),
(178,	1,	'expect3',	0,	0,	0,	0),
(179,	1,	'expect4',	0,	0,	0,	0),
(182,	1,	'Message : 68 : 71',	0,	0,	0,	172),
(183,	1,	'Message : 68 : 72',	0,	0,	0,	172),
(184,	1,	'expect text area',	0,	0,	0,	0),
(185,	1,	'expect text area : 73',	0,	0,	0,	184),
(186,	1,	'workshop',	0,	0,	0,	0),
(189,	1,	'workshop : 74',	0,	0,	0,	186),
(190,	1,	'workshop : 75',	0,	0,	0,	186),
(191,	1,	'workshop : 76',	0,	0,	0,	186),
(192,	1,	'Scientific',	0,	0,	0,	0),
(193,	1,	'Scientific : 77',	0,	0,	0,	192),
(194,	1,	'Scientific : 78',	0,	0,	0,	192),
(195,	1,	'Scientific : 79',	0,	0,	0,	192),
(196,	1,	'Scientific card 1',	0,	0,	0,	0),
(197,	1,	'Scientific card 2',	0,	0,	0,	0),
(198,	1,	'Scientific card 3',	0,	0,	0,	0),
(199,	1,	'attend section',	0,	0,	0,	0),
(200,	1,	'Regionally',	0,	0,	0,	0),
(201,	1,	'sponsor section',	0,	0,	0,	0),
(202,	1,	'sponsor section : 80',	0,	0,	0,	201),
(203,	201,	'Page Footer',	0,	0,	0,	0),
(204,	196,	'Page Footer',	0,	0,	0,	0),
(205,	214,	'UPCOMING IACAPAP',	0,	0,	0,	0),
(206,	214,	'UPCOMING IACAPAP : 81',	0,	0,	0,	205),
(207,	214,	'UPCOMING IACAPAP : 82',	0,	0,	0,	205),
(208,	214,	'About',	0,	0,	0,	0),
(209,	214,	'About 2',	0,	0,	0,	0),
(210,	214,	'About 2 : 83',	0,	0,	0,	209),
(211,	214,	'About 2 : 84',	0,	0,	0,	209),
(212,	214,	'History',	0,	0,	0,	0),
(213,	214,	'History : 85',	0,	0,	0,	212),
(214,	214,	'bottom-cards-section',	0,	0,	0,	0),
(215,	214,	'bottom-cards-section : 86',	0,	0,	0,	214),
(216,	214,	'bottom-cards-section : 87',	0,	0,	0,	214),
(217,	214,	'OVERSIGHT COMMITTEE',	0,	0,	0,	0),
(218,	214,	'hosted section',	0,	0,	0,	0),
(219,	214,	'About 2 : 84 : 88',	0,	0,	0,	211),
(220,	214,	'About 2 : 84 : 88 : 89',	0,	0,	0,	219),
(221,	230,	'Main',	0,	0,	0,	0),
(222,	230,	'Page Footer',	0,	0,	0,	0),
(223,	230,	'Services',	0,	0,	0,	0),
(224,	230,	'Program',	0,	0,	0,	0),
(225,	230,	'countdown',	0,	0,	0,	0),
(226,	230,	'Message',	0,	0,	0,	0),
(227,	230,	'expect1',	0,	0,	0,	0),
(228,	230,	'expect2',	0,	0,	0,	0),
(229,	230,	'expect3',	0,	0,	0,	0),
(230,	230,	'expect4',	0,	0,	0,	0),
(231,	230,	'expect text area',	0,	0,	0,	0),
(232,	230,	'workshop',	0,	0,	0,	0),
(233,	230,	'Scientific',	0,	0,	0,	0),
(234,	230,	'Scientific card 1',	0,	0,	0,	0),
(235,	230,	'Scientific card 2',	0,	0,	0,	0),
(236,	230,	'Scientific card 3',	0,	0,	0,	0),
(237,	230,	'attend section',	0,	0,	0,	0),
(238,	230,	'Regionally',	0,	0,	0,	0),
(239,	230,	'sponsor section',	0,	0,	0,	0),
(240,	231,	'Main',	0,	0,	0,	0),
(241,	231,	'Page Footer',	0,	0,	0,	0),
(242,	230,	'About Dubai',	0,	0,	0,	0),
(243,	230,	'About Dubai : 90',	0,	0,	0,	242),
(244,	230,	'About Dubai : 91',	0,	0,	0,	242),
(245,	230,	'Tip and full',	0,	0,	0,	0),
(246,	230,	'Tip and full : 92',	0,	0,	0,	245),
(247,	230,	'Tip and full : 93',	0,	0,	0,	245),
(248,	230,	'Tip and full : 94',	0,	0,	0,	245),
(249,	230,	'Tip and full : 95',	0,	0,	0,	245),
(250,	230,	'Tip and full : 96',	0,	0,	0,	245),
(251,	230,	'Tip and full : 97',	0,	0,	0,	245),
(252,	230,	'Tip and full : 98',	0,	0,	0,	245),
(253,	230,	'Tip and full : 99',	0,	0,	0,	245),
(254,	230,	'Tip and full : 100',	0,	0,	0,	245),
(255,	230,	'Visa Section',	0,	0,	0,	0),
(258,	230,	'Visa Section : 101',	0,	0,	0,	255),
(259,	230,	'Visa Section : 102',	0,	0,	0,	255),
(260,	230,	'Visa Section : 103',	0,	0,	0,	255),
(261,	230,	'Visa Section : 104',	0,	0,	0,	255),
(262,	230,	'Visa Section : 105',	0,	0,	0,	255),
(263,	230,	'Visa Section : 106',	0,	0,	0,	255),
(264,	230,	'Visa Section : 107',	0,	0,	0,	255),
(265,	230,	'Visa Section : 108',	0,	0,	0,	255),
(266,	230,	'Exploer dubai',	0,	0,	0,	0),
(267,	230,	'Exploer dubai : 109',	0,	0,	0,	266),
(268,	230,	'Exploer dubai : 110',	0,	0,	0,	266),
(269,	230,	'Exploer dubai : 111',	0,	0,	0,	266),
(270,	230,	'Exploer dubai : 112',	0,	0,	0,	266),
(275,	230,	'Exploer dubai : 113',	0,	0,	0,	266),
(276,	230,	'Exploer dubai : 114',	0,	0,	0,	266),
(277,	230,	'Exploer dubai : 115',	0,	0,	0,	266),
(278,	230,	'Exploer dubai : 116',	0,	0,	0,	266),
(279,	230,	'Exploer dubai : 117',	0,	0,	0,	266),
(282,	230,	'Exploer dubai : 118',	0,	0,	0,	266),
(283,	230,	'Exploer dubai : 119',	0,	0,	0,	266),
(284,	230,	'Exploer dubai : 120',	0,	0,	0,	266),
(285,	230,	'Exploer dubai : 121',	0,	0,	0,	266),
(286,	231,	'Contact us main',	0,	0,	0,	0),
(287,	231,	'Contact us main : 122',	0,	0,	0,	286),
(288,	231,	'Contact us main : 123',	0,	0,	0,	286),
(289,	231,	'Form Section',	0,	0,	0,	0),
(290,	231,	'Form address',	0,	0,	0,	0),
(291,	1,	'Scientific heading',	0,	0,	0,	0);

DROP TABLE IF EXISTS `atAddress`;
CREATE TABLE `atAddress` (
  `address1` varchar(255) COLLATE utf8mb4_unicode_ci DEFAULT NULL,
  `address2` varchar(255) COLLATE utf8mb4_unicode_ci DEFAULT NULL,
  `address3` varchar(255) COLLATE utf8mb4_unicode_ci DEFAULT NULL,
  `city` varchar(255) COLLATE utf8mb4_unicode_ci DEFAULT NULL,
  `state_province` varchar(255) COLLATE utf8mb4_unicode_ci DEFAULT NULL,
  `country` varchar(255) COLLATE utf8mb4_unicode_ci DEFAULT NULL,
  `postal_code` varchar(255) COLLATE utf8mb4_unicode_ci DEFAULT NULL,
  `avID` int(10) unsigned NOT NULL,
  PRIMARY KEY (`avID`),
  CONSTRAINT `FK_DA949740A2A82A5D` FOREIGN KEY (`avID`) REFERENCES `AttributeValues` (`avID`) ON DELETE CASCADE
) ENGINE=InnoDB DEFAULT CHARSET=utf8mb4 COLLATE=utf8mb4_unicode_ci;


DROP TABLE IF EXISTS `atAddressSettings`;
CREATE TABLE `atAddressSettings` (
  `akDefaultCountry` varchar(255) COLLATE utf8mb4_unicode_ci DEFAULT NULL,
  `akHasCustomCountries` tinyint(1) NOT NULL,
  `customCountries` longtext COLLATE utf8mb4_unicode_ci NOT NULL COMMENT '(DC2Type:json_array)',
  `akGeolocateCountry` tinyint(1) NOT NULL,
  `akID` int(10) unsigned NOT NULL,
  PRIMARY KEY (`akID`),
  CONSTRAINT `FK_5A737B61B6561A7E` FOREIGN KEY (`akID`) REFERENCES `AttributeKeys` (`akID`)
) ENGINE=InnoDB DEFAULT CHARSET=utf8mb4 COLLATE=utf8mb4_unicode_ci;


DROP TABLE IF EXISTS `atBoolean`;
CREATE TABLE `atBoolean` (
  `value` tinyint(1) NOT NULL,
  `avID` int(10) unsigned NOT NULL,
  PRIMARY KEY (`avID`),
  CONSTRAINT `FK_5D5F70A9A2A82A5D` FOREIGN KEY (`avID`) REFERENCES `AttributeValues` (`avID`) ON DELETE CASCADE
) ENGINE=InnoDB DEFAULT CHARSET=utf8mb4 COLLATE=utf8mb4_unicode_ci;

INSERT INTO `atBoolean` (`value`, `avID`) VALUES
(1,	9),
(1,	17),
(1,	19),
(1,	25),
(1,	26),
(1,	32),
(1,	33),
(1,	34),
(1,	35),
(1,	36),
(1,	37),
(1,	38),
(1,	39),
(1,	43),
(1,	44),
(1,	45),
(1,	46),
(1,	49),
(1,	50),
(1,	67),
(1,	70),
(1,	71),
(1,	73),
(1,	74),
(1,	75),
(1,	76),
(1,	77),
(1,	78),
(1,	79),
(1,	80),
(1,	81),
(1,	82),
(1,	92),
(1,	103),
(1,	104),
(1,	130),
(1,	140),
(1,	141),
(1,	143),
(0,	144),
(1,	147),
(1,	151),
(1,	152),
(1,	185),
(1,	186),
(1,	187),
(1,	198),
(1,	204),
(1,	220),
(0,	225),
(1,	235),
(0,	237),
(1,	238),
(0,	243),
(0,	250);

DROP TABLE IF EXISTS `atBooleanSettings`;
CREATE TABLE `atBooleanSettings` (
  `akCheckedByDefault` tinyint(1) NOT NULL,
  `checkboxLabel` varchar(255) COLLATE utf8mb4_unicode_ci DEFAULT NULL,
  `akID` int(10) unsigned NOT NULL,
  PRIMARY KEY (`akID`),
  CONSTRAINT `FK_78025F47B6561A7E` FOREIGN KEY (`akID`) REFERENCES `AttributeKeys` (`akID`)
) ENGINE=InnoDB DEFAULT CHARSET=utf8mb4 COLLATE=utf8mb4_unicode_ci;

INSERT INTO `atBooleanSettings` (`akCheckedByDefault`, `checkboxLabel`, `akID`) VALUES
(0,	NULL,	5),
(0,	'Exclude Page from Navigation',	7),
(0,	'Exclude Page from Page List Blocks',	8),
(0,	'Feature this Page',	11),
(0,	NULL,	12),
(0,	NULL,	13),
(1,	NULL,	14),
(1,	NULL,	15),
(1,	NULL,	22);

DROP TABLE IF EXISTS `atDateTime`;
CREATE TABLE `atDateTime` (
  `value` datetime DEFAULT NULL,
  `avID` int(10) unsigned NOT NULL,
  PRIMARY KEY (`avID`),
  CONSTRAINT `FK_DF75412AA2A82A5D` FOREIGN KEY (`avID`) REFERENCES `AttributeValues` (`avID`) ON DELETE CASCADE
) ENGINE=InnoDB DEFAULT CHARSET=utf8mb4 COLLATE=utf8mb4_unicode_ci;


DROP TABLE IF EXISTS `atDateTimeSettings`;
CREATE TABLE `atDateTimeSettings` (
  `akUseNowIfEmpty` tinyint(1) NOT NULL DEFAULT '0',
  `akDateDisplayMode` varchar(255) COLLATE utf8mb4_unicode_ci NOT NULL,
  `akTextCustomFormat` longtext COLLATE utf8mb4_unicode_ci NOT NULL COMMENT 'Custom format for text inputs',
  `akTimeResolution` int(10) unsigned NOT NULL DEFAULT '60' COMMENT 'Time resolution (in seconds)',
  `akID` int(10) unsigned NOT NULL,
  PRIMARY KEY (`akID`),
  CONSTRAINT `FK_C6B3B63AB6561A7E` FOREIGN KEY (`akID`) REFERENCES `AttributeKeys` (`akID`)
) ENGINE=InnoDB DEFAULT CHARSET=utf8mb4 COLLATE=utf8mb4_unicode_ci;


DROP TABLE IF EXISTS `atDefault`;
CREATE TABLE `atDefault` (
  `value` longtext COLLATE utf8mb4_unicode_ci,
  `avID` int(10) unsigned NOT NULL,
  PRIMARY KEY (`avID`),
  CONSTRAINT `FK_3484F81EA2A82A5D` FOREIGN KEY (`avID`) REFERENCES `AttributeValues` (`avID`) ON DELETE CASCADE
) ENGINE=InnoDB DEFAULT CHARSET=utf8mb4 COLLATE=utf8mb4_unicode_ci;

INSERT INTO `atDefault` (`value`, `avID`) VALUES
('fa fa-th-large',	1),
('pages, add page, delete page, copy, move, alias',	2),
('pages, add page, delete page, copy, move, alias',	3),
('pages, add page, delete page, copy, move, alias, bulk',	4),
('find page, search page, search, find, pages, sitemap',	5),
('add file, delete file, copy, move, alias, resize, crop, rename, images, title, attribute',	6),
('file, file attributes, title, attribute, description, rename',	7),
('files, category, categories',	8),
('new file set',	10),
('users, groups, people, find, delete user, remove user, change password, password',	11),
('find, search, people, delete user, remove user, change password, password',	12),
('user, group, people, permissions, expire, badges',	13),
('user, group, people, messages',	14),
('user attributes, user data, gather data, registration data',	15),
('new user, create',	16),
('new user group, new group, group, create',	18),
('group set',	20),
('community, points, karma',	21),
('action, community actions',	22),
('forms, log, error, email, mysql, exception, survey',	23),
('forms, questions, response, data',	24),
('questions, quiz, response',	27),
('forms, log, error, email, mysql, exception, survey, history',	28),
('changes, csv, report',	29),
('new theme, theme, active theme, change theme, template, css',	30),
('page types',	31),
('page attributes, custom',	40),
('single, page, custom, application',	41),
('atom, rss, feed, syndication',	42),
('icon-bullhorn',	47),
('stacks, global areas, reusable content, scrapbook, copy, paste, paste block, copy block, site name, logo',	48),
('edit stacks, view stacks, all stacks',	51),
('block, refresh, custom',	52),
('add-on, addon, add on, package, app, ecommerce, discussions, forums, themes, templates, blocks',	53),
('add-on, addon, ecommerce, install, discussions, forums, themes, templates, blocks',	54),
('update, upgrade',	55),
('concretecms.org, my account, marketplace',	56),
('buy theme, new theme, marketplace, template',	57),
('buy addon, buy add on, buy add-on, purchase addon, purchase add on, purchase add-on, find addon, new addon, marketplace',	58),
('dashboard, configuration',	59),
('website name, title',	60),
('accessibility, easy mode',	61),
('sharing, facebook, twitter',	62),
('logo, favicon, iphone, icon, bookmark',	63),
('tinymce, content block, fonts, editor, content, overlay',	64),
('translate, translation, internationalization, multilingual',	65),
('languages, update, gettext, translation, translate',	66),
('timezone, profile, locale',	68),
('site attributes',	69),
('checkin, check-in, check, force',	72),
('multilingual, localization, internationalization, i18n',	83),
('vanity, pretty url, redirection, hostname, canonical, seo, pageview, view',	84),
('bulk, seo, change keywords, engine, optimization, search',	85),
('traffic, statistics, google analytics, quant, pageviews, hits',	86),
('pretty, slug',	87),
('configure search, site search, search option',	88),
('security, files, media, extension, manager, upload',	89),
('file options, file manager, upload, modify',	90),
('images, picture, responsive, retina',	91),
('thumbnail, format, png, jpg, jpeg, quality, compression, gd, imagick, imagemagick, transparency',	93),
('uploading, upload, images, image, resizing, manager, exif, rotation, rotate, quality, compression, png, jpg, jpeg',	94),
('security, alternate storage, hide files',	95),
('files, export, csv, bom, encoding',	96),
('cache option, change cache, override, turn on cache, turn off cache, no cache, page cache, caching',	97),
('cache option, turn off cache, no cache, page cache, caching',	98),
('index search, reindex search, build sitemap, sitemap.xml, clear old versions, page versions, remove old',	99),
('editors, hide site, offline, private, public, access',	100),
('security, actions, administrator, admin, package, marketplace, search',	101),
('security, lock ip, lock out, block ip, address, restrict, access',	102),
('security, registration',	105),
('antispam, block spam, security',	106),
('lock site, under construction, hide, hidden',	107),
('trusted, proxy, proxies, ip, header, cloudflare',	108),
('signup, new user, community, public registration, public, registration',	109),
('profile, login, redirect, specific, dashboard, administrators',	110),
('member profile, member page, community, forums, social, avatar',	111),
('auth, authentication, types, oauth, facebook, login, registration',	112),
('global, password, reset, change password, force, sign out',	113),
('login, logout, user, agent, ip, change, security, session, invalidation, invalid',	114),
('password, requirements, code, key, login, registration, security, nist',	115),
('session, options',	116),
('smtp, mail settings',	117),
('email server, mail settings, mail configuration, external, internal',	118),
('test smtp, test mail',	119),
('email server, mail settings, mail configuration, private message, message system, import, email, message',	120),
('mail settings, mail configuration, email, sender',	121),
('conversations',	122),
('conversations',	123),
('conversations ratings, ratings, community, community points',	124),
('conversations bad words, banned words, banned, bad words, bad, words, list',	125),
('attribute configuration',	126),
('attributes, types',	127),
('attributes, sets',	128),
('topics, tags, taxonomy',	129),
('overrides, system info, debug, support, help',	131),
('errors, exceptions, develop, support, help',	132),
('email, logging, logs, smtp, pop, errors, mysql, log',	133),
('network, proxy server',	134),
('database, entities, doctrine, orm',	135),
('database, character set, charset, collation, utf8',	136),
('geolocation, ip, address, country, nation, place, locate',	137),
('upgrade, new version, update',	138),
('API, programming, public, app',	139),
('fa fa-th',	145),
('fa fa-trash-o',	146),
('fa fa-briefcase',	148),
('fa fa-edit',	149),
('Test Client',	190),
('Test Client',	195),
('Test Client 2',	201),
('Test Client 2',	207),
('Test Client 2',	212),
('Test Client 2',	217),
('',	221),
('',	222),
('',	223),
('',	224),
('',	232),
('',	233),
('',	234),
('',	236),
('',	239),
('',	240),
('',	241),
('',	242),
('\n                        Lorem ipsum dolor sit amet, consectetur adipiscing elit. Nulla massa lacus, vehicula eu interdum convallis, laoreet id lectus. Nunc turpis elit, aliquam sit amet aliquam tincidunt, dapibus vel tellus. ',	245),
('',	246),
('',	247),
('',	248),
('',	249),
('\n                        Lorem ipsum dolor sit amet, consectetur adipiscing elit. Nulla massa lacus, vehicula eu interdum convallis, laoreet id lectus. Nunc turpis elit, aliquam sit amet aliquam tincidunt, dapibus vel tellus. ',	252);

DROP TABLE IF EXISTS `atEmptySettings`;
CREATE TABLE `atEmptySettings` (
  `akID` int(10) unsigned NOT NULL,
  PRIMARY KEY (`akID`),
  CONSTRAINT `FK_ED1BF189B6561A7E` FOREIGN KEY (`akID`) REFERENCES `AttributeKeys` (`akID`)
) ENGINE=InnoDB DEFAULT CHARSET=utf8mb4 COLLATE=utf8mb4_unicode_ci;

INSERT INTO `atEmptySettings` (`akID`) VALUES
(4),
(16),
(17),
(18),
(19);

DROP TABLE IF EXISTS `atExpress`;
CREATE TABLE `atExpress` (
  `avID` int(10) unsigned NOT NULL,
  PRIMARY KEY (`avID`),
  CONSTRAINT `FK_CFAF40F1A2A82A5D` FOREIGN KEY (`avID`) REFERENCES `AttributeValues` (`avID`) ON DELETE CASCADE
) ENGINE=InnoDB DEFAULT CHARSET=utf8mb4 COLLATE=utf8mb4_unicode_ci;


DROP TABLE IF EXISTS `atExpressSelectedEntries`;
CREATE TABLE `atExpressSelectedEntries` (
  `avID` int(10) unsigned NOT NULL,
  `exEntryID` int(11) NOT NULL,
  PRIMARY KEY (`avID`,`exEntryID`),
  KEY `IDX_C9D404BBA2A82A5D` (`avID`),
  KEY `IDX_C9D404BB6DCB6296` (`exEntryID`),
  CONSTRAINT `FK_C9D404BB6DCB6296` FOREIGN KEY (`exEntryID`) REFERENCES `ExpressEntityEntries` (`exEntryID`),
  CONSTRAINT `FK_C9D404BBA2A82A5D` FOREIGN KEY (`avID`) REFERENCES `atExpress` (`avID`)
) ENGINE=InnoDB DEFAULT CHARSET=utf8mb4 COLLATE=utf8mb4_unicode_ci;


DROP TABLE IF EXISTS `atExpressSettings`;
CREATE TABLE `atExpressSettings` (
  `exEntityID` char(36) COLLATE utf8mb4_unicode_ci DEFAULT NULL COMMENT '(DC2Type:guid)',
  `akID` int(10) unsigned NOT NULL,
  PRIMARY KEY (`akID`),
  KEY `IDX_E8F67F0FCE2D7284` (`exEntityID`),
  CONSTRAINT `FK_E8F67F0FB6561A7E` FOREIGN KEY (`akID`) REFERENCES `AttributeKeys` (`akID`),
  CONSTRAINT `FK_E8F67F0FCE2D7284` FOREIGN KEY (`exEntityID`) REFERENCES `ExpressEntities` (`id`)
) ENGINE=InnoDB DEFAULT CHARSET=utf8mb4 COLLATE=utf8mb4_unicode_ci;


DROP TABLE IF EXISTS `atFile`;
CREATE TABLE `atFile` (
  `fID` int(10) unsigned DEFAULT NULL,
  `avID` int(10) unsigned NOT NULL,
  PRIMARY KEY (`avID`),
  KEY `IDX_73D17D61E3111F45` (`fID`),
  CONSTRAINT `FK_73D17D61A2A82A5D` FOREIGN KEY (`avID`) REFERENCES `AttributeValues` (`avID`) ON DELETE CASCADE,
  CONSTRAINT `FK_73D17D61E3111F45` FOREIGN KEY (`fID`) REFERENCES `Files` (`fID`) ON DELETE CASCADE
) ENGINE=InnoDB DEFAULT CHARSET=utf8mb4 COLLATE=utf8mb4_unicode_ci;

INSERT INTO `atFile` (`fID`, `avID`) VALUES
(1,	230),
(3,	226),
(7,	188),
(8,	228),
(9,	193),
(11,	215),
(12,	210),
(15,	205),
(16,	199);

DROP TABLE IF EXISTS `atFileSettings`;
CREATE TABLE `atFileSettings` (
  `akFileManagerMode` int(11) NOT NULL,
  `akID` int(10) unsigned NOT NULL,
  PRIMARY KEY (`akID`),
  CONSTRAINT `FK_EADD86C8B6561A7E` FOREIGN KEY (`akID`) REFERENCES `AttributeKeys` (`akID`)
) ENGINE=InnoDB DEFAULT CHARSET=utf8mb4 COLLATE=utf8mb4_unicode_ci;

INSERT INTO `atFileSettings` (`akFileManagerMode`, `akID`) VALUES
(0,	23);

DROP TABLE IF EXISTS `atNumber`;
CREATE TABLE `atNumber` (
  `value` decimal(14,4) DEFAULT NULL,
  `avID` int(10) unsigned NOT NULL,
  PRIMARY KEY (`avID`),
  CONSTRAINT `FK_41BA30B5A2A82A5D` FOREIGN KEY (`avID`) REFERENCES `AttributeValues` (`avID`) ON DELETE CASCADE
) ENGINE=InnoDB DEFAULT CHARSET=utf8mb4 COLLATE=utf8mb4_unicode_ci;

INSERT INTO `atNumber` (`value`, `avID`) VALUES
(2.0000,	142),
(1.0000,	150),
(1600.0000,	153),
(1066.0000,	154),
(200.0000,	155),
(200.0000,	156),
(500.0000,	157),
(500.0000,	158),
(460.0000,	159),
(460.0000,	160),
(592.0000,	161),
(397.0000,	162),
(250.0000,	163),
(252.0000,	164),
(1600.0000,	165),
(1067.0000,	166),
(200.0000,	167),
(200.0000,	168),
(1499.0000,	169),
(1067.0000,	170),
(1100.0000,	171),
(263.0000,	172),
(1600.0000,	173),
(1067.0000,	174),
(1600.0000,	175),
(1067.0000,	176),
(1100.0000,	177),
(368.0000,	178),
(1100.0000,	179),
(368.0000,	180),
(1600.0000,	181),
(1067.0000,	182),
(1600.0000,	183),
(953.0000,	184),
(23.0000,	253),
(49.0000,	254),
(63.0000,	255),
(46.0000,	256),
(23.0000,	257),
(49.0000,	258),
(25.0000,	259),
(54.0000,	260),
(59.0000,	261),
(68.0000,	262),
(66.0000,	263),
(67.0000,	264),
(68.0000,	265),
(60.0000,	266),
(66.0000,	267),
(42.0000,	268),
(42.0000,	269),
(42.0000,	270),
(37.0000,	271),
(37.0000,	272),
(33.0000,	273),
(39.0000,	274),
(1077.0000,	275),
(957.0000,	276),
(706.0000,	277),
(953.0000,	278),
(548.0000,	279),
(494.0000,	280),
(1440.0000,	281),
(751.0000,	282),
(1440.0000,	283),
(665.0000,	284),
(1440.0000,	285),
(312.0000,	286),
(820.0000,	287),
(815.0000,	288),
(820.0000,	289),
(815.0000,	290),
(706.0000,	291),
(953.0000,	292),
(371.0000,	293),
(280.0000,	294),
(548.0000,	295),
(494.0000,	296),
(23.0000,	297),
(49.0000,	298),
(866.0000,	299),
(402.0000,	300),
(1151.0000,	301),
(122.0000,	302),
(513.0000,	303),
(529.0000,	304),
(499.0000,	305),
(498.0000,	306),
(371.0000,	307),
(253.0000,	308),
(73.0000,	309),
(698.0000,	310),
(657.0000,	311),
(200.0000,	312),
(513.0000,	313),
(529.0000,	314),
(96.0000,	315),
(103.0000,	316),
(243.0000,	317),
(67.0000,	318),
(371.0000,	319),
(253.0000,	320),
(1440.0000,	321),
(654.0000,	322),
(1440.0000,	323),
(420.0000,	324),
(371.0000,	325),
(253.0000,	326),
(369.0000,	327),
(330.0000,	328),
(369.0000,	329),
(330.0000,	330),
(367.0000,	331),
(330.0000,	332),
(1397.0000,	333),
(158.0000,	334),
(271.0000,	335),
(285.0000,	336),
(271.0000,	337),
(285.0000,	338),
(271.0000,	339),
(285.0000,	340),
(272.0000,	341),
(285.0000,	342),
(297.0000,	343),
(330.0000,	344),
(297.0000,	345),
(329.0000,	346),
(395.0000,	347),
(815.0000,	348),
(762.0000,	349),
(647.0000,	350),
(674.0000,	351),
(682.0000,	352),
(625.0000,	353),
(625.0000,	354),
(3840.0000,	355),
(2400.0000,	356),
(574.0000,	357),
(306.0000,	358),
(571.0000,	359),
(410.0000,	360),
(571.0000,	361),
(410.0000,	362),
(269.0000,	363),
(270.0000,	364),
(18.0000,	365),
(13.0000,	366),
(1127.0000,	367),
(751.0000,	368),
(1440.0000,	369),
(699.0000,	370),
(551.0000,	371),
(473.0000,	372),
(57.0000,	373),
(43.0000,	374),
(58.0000,	375),
(47.0000,	376),
(269.0000,	377),
(270.0000,	378),
(269.0000,	379),
(270.0000,	380),
(269.0000,	381),
(270.0000,	382),
(269.0000,	383),
(270.0000,	384),
(47.0000,	385),
(43.0000,	386),
(1440.0000,	387),
(1235.0000,	388),
(12.0000,	389),
(27.0000,	390),
(12.0000,	391),
(27.0000,	392),
(250.0000,	393),
(95.0000,	394),
(23.0000,	395),
(24.0000,	396),
(23.0000,	397),
(24.0000,	398),
(269.0000,	399),
(270.0000,	400),
(269.0000,	401),
(270.0000,	402),
(14.0000,	403),
(20.0000,	404),
(269.0000,	405),
(270.0000,	406),
(18.0000,	407),
(15.0000,	408),
(269.0000,	409),
(270.0000,	410),
(60.0000,	411),
(50.0000,	412),
(558.0000,	413),
(484.0000,	414),
(579.0000,	415),
(586.0000,	416),
(269.0000,	417),
(270.0000,	418),
(15.0000,	419),
(15.0000,	420),
(43.0000,	421),
(57.0000,	422),
(26.0000,	423),
(21.0000,	424),
(26.0000,	425),
(21.0000,	426),
(249.0000,	427),
(94.0000,	428),
(53.0000,	429),
(44.0000,	430),
(250.0000,	431),
(95.0000,	432),
(26.0000,	433),
(19.0000,	434),
(26.0000,	435),
(19.0000,	436);

DROP TABLE IF EXISTS `atSelect`;
CREATE TABLE `atSelect` (
  `avID` int(10) unsigned NOT NULL,
  PRIMARY KEY (`avID`),
  CONSTRAINT `FK_9CD8C521A2A82A5D` FOREIGN KEY (`avID`) REFERENCES `AttributeValues` (`avID`) ON DELETE CASCADE
) ENGINE=InnoDB DEFAULT CHARSET=utf8mb4 COLLATE=utf8mb4_unicode_ci;

INSERT INTO `atSelect` (`avID`) VALUES
(191),
(192),
(196),
(197),
(202),
(203),
(208),
(209),
(213),
(214),
(218),
(219),
(244),
(251);

DROP TABLE IF EXISTS `atSelectedSocialLinks`;
CREATE TABLE `atSelectedSocialLinks` (
  `avsID` int(10) unsigned NOT NULL AUTO_INCREMENT,
  `service` varchar(255) COLLATE utf8mb4_unicode_ci NOT NULL,
  `serviceInfo` varchar(255) COLLATE utf8mb4_unicode_ci DEFAULT NULL,
  `avID` int(10) unsigned DEFAULT NULL,
  PRIMARY KEY (`avsID`),
  KEY `IDX_10743709A2A82A5D` (`avID`),
  CONSTRAINT `FK_10743709A2A82A5D` FOREIGN KEY (`avID`) REFERENCES `atSocialLinks` (`avID`)
) ENGINE=InnoDB DEFAULT CHARSET=utf8mb4 COLLATE=utf8mb4_unicode_ci;


DROP TABLE IF EXISTS `atSelectedTopics`;
CREATE TABLE `atSelectedTopics` (
  `avTreeTopicNodeID` int(10) unsigned NOT NULL AUTO_INCREMENT,
  `treeNodeID` int(10) unsigned NOT NULL,
  `avID` int(10) unsigned DEFAULT NULL,
  PRIMARY KEY (`avTreeTopicNodeID`),
  KEY `IDX_E42A7D5BA2A82A5D` (`avID`),
  CONSTRAINT `FK_E42A7D5BA2A82A5D` FOREIGN KEY (`avID`) REFERENCES `atTopic` (`avID`)
) ENGINE=InnoDB DEFAULT CHARSET=utf8mb4 COLLATE=utf8mb4_unicode_ci;

INSERT INTO `atSelectedTopics` (`avTreeTopicNodeID`, `treeNodeID`, `avID`) VALUES
(1,	35,	189),
(2,	37,	194),
(3,	35,	200),
(4,	35,	206),
(5,	35,	211),
(6,	35,	216),
(7,	30,	227),
(8,	32,	229),
(9,	30,	231);

DROP TABLE IF EXISTS `atSelectOptionLists`;
CREATE TABLE `atSelectOptionLists` (
  `avSelectOptionListID` int(10) unsigned NOT NULL AUTO_INCREMENT,
  PRIMARY KEY (`avSelectOptionListID`)
) ENGINE=InnoDB DEFAULT CHARSET=utf8mb4 COLLATE=utf8mb4_unicode_ci;

INSERT INTO `atSelectOptionLists` (`avSelectOptionListID`) VALUES
(1),
(2),
(3),
(4),
(5);

DROP TABLE IF EXISTS `atSelectOptions`;
CREATE TABLE `atSelectOptions` (
  `avSelectOptionID` int(10) unsigned NOT NULL AUTO_INCREMENT,
  `isEndUserAdded` tinyint(1) NOT NULL,
  `isDeleted` tinyint(1) NOT NULL DEFAULT '0',
  `displayOrder` int(11) NOT NULL,
  `value` varchar(255) COLLATE utf8mb4_unicode_ci NOT NULL,
  `avSelectOptionListID` int(10) unsigned DEFAULT NULL,
  PRIMARY KEY (`avSelectOptionID`),
  KEY `IDX_797414B0CB59257C` (`avSelectOptionListID`),
  CONSTRAINT `FK_797414B0CB59257C` FOREIGN KEY (`avSelectOptionListID`) REFERENCES `atSelectOptionLists` (`avSelectOptionListID`)
) ENGINE=InnoDB DEFAULT CHARSET=utf8mb4 COLLATE=utf8mb4_unicode_ci;

INSERT INTO `atSelectOptions` (`avSelectOptionID`, `isEndUserAdded`, `isDeleted`, `displayOrder`, `value`, `avSelectOptionListID`) VALUES
(1,	1,	0,	0,	'Finance',	2),
(2,	1,	0,	1,	'Marketing and Sales',	2),
(3,	1,	0,	2,	'Human Resources',	2),
(4,	1,	0,	3,	'Technical and Operations',	2),
(5,	1,	0,	4,	'Management',	2),
(6,	1,	0,	0,	'Architecture',	3),
(7,	1,	0,	1,	'Multimedia',	3),
(8,	1,	0,	2,	'Design',	3),
(9,	1,	0,	3,	'Production',	3),
(10,	1,	0,	4,	'Development',	3),
(11,	1,	0,	5,	'Quality Assurance',	3),
(12,	1,	0,	0,	'HTML',	4),
(13,	1,	0,	1,	'JavaScript',	4),
(14,	1,	0,	2,	'PHP',	4),
(15,	1,	0,	3,	'Database',	4),
(16,	1,	0,	4,	'CSS',	4),
(17,	1,	0,	5,	'Ruby',	4),
(18,	1,	0,	6,	'Java',	4),
(19,	1,	0,	7,	'iOS/Android/App Development',	4),
(20,	1,	0,	8,	'Photoshop',	4),
(21,	1,	0,	9,	'Python',	4),
(22,	1,	0,	10,	'Writing',	4),
(23,	1,	0,	0,	'I love your work',	5),
(24,	1,	0,	1,	'Great website',	5),
(25,	1,	0,	2,	'Check out this cool thing I found',	5),
(26,	1,	0,	3,	'Other',	5);

DROP TABLE IF EXISTS `atSelectOptionsSelected`;
CREATE TABLE `atSelectOptionsSelected` (
  `avID` int(10) unsigned NOT NULL,
  `avSelectOptionID` int(10) unsigned NOT NULL,
  PRIMARY KEY (`avID`,`avSelectOptionID`),
  KEY `IDX_40C97EC3A2A82A5D` (`avID`),
  KEY `IDX_40C97EC3E584C274` (`avSelectOptionID`),
  CONSTRAINT `FK_40C97EC3A2A82A5D` FOREIGN KEY (`avID`) REFERENCES `atSelect` (`avID`),
  CONSTRAINT `FK_40C97EC3E584C274` FOREIGN KEY (`avSelectOptionID`) REFERENCES `atSelectOptions` (`avSelectOptionID`)
) ENGINE=InnoDB DEFAULT CHARSET=utf8mb4 COLLATE=utf8mb4_unicode_ci;

INSERT INTO `atSelectOptionsSelected` (`avID`, `avSelectOptionID`) VALUES
(191,	6),
(191,	8),
(191,	9),
(192,	12),
(192,	13),
(192,	14),
(196,	6),
(197,	14),
(202,	7),
(202,	9),
(202,	10),
(203,	12),
(203,	13),
(203,	14),
(203,	16),
(208,	8),
(209,	20),
(213,	8),
(214,	20),
(218,	8),
(219,	20),
(244,	4),
(251,	2);

DROP TABLE IF EXISTS `atSelectSettings`;
CREATE TABLE `atSelectSettings` (
  `akSelectAllowMultipleValues` tinyint(1) NOT NULL,
  `akSelectAllowOtherValues` tinyint(1) NOT NULL,
  `akHideNoneOption` tinyint(1) NOT NULL,
  `akSelectOptionDisplayOrder` varchar(255) COLLATE utf8mb4_unicode_ci NOT NULL,
  `akDisplayMultipleValuesOnSelect` tinyint(1) NOT NULL,
  `avSelectOptionListID` int(10) unsigned DEFAULT NULL,
  `akID` int(10) unsigned NOT NULL,
  PRIMARY KEY (`akID`),
  UNIQUE KEY `UNIQ_5D514424CB59257C` (`avSelectOptionListID`),
  CONSTRAINT `FK_5D514424B6561A7E` FOREIGN KEY (`akID`) REFERENCES `AttributeKeys` (`akID`),
  CONSTRAINT `FK_5D514424CB59257C` FOREIGN KEY (`avSelectOptionListID`) REFERENCES `atSelectOptionLists` (`avSelectOptionListID`)
) ENGINE=InnoDB DEFAULT CHARSET=utf8mb4 COLLATE=utf8mb4_unicode_ci;

INSERT INTO `atSelectSettings` (`akSelectAllowMultipleValues`, `akSelectAllowOtherValues`, `akHideNoneOption`, `akSelectOptionDisplayOrder`, `akDisplayMultipleValuesOnSelect`, `avSelectOptionListID`, `akID`) VALUES
(1,	1,	0,	'display_asc',	0,	1,	10),
(0,	0,	0,	'display_asc',	0,	2,	20),
(1,	0,	0,	'display_asc',	0,	3,	28),
(1,	0,	0,	'display_asc',	0,	4,	29),
(0,	0,	0,	'display_asc',	1,	5,	33);

DROP TABLE IF EXISTS `atSite`;
CREATE TABLE `atSite` (
  `siteID` int(10) unsigned DEFAULT NULL,
  `avID` int(10) unsigned NOT NULL,
  PRIMARY KEY (`avID`),
  KEY `IDX_960D4295521D8435` (`siteID`),
  CONSTRAINT `FK_960D4295521D8435` FOREIGN KEY (`siteID`) REFERENCES `Sites` (`siteID`),
  CONSTRAINT `FK_960D4295A2A82A5D` FOREIGN KEY (`avID`) REFERENCES `AttributeValues` (`avID`) ON DELETE CASCADE
) ENGINE=InnoDB DEFAULT CHARSET=utf8mb4 COLLATE=utf8mb4_unicode_ci;


DROP TABLE IF EXISTS `atSocialLinks`;
CREATE TABLE `atSocialLinks` (
  `avID` int(10) unsigned NOT NULL,
  PRIMARY KEY (`avID`),
  CONSTRAINT `FK_1431EC8AA2A82A5D` FOREIGN KEY (`avID`) REFERENCES `AttributeValues` (`avID`) ON DELETE CASCADE
) ENGINE=InnoDB DEFAULT CHARSET=utf8mb4 COLLATE=utf8mb4_unicode_ci;


DROP TABLE IF EXISTS `atTextareaSettings`;
CREATE TABLE `atTextareaSettings` (
  `akTextareaDisplayMode` varchar(255) COLLATE utf8mb4_unicode_ci DEFAULT NULL,
  `akID` int(10) unsigned NOT NULL,
  PRIMARY KEY (`akID`),
  CONSTRAINT `FK_A6EA10D6B6561A7E` FOREIGN KEY (`akID`) REFERENCES `AttributeKeys` (`akID`)
) ENGINE=InnoDB DEFAULT CHARSET=utf8mb4 COLLATE=utf8mb4_unicode_ci;

INSERT INTO `atTextareaSettings` (`akTextareaDisplayMode`, `akID`) VALUES
('',	2),
('',	3),
('',	6),
('',	9),
('text',	21),
('text',	34);

DROP TABLE IF EXISTS `atTextSettings`;
CREATE TABLE `atTextSettings` (
  `akTextPlaceholder` varchar(255) COLLATE utf8mb4_unicode_ci DEFAULT NULL,
  `akID` int(10) unsigned NOT NULL,
  PRIMARY KEY (`akID`),
  CONSTRAINT `FK_951A10CCB6561A7E` FOREIGN KEY (`akID`) REFERENCES `AttributeKeys` (`akID`)
) ENGINE=InnoDB DEFAULT CHARSET=utf8mb4 COLLATE=utf8mb4_unicode_ci;

INSERT INTO `atTextSettings` (`akTextPlaceholder`, `akID`) VALUES
('',	1),
('',	27),
('',	30),
('',	31),
('',	32);

DROP TABLE IF EXISTS `atTopic`;
CREATE TABLE `atTopic` (
  `avID` int(10) unsigned NOT NULL,
  PRIMARY KEY (`avID`),
  CONSTRAINT `FK_BABDD1FAA2A82A5D` FOREIGN KEY (`avID`) REFERENCES `AttributeValues` (`avID`) ON DELETE CASCADE
) ENGINE=InnoDB DEFAULT CHARSET=utf8mb4 COLLATE=utf8mb4_unicode_ci;

INSERT INTO `atTopic` (`avID`) VALUES
(189),
(194),
(200),
(206),
(211),
(216),
(227),
(229),
(231);

DROP TABLE IF EXISTS `atTopicSettings`;
CREATE TABLE `atTopicSettings` (
  `akTopicParentNodeID` int(11) NOT NULL,
  `akTopicTreeID` int(11) NOT NULL,
  `akTopicAllowMultipleValues` tinyint(1) NOT NULL DEFAULT '1',
  `akID` int(10) unsigned NOT NULL,
  PRIMARY KEY (`akID`),
  CONSTRAINT `FK_830FD2FEB6561A7E` FOREIGN KEY (`akID`) REFERENCES `AttributeKeys` (`akID`)
) ENGINE=InnoDB DEFAULT CHARSET=utf8mb4 COLLATE=utf8mb4_unicode_ci;

INSERT INTO `atTopicSettings` (`akTopicParentNodeID`, `akTopicTreeID`, `akTopicAllowMultipleValues`, `akID`) VALUES
(24,	4,	0,	24),
(33,	5,	0,	25),
(38,	6,	0,	26);

DROP TABLE IF EXISTS `AttributeKeyCategories`;
CREATE TABLE `AttributeKeyCategories` (
  `akCategoryID` int(10) unsigned NOT NULL AUTO_INCREMENT,
  `akCategoryHandle` varchar(255) COLLATE utf8mb4_unicode_ci NOT NULL,
  `akCategoryAllowSets` int(11) NOT NULL,
  `pkgID` int(10) unsigned DEFAULT NULL,
  PRIMARY KEY (`akCategoryID`),
  UNIQUE KEY `UNIQ_A2A0CC67FA0337B` (`akCategoryHandle`),
  KEY `IDX_A2A0CC67CE45CBB0` (`pkgID`),
  KEY `pkgID` (`pkgID`,`akCategoryID`),
  KEY `akCategoryHandle` (`akCategoryHandle`),
  CONSTRAINT `FK_A2A0CC67CE45CBB0` FOREIGN KEY (`pkgID`) REFERENCES `Packages` (`pkgID`)
) ENGINE=InnoDB DEFAULT CHARSET=utf8mb4 COLLATE=utf8mb4_unicode_ci;

INSERT INTO `AttributeKeyCategories` (`akCategoryID`, `akCategoryHandle`, `akCategoryAllowSets`, `pkgID`) VALUES
(1,	'collection',	1,	NULL),
(2,	'user',	1,	NULL),
(3,	'file',	1,	NULL),
(4,	'site',	1,	NULL),
(5,	'event',	1,	NULL),
(6,	'site_type',	1,	NULL);

DROP TABLE IF EXISTS `AttributeKeys`;
CREATE TABLE `AttributeKeys` (
  `akID` int(10) unsigned NOT NULL AUTO_INCREMENT,
  `akHandle` varchar(255) COLLATE utf8mb4_unicode_ci NOT NULL,
  `akName` varchar(255) COLLATE utf8mb4_unicode_ci NOT NULL,
  `akIsSearchable` tinyint(1) NOT NULL,
  `akIsInternal` tinyint(1) NOT NULL,
  `akIsSearchableIndexed` tinyint(1) NOT NULL,
  `atID` int(10) unsigned DEFAULT NULL,
  `akCategoryID` int(10) unsigned DEFAULT NULL,
  `pkgID` int(10) unsigned DEFAULT NULL,
  `akCategory` varchar(255) COLLATE utf8mb4_unicode_ci NOT NULL,
  PRIMARY KEY (`akID`),
  KEY `IDX_DCA32C62A12CFE33` (`atID`),
  KEY `IDX_DCA32C62B059B76B` (`akCategoryID`),
  KEY `pkgID` (`pkgID`),
  CONSTRAINT `FK_DCA32C62A12CFE33` FOREIGN KEY (`atID`) REFERENCES `AttributeTypes` (`atID`),
  CONSTRAINT `FK_DCA32C62B059B76B` FOREIGN KEY (`akCategoryID`) REFERENCES `AttributeKeyCategories` (`akCategoryID`),
  CONSTRAINT `FK_DCA32C62CE45CBB0` FOREIGN KEY (`pkgID`) REFERENCES `Packages` (`pkgID`)
) ENGINE=InnoDB DEFAULT CHARSET=utf8mb4 COLLATE=utf8mb4_unicode_ci;

INSERT INTO `AttributeKeys` (`akID`, `akHandle`, `akName`, `akIsSearchable`, `akIsInternal`, `akIsSearchableIndexed`, `atID`, `akCategoryID`, `pkgID`, `akCategory`) VALUES
(1,	'meta_title',	'Meta Title',	1,	0,	0,	1,	1,	NULL,	'pagekey'),
(2,	'meta_description',	'Meta Description',	1,	0,	0,	2,	1,	NULL,	'pagekey'),
(3,	'meta_keywords',	'Meta Keywords',	1,	0,	0,	2,	1,	NULL,	'pagekey'),
(4,	'desktop_priority',	'Desktop Priority',	1,	1,	0,	6,	1,	NULL,	'pagekey'),
(5,	'is_desktop',	'Is Desktop',	1,	1,	0,	3,	1,	NULL,	'pagekey'),
(6,	'icon_dashboard',	'Dashboard Icon',	1,	1,	0,	2,	1,	NULL,	'pagekey'),
(7,	'exclude_nav',	'Exclude From Nav',	1,	0,	0,	3,	1,	NULL,	'pagekey'),
(8,	'exclude_page_list',	'Exclude From Page List',	1,	0,	0,	3,	1,	NULL,	'pagekey'),
(9,	'header_extra_content',	'Header Extra Content',	1,	0,	0,	2,	1,	NULL,	'pagekey'),
(10,	'tags',	'Tags',	1,	0,	1,	7,	1,	NULL,	'pagekey'),
(11,	'is_featured',	'Is Featured',	1,	0,	0,	3,	1,	NULL,	'pagekey'),
(12,	'exclude_search_index',	'Exclude From Search Index',	1,	0,	0,	3,	1,	NULL,	'pagekey'),
(13,	'exclude_sitemapxml',	'Exclude From sitemap.xml',	1,	0,	0,	3,	1,	NULL,	'pagekey'),
(14,	'profile_private_messages_enabled',	'I would like to receive private messages.',	1,	0,	0,	3,	2,	NULL,	'userkey'),
(15,	'profile_private_messages_notification_enabled',	'Send me email notifications when I receive a private message.',	1,	0,	0,	3,	2,	NULL,	'userkey'),
(16,	'width',	'Width',	1,	0,	0,	6,	3,	NULL,	'filekey'),
(17,	'height',	'Height',	1,	0,	0,	6,	3,	NULL,	'filekey'),
(18,	'account_profile_links',	'Personal Links',	1,	0,	0,	14,	2,	NULL,	'userkey'),
(19,	'duration',	'Duration',	1,	0,	0,	6,	3,	NULL,	'filekey'),
(20,	'job_posting_department',	'Department',	1,	0,	1,	7,	1,	NULL,	'pagekey'),
(21,	'job_location',	'Location',	1,	0,	1,	2,	1,	NULL,	'pagekey'),
(22,	'exclude_subpages_from_nav',	'Exclude Sub-Pages From Nav',	1,	0,	1,	3,	1,	NULL,	'pagekey'),
(23,	'thumbnail',	'Thumbnail',	1,	0,	1,	5,	1,	NULL,	'pagekey'),
(24,	'blog_entry_topics',	'Blog Entry Topics',	1,	0,	1,	13,	1,	NULL,	'pagekey'),
(25,	'project_topics',	'Project Topics',	1,	0,	1,	13,	1,	NULL,	'pagekey'),
(26,	'event_categories',	'Event Categories',	1,	0,	1,	13,	5,	NULL,	'eventkey'),
(27,	'project_client',	'Client',	1,	0,	1,	1,	1,	NULL,	'pagekey'),
(28,	'project_tasks',	'Task',	1,	0,	1,	7,	1,	NULL,	'pagekey'),
(29,	'project_skills',	'Skills',	1,	0,	1,	7,	1,	NULL,	'pagekey'),
(30,	'contact_question_first_name',	'First Name',	1,	0,	1,	1,	NULL,	NULL,	'expresskey'),
(31,	'contact_question_last_name',	'Last Name',	1,	0,	1,	1,	NULL,	NULL,	'expresskey'),
(32,	'contact_question_email_address',	'Email Address',	1,	0,	1,	11,	NULL,	NULL,	'expresskey'),
(33,	'contact_question_subject',	'Subject',	1,	0,	1,	7,	NULL,	NULL,	'expresskey'),
(34,	'contact_question_message',	'Message',	1,	0,	1,	2,	NULL,	NULL,	'expresskey');

DROP TABLE IF EXISTS `AttributeSetKeys`;
CREATE TABLE `AttributeSetKeys` (
  `asDisplayOrder` int(10) unsigned NOT NULL,
  `akID` int(10) unsigned NOT NULL,
  `asID` int(10) unsigned NOT NULL,
  PRIMARY KEY (`akID`,`asID`),
  KEY `IDX_222F72D8B6561A7E` (`akID`),
  KEY `IDX_222F72D8A463E8B6` (`asID`),
  CONSTRAINT `FK_222F72D8A463E8B6` FOREIGN KEY (`asID`) REFERENCES `AttributeSets` (`asID`),
  CONSTRAINT `FK_222F72D8B6561A7E` FOREIGN KEY (`akID`) REFERENCES `AttributeKeys` (`akID`)
) ENGINE=InnoDB DEFAULT CHARSET=utf8mb4 COLLATE=utf8mb4_unicode_ci;

INSERT INTO `AttributeSetKeys` (`asDisplayOrder`, `akID`, `asID`) VALUES
(0,	1,	1),
(1,	2,	1),
(1,	7,	2),
(2,	8,	2),
(2,	9,	1),
(4,	10,	2),
(0,	11,	2),
(3,	12,	2),
(3,	13,	1),
(0,	20,	3),
(1,	21,	3),
(6,	22,	2),
(5,	23,	2),
(0,	24,	4),
(0,	25,	5),
(0,	26,	6),
(1,	27,	5),
(2,	28,	5),
(3,	29,	5);

DROP TABLE IF EXISTS `AttributeSets`;
CREATE TABLE `AttributeSets` (
  `asID` int(10) unsigned NOT NULL AUTO_INCREMENT,
  `asHandle` varchar(255) COLLATE utf8mb4_unicode_ci NOT NULL,
  `asName` varchar(255) COLLATE utf8mb4_unicode_ci NOT NULL,
  `asDisplayOrder` int(10) unsigned NOT NULL,
  `asIsLocked` tinyint(1) NOT NULL,
  `akCategoryID` int(10) unsigned DEFAULT NULL,
  `pkgID` int(10) unsigned DEFAULT NULL,
  PRIMARY KEY (`asID`),
  KEY `IDX_FCA02D5FB059B76B` (`akCategoryID`),
  KEY `asHandle` (`asHandle`),
  KEY `pkgID` (`pkgID`),
  CONSTRAINT `FK_FCA02D5FB059B76B` FOREIGN KEY (`akCategoryID`) REFERENCES `AttributeKeyCategories` (`akCategoryID`),
  CONSTRAINT `FK_FCA02D5FCE45CBB0` FOREIGN KEY (`pkgID`) REFERENCES `Packages` (`pkgID`)
) ENGINE=InnoDB DEFAULT CHARSET=utf8mb4 COLLATE=utf8mb4_unicode_ci;

INSERT INTO `AttributeSets` (`asID`, `asHandle`, `asName`, `asDisplayOrder`, `asIsLocked`, `akCategoryID`, `pkgID`) VALUES
(1,	'seo',	'SEO',	0,	1,	1,	NULL),
(2,	'navigation',	'Navigation and Indexing',	0,	1,	1,	NULL),
(3,	'job_board',	'Jobs',	0,	1,	1,	NULL),
(4,	'blog',	'Blog',	0,	1,	1,	NULL),
(5,	'portfolio',	'Portfolio',	0,	1,	1,	NULL),
(6,	'event_categories',	'Categories',	0,	1,	5,	NULL);

DROP TABLE IF EXISTS `AttributeTypeCategories`;
CREATE TABLE `AttributeTypeCategories` (
  `akCategoryID` int(10) unsigned NOT NULL,
  `atID` int(10) unsigned NOT NULL,
  PRIMARY KEY (`akCategoryID`,`atID`),
  KEY `IDX_49A9CABEB059B76B` (`akCategoryID`),
  KEY `IDX_49A9CABEA12CFE33` (`atID`),
  CONSTRAINT `FK_49A9CABEA12CFE33` FOREIGN KEY (`atID`) REFERENCES `AttributeTypes` (`atID`),
  CONSTRAINT `FK_49A9CABEB059B76B` FOREIGN KEY (`akCategoryID`) REFERENCES `AttributeKeyCategories` (`akCategoryID`)
) ENGINE=InnoDB DEFAULT CHARSET=utf8mb4 COLLATE=utf8mb4_unicode_ci;

INSERT INTO `AttributeTypeCategories` (`akCategoryID`, `atID`) VALUES
(1,	1),
(1,	2),
(1,	3),
(1,	4),
(1,	5),
(1,	6),
(1,	7),
(1,	9),
(1,	10),
(1,	11),
(1,	12),
(1,	13),
(1,	15),
(1,	16),
(1,	17),
(1,	18),
(1,	19),
(1,	20),
(2,	1),
(2,	2),
(2,	3),
(2,	4),
(2,	6),
(2,	7),
(2,	8),
(2,	9),
(2,	10),
(2,	11),
(2,	13),
(2,	14),
(2,	17),
(2,	19),
(2,	20),
(3,	1),
(3,	2),
(3,	3),
(3,	4),
(3,	6),
(3,	7),
(3,	9),
(3,	10),
(3,	11),
(3,	12),
(3,	13),
(3,	17),
(3,	19),
(3,	20),
(4,	1),
(4,	2),
(4,	3),
(4,	4),
(4,	5),
(4,	6),
(4,	7),
(4,	8),
(4,	9),
(4,	10),
(4,	11),
(4,	13),
(4,	15),
(4,	17),
(4,	18),
(4,	19),
(4,	21),
(5,	1),
(5,	2),
(5,	3),
(5,	4),
(5,	5),
(5,	6),
(5,	7),
(5,	8),
(5,	9),
(5,	10),
(5,	11),
(5,	13),
(5,	19),
(6,	1),
(6,	2),
(6,	3),
(6,	4),
(6,	5),
(6,	6),
(6,	7),
(6,	8),
(6,	9),
(6,	10),
(6,	11),
(6,	13),
(6,	15),
(6,	17),
(6,	18),
(6,	19),
(6,	21);

DROP TABLE IF EXISTS `AttributeTypes`;
CREATE TABLE `AttributeTypes` (
  `atID` int(10) unsigned NOT NULL AUTO_INCREMENT,
  `atHandle` varchar(255) COLLATE utf8mb4_unicode_ci NOT NULL,
  `atName` varchar(255) COLLATE utf8mb4_unicode_ci NOT NULL,
  `pkgID` int(10) unsigned DEFAULT NULL,
  PRIMARY KEY (`atID`),
  UNIQUE KEY `UNIQ_53580A7F46AA0F38` (`atHandle`),
  KEY `IDX_53580A7FCE45CBB0` (`pkgID`),
  KEY `pkgID` (`pkgID`,`atID`),
  CONSTRAINT `FK_53580A7FCE45CBB0` FOREIGN KEY (`pkgID`) REFERENCES `Packages` (`pkgID`)
) ENGINE=InnoDB DEFAULT CHARSET=utf8mb4 COLLATE=utf8mb4_unicode_ci;

INSERT INTO `AttributeTypes` (`atID`, `atHandle`, `atName`, `pkgID`) VALUES
(1,	'text',	'Text',	NULL),
(2,	'textarea',	'Text Area',	NULL),
(3,	'boolean',	'Checkbox',	NULL),
(4,	'date_time',	'Date/Time',	NULL),
(5,	'image_file',	'Image/File',	NULL),
(6,	'number',	'Number',	NULL),
(7,	'select',	'Option List',	NULL),
(8,	'address',	'Address',	NULL),
(9,	'telephone',	'Phone Number',	NULL),
(10,	'url',	'URL',	NULL),
(11,	'email',	'Email',	NULL),
(12,	'rating',	'Rating',	NULL),
(13,	'topics',	'Topics',	NULL),
(14,	'social_links',	'Social Links',	NULL),
(15,	'calendar',	'Calendar',	NULL),
(16,	'calendar_event',	'Calendar Event',	NULL),
(17,	'express',	'Express Entity',	NULL),
(18,	'page_selector',	'Page Selector',	NULL),
(19,	'user_selector',	'User Selector',	NULL),
(20,	'site',	'Site',	NULL),
(21,	'user_group',	'User Group',	NULL);

DROP TABLE IF EXISTS `AttributeValues`;
CREATE TABLE `AttributeValues` (
  `avID` int(10) unsigned NOT NULL AUTO_INCREMENT,
  `akID` int(10) unsigned DEFAULT NULL,
  PRIMARY KEY (`avID`),
  KEY `IDX_DCCE7864B6561A7E` (`akID`),
  CONSTRAINT `FK_DCCE7864B6561A7E` FOREIGN KEY (`akID`) REFERENCES `AttributeKeys` (`akID`) ON DELETE CASCADE
) ENGINE=InnoDB DEFAULT CHARSET=utf8mb4 COLLATE=utf8mb4_unicode_ci;

INSERT INTO `AttributeValues` (`avID`, `akID`) VALUES
(221,	1),
(232,	1),
(239,	1),
(246,	1),
(222,	2),
(233,	2),
(240,	2),
(247,	2),
(2,	3),
(3,	3),
(4,	3),
(5,	3),
(6,	3),
(7,	3),
(8,	3),
(10,	3),
(11,	3),
(12,	3),
(13,	3),
(14,	3),
(15,	3),
(16,	3),
(18,	3),
(20,	3),
(21,	3),
(22,	3),
(23,	3),
(24,	3),
(27,	3),
(28,	3),
(29,	3),
(30,	3),
(31,	3),
(40,	3),
(41,	3),
(42,	3),
(48,	3),
(51,	3),
(52,	3),
(53,	3),
(54,	3),
(55,	3),
(56,	3),
(57,	3),
(58,	3),
(59,	3),
(60,	3),
(61,	3),
(62,	3),
(63,	3),
(64,	3),
(65,	3),
(66,	3),
(68,	3),
(69,	3),
(72,	3),
(83,	3),
(84,	3),
(85,	3),
(86,	3),
(87,	3),
(88,	3),
(89,	3),
(90,	3),
(91,	3),
(93,	3),
(94,	3),
(95,	3),
(96,	3),
(97,	3),
(98,	3),
(99,	3),
(100,	3),
(101,	3),
(102,	3),
(105,	3),
(106,	3),
(107,	3),
(108,	3),
(109,	3),
(110,	3),
(111,	3),
(112,	3),
(113,	3),
(114,	3),
(115,	3),
(116,	3),
(117,	3),
(118,	3),
(119,	3),
(120,	3),
(121,	3),
(122,	3),
(123,	3),
(124,	3),
(125,	3),
(126,	3),
(127,	3),
(128,	3),
(129,	3),
(131,	3),
(132,	3),
(133,	3),
(134,	3),
(135,	3),
(136,	3),
(137,	3),
(138,	3),
(139,	3),
(223,	3),
(234,	3),
(241,	3),
(248,	3),
(142,	4),
(150,	4),
(143,	5),
(151,	5),
(1,	6),
(47,	6),
(145,	6),
(146,	6),
(148,	6),
(149,	6),
(9,	7),
(17,	7),
(19,	7),
(25,	7),
(32,	7),
(33,	7),
(34,	7),
(35,	7),
(36,	7),
(37,	7),
(38,	7),
(39,	7),
(43,	7),
(45,	7),
(49,	7),
(67,	7),
(70,	7),
(73,	7),
(75,	7),
(77,	7),
(79,	7),
(81,	7),
(92,	7),
(103,	7),
(104,	7),
(140,	7),
(144,	7),
(152,	7),
(185,	7),
(235,	7),
(238,	7),
(224,	9),
(236,	9),
(242,	9),
(249,	9),
(187,	11),
(198,	11),
(204,	11),
(26,	12),
(44,	12),
(46,	12),
(50,	12),
(71,	12),
(74,	12),
(76,	12),
(78,	12),
(80,	12),
(82,	12),
(130,	12),
(141,	12),
(147,	12),
(225,	13),
(237,	13),
(243,	13),
(250,	13),
(153,	16),
(155,	16),
(157,	16),
(159,	16),
(161,	16),
(163,	16),
(165,	16),
(167,	16),
(169,	16),
(171,	16),
(173,	16),
(175,	16),
(177,	16),
(179,	16),
(181,	16),
(183,	16),
(253,	16),
(255,	16),
(257,	16),
(259,	16),
(261,	16),
(263,	16),
(265,	16),
(267,	16),
(269,	16),
(271,	16),
(273,	16),
(275,	16),
(277,	16),
(279,	16),
(281,	16),
(283,	16),
(285,	16),
(287,	16),
(289,	16),
(291,	16),
(293,	16),
(295,	16),
(297,	16),
(299,	16),
(301,	16),
(303,	16),
(305,	16),
(307,	16),
(309,	16),
(311,	16),
(313,	16),
(315,	16),
(317,	16),
(319,	16),
(321,	16),
(323,	16),
(325,	16),
(327,	16),
(329,	16),
(331,	16),
(333,	16),
(335,	16),
(337,	16),
(339,	16),
(341,	16),
(343,	16),
(345,	16),
(347,	16),
(349,	16),
(351,	16),
(353,	16),
(355,	16),
(357,	16),
(359,	16),
(361,	16),
(363,	16),
(365,	16),
(367,	16),
(369,	16),
(371,	16),
(373,	16),
(375,	16),
(377,	16),
(379,	16),
(381,	16),
(383,	16),
(385,	16),
(387,	16),
(389,	16),
(391,	16),
(393,	16),
(395,	16),
(397,	16),
(399,	16),
(401,	16),
(403,	16),
(405,	16),
(407,	16),
(409,	16),
(411,	16),
(413,	16),
(415,	16),
(417,	16),
(419,	16),
(421,	16),
(423,	16),
(425,	16),
(427,	16),
(429,	16),
(431,	16),
(433,	16),
(435,	16),
(154,	17),
(156,	17),
(158,	17),
(160,	17),
(162,	17),
(164,	17),
(166,	17),
(168,	17),
(170,	17),
(172,	17),
(174,	17),
(176,	17),
(178,	17),
(180,	17),
(182,	17),
(184,	17),
(254,	17),
(256,	17),
(258,	17),
(260,	17),
(262,	17),
(264,	17),
(266,	17),
(268,	17),
(270,	17),
(272,	17),
(274,	17),
(276,	17),
(278,	17),
(280,	17),
(282,	17),
(284,	17),
(286,	17),
(288,	17),
(290,	17),
(292,	17),
(294,	17),
(296,	17),
(298,	17),
(300,	17),
(302,	17),
(304,	17),
(306,	17),
(308,	17),
(310,	17),
(312,	17),
(314,	17),
(316,	17),
(318,	17),
(320,	17),
(322,	17),
(324,	17),
(326,	17),
(328,	17),
(330,	17),
(332,	17),
(334,	17),
(336,	17),
(338,	17),
(340,	17),
(342,	17),
(344,	17),
(346,	17),
(348,	17),
(350,	17),
(352,	17),
(354,	17),
(356,	17),
(358,	17),
(360,	17),
(362,	17),
(364,	17),
(366,	17),
(368,	17),
(370,	17),
(372,	17),
(374,	17),
(376,	17),
(378,	17),
(380,	17),
(382,	17),
(384,	17),
(386,	17),
(388,	17),
(390,	17),
(392,	17),
(394,	17),
(396,	17),
(398,	17),
(400,	17),
(402,	17),
(404,	17),
(406,	17),
(408,	17),
(410,	17),
(412,	17),
(414,	17),
(416,	17),
(418,	17),
(420,	17),
(422,	17),
(424,	17),
(426,	17),
(428,	17),
(430,	17),
(432,	17),
(434,	17),
(436,	17),
(244,	20),
(251,	20),
(245,	21),
(252,	21),
(186,	22),
(220,	22),
(188,	23),
(193,	23),
(199,	23),
(205,	23),
(210,	23),
(215,	23),
(226,	23),
(228,	23),
(230,	23),
(227,	24),
(229,	24),
(231,	24),
(189,	25),
(194,	25),
(200,	25),
(206,	25),
(211,	25),
(216,	25),
(190,	27),
(195,	27),
(201,	27),
(207,	27),
(212,	27),
(217,	27),
(191,	28),
(196,	28),
(202,	28),
(208,	28),
(213,	28),
(218,	28),
(192,	29),
(197,	29),
(203,	29),
(209,	29),
(214,	29),
(219,	29);

DROP TABLE IF EXISTS `atUserGroupSettings`;
CREATE TABLE `atUserGroupSettings` (
  `akDisplayGroupsBeneathSpecificParent` tinyint(1) NOT NULL,
  `akDisplayGroupsBeneathParentID` int(11) NOT NULL,
  `akGroupSelectionMethod` varchar(255) COLLATE utf8mb4_unicode_ci NOT NULL,
  `akID` int(10) unsigned NOT NULL,
  PRIMARY KEY (`akID`),
  CONSTRAINT `FK_C47871BEB6561A7E` FOREIGN KEY (`akID`) REFERENCES `AttributeKeys` (`akID`)
) ENGINE=InnoDB DEFAULT CHARSET=utf8mb4 COLLATE=utf8mb4_unicode_ci;


DROP TABLE IF EXISTS `AuthenticationTypes`;
CREATE TABLE `AuthenticationTypes` (
  `authTypeID` int(10) unsigned NOT NULL AUTO_INCREMENT,
  `authTypeHandle` varchar(255) COLLATE utf8mb4_unicode_ci NOT NULL,
  `authTypeName` varchar(255) COLLATE utf8mb4_unicode_ci NOT NULL,
  `authTypeIsEnabled` tinyint(1) NOT NULL,
  `authTypeDisplayOrder` int(10) unsigned DEFAULT NULL,
  `pkgID` int(10) unsigned DEFAULT NULL,
  PRIMARY KEY (`authTypeID`),
  UNIQUE KEY `authTypeHandle` (`authTypeHandle`),
  KEY `pkgID` (`pkgID`)
) ENGINE=InnoDB DEFAULT CHARSET=utf8mb4 COLLATE=utf8mb4_unicode_ci;

INSERT INTO `AuthenticationTypes` (`authTypeID`, `authTypeHandle`, `authTypeName`, `authTypeIsEnabled`, `authTypeDisplayOrder`, `pkgID`) VALUES
(1,	'concrete',	'Standard',	1,	0,	0),
(2,	'community',	'concrete5.org',	0,	0,	0),
(3,	'facebook',	'Facebook',	0,	0,	0),
(4,	'twitter',	'Twitter',	0,	0,	0),
(5,	'google',	'Google',	0,	0,	0),
(6,	'external_concrete5',	'External concrete5',	0,	0,	0);

DROP TABLE IF EXISTS `authTypeConcreteCookieMap`;
CREATE TABLE `authTypeConcreteCookieMap` (
  `ID` int(10) unsigned NOT NULL AUTO_INCREMENT,
  `token` varchar(64) COLLATE utf8mb4_unicode_ci DEFAULT NULL,
  `uID` int(11) DEFAULT NULL,
  `validThrough` int(11) DEFAULT NULL,
  PRIMARY KEY (`ID`),
  UNIQUE KEY `token` (`token`),
  KEY `uID` (`uID`)
) ENGINE=InnoDB DEFAULT CHARSET=utf8mb4 COLLATE=utf8mb4_unicode_ci;


DROP TABLE IF EXISTS `BannedWords`;
CREATE TABLE `BannedWords` (
  `bwID` int(10) unsigned NOT NULL AUTO_INCREMENT,
  `bannedWord` longtext COLLATE utf8mb4_unicode_ci NOT NULL,
  PRIMARY KEY (`bwID`)
) ENGINE=InnoDB DEFAULT CHARSET=utf8mb4 COLLATE=utf8mb4_unicode_ci;

INSERT INTO `BannedWords` (`bwID`, `bannedWord`) VALUES
(1,	'fuck'),
(2,	'shit'),
(3,	'bitch'),
(4,	'ass');

DROP TABLE IF EXISTS `BasicWorkflowPermissionAssignments`;
CREATE TABLE `BasicWorkflowPermissionAssignments` (
  `wfID` int(10) unsigned NOT NULL DEFAULT '0',
  `pkID` int(10) unsigned NOT NULL DEFAULT '0',
  `paID` int(10) unsigned NOT NULL DEFAULT '0',
  PRIMARY KEY (`wfID`,`pkID`,`paID`),
  KEY `pkID` (`pkID`),
  KEY `paID` (`paID`)
) ENGINE=InnoDB DEFAULT CHARSET=utf8mb4 COLLATE=utf8mb4_unicode_ci;


DROP TABLE IF EXISTS `BasicWorkflowProgressData`;
CREATE TABLE `BasicWorkflowProgressData` (
  `wpID` int(10) unsigned NOT NULL DEFAULT '0',
  `uIDStarted` int(10) unsigned NOT NULL DEFAULT '0',
  `uIDCompleted` int(10) unsigned NOT NULL DEFAULT '0',
  `wpDateCompleted` datetime DEFAULT NULL,
  PRIMARY KEY (`wpID`),
  KEY `uIDStarted` (`uIDStarted`),
  KEY `uIDCompleted` (`uIDCompleted`)
) ENGINE=InnoDB DEFAULT CHARSET=utf8mb4 COLLATE=utf8mb4_unicode_ci;


DROP TABLE IF EXISTS `BlockFeatureAssignments`;
CREATE TABLE `BlockFeatureAssignments` (
  `cID` int(10) unsigned NOT NULL DEFAULT '0',
  `cvID` int(10) unsigned NOT NULL DEFAULT '0',
  `bID` int(10) unsigned NOT NULL DEFAULT '0',
  `faID` int(10) unsigned NOT NULL DEFAULT '0',
  PRIMARY KEY (`cID`,`cvID`,`bID`,`faID`),
  KEY `faID` (`faID`,`cID`,`cvID`),
  KEY `bID` (`bID`)
) ENGINE=InnoDB DEFAULT CHARSET=utf8mb4 COLLATE=utf8mb4_unicode_ci;

INSERT INTO `BlockFeatureAssignments` (`cID`, `cvID`, `bID`, `faID`) VALUES
(210,	1,	29,	1),
(197,	1,	123,	2),
(211,	1,	125,	3),
(212,	1,	127,	4),
(213,	1,	129,	5),
(201,	1,	138,	6),
(214,	1,	145,	7),
(214,	2,	145,	7),
(214,	3,	145,	7),
(214,	4,	145,	7),
(214,	5,	145,	7),
(214,	6,	145,	7),
(214,	7,	145,	7),
(214,	8,	145,	7),
(214,	9,	145,	7),
(214,	10,	145,	7),
(214,	11,	145,	7),
(214,	12,	145,	7),
(214,	13,	145,	7),
(214,	14,	145,	7),
(214,	1,	152,	8),
(214,	2,	152,	8),
(214,	3,	152,	8),
(214,	4,	152,	8),
(214,	5,	152,	8),
(214,	6,	152,	8),
(214,	7,	152,	8),
(214,	8,	152,	8),
(214,	9,	152,	8),
(214,	10,	152,	8),
(214,	11,	152,	8),
(214,	12,	152,	8),
(214,	13,	152,	8),
(214,	14,	152,	8),
(214,	1,	156,	9),
(214,	2,	156,	9),
(214,	3,	156,	9),
(214,	4,	156,	9),
(214,	5,	156,	9),
(214,	6,	156,	9),
(214,	7,	156,	9),
(214,	8,	156,	9),
(214,	9,	156,	9),
(214,	10,	156,	9),
(214,	11,	156,	9),
(214,	12,	156,	9),
(214,	13,	156,	9),
(214,	14,	156,	9),
(215,	1,	159,	10),
(214,	4,	298,	11),
(214,	5,	299,	12),
(214,	6,	299,	12),
(214,	7,	299,	12),
(214,	8,	299,	12),
(214,	9,	299,	12),
(214,	5,	303,	13),
(214,	6,	303,	13),
(214,	7,	303,	13),
(214,	8,	303,	13),
(214,	9,	303,	13),
(214,	10,	303,	13),
(214,	11,	303,	13),
(214,	12,	303,	13),
(214,	13,	303,	13),
(214,	14,	303,	13),
(214,	11,	321,	15),
(214,	12,	321,	15),
(214,	13,	321,	15),
(214,	14,	321,	15);

DROP TABLE IF EXISTS `BlockPermissionAssignments`;
CREATE TABLE `BlockPermissionAssignments` (
  `cID` int(10) unsigned NOT NULL DEFAULT '0',
  `cvID` int(10) unsigned NOT NULL DEFAULT '0',
  `bID` int(10) unsigned NOT NULL DEFAULT '0',
  `pkID` int(10) unsigned NOT NULL DEFAULT '0',
  `paID` int(10) unsigned NOT NULL DEFAULT '0',
  PRIMARY KEY (`cID`,`cvID`,`bID`,`pkID`,`paID`),
  KEY `bID` (`bID`),
  KEY `pkID` (`pkID`),
  KEY `paID` (`paID`)
) ENGINE=InnoDB DEFAULT CHARSET=utf8mb4 COLLATE=utf8mb4_unicode_ci;


DROP TABLE IF EXISTS `Blocks`;
CREATE TABLE `Blocks` (
  `bID` int(10) unsigned NOT NULL AUTO_INCREMENT,
  `bName` varchar(60) COLLATE utf8mb4_unicode_ci DEFAULT NULL,
  `bDateAdded` datetime NOT NULL DEFAULT '1000-01-01 00:00:00',
  `bDateModified` datetime NOT NULL DEFAULT '1000-01-01 00:00:00',
  `bFilename` varchar(255) COLLATE utf8mb4_unicode_ci DEFAULT NULL,
  `bIsActive` varchar(1) COLLATE utf8mb4_unicode_ci NOT NULL DEFAULT '1',
  `btID` int(10) unsigned NOT NULL DEFAULT '0',
  `uID` int(10) unsigned DEFAULT NULL,
  `btCachedBlockRecord` longtext COLLATE utf8mb4_unicode_ci,
  PRIMARY KEY (`bID`),
  KEY `btID` (`btID`),
  KEY `uID` (`uID`)
) ENGINE=InnoDB DEFAULT CHARSET=utf8mb4 COLLATE=utf8mb4_unicode_ci;

INSERT INTO `Blocks` (`bID`, `bName`, `bDateAdded`, `bDateModified`, `bFilename`, `bIsActive`, `btID`, `uID`, `btCachedBlockRecord`) VALUES
(1,	'',	'2021-12-05 08:55:50',	'2021-12-05 08:55:50',	NULL,	'0',	36,	1,	NULL),
(2,	'',	'2021-12-05 08:55:50',	'2021-12-05 08:55:50',	NULL,	'0',	44,	1,	NULL),
(3,	'',	'2021-12-05 08:55:50',	'2021-12-05 08:55:50',	NULL,	'0',	40,	1,	NULL),
(4,	'',	'2021-12-05 08:55:50',	'2021-12-05 08:55:50',	NULL,	'0',	38,	1,	NULL),
(5,	'',	'2021-12-05 08:55:50',	'2021-12-05 08:55:50',	NULL,	'0',	37,	1,	NULL),
(6,	'',	'2021-12-05 08:55:50',	'2021-12-05 08:55:50',	NULL,	'0',	44,	1,	NULL),
(7,	'',	'2021-12-05 08:55:50',	'2021-12-05 08:55:50',	NULL,	'0',	15,	1,	NULL),
(8,	'',	'2021-12-05 08:55:50',	'2021-12-05 08:55:50',	NULL,	'0',	39,	1,	NULL),
(9,	'',	'2021-12-05 08:55:50',	'2021-12-05 08:55:50',	NULL,	'0',	44,	1,	NULL),
(10,	'',	'2021-12-05 08:55:50',	'2021-12-05 08:55:50',	NULL,	'0',	43,	1,	NULL),
(11,	'',	'2021-12-05 08:55:50',	'2021-12-05 08:55:50',	NULL,	'0',	43,	1,	NULL),
(12,	'',	'2021-12-05 08:55:50',	'2021-12-05 08:55:50',	NULL,	'0',	43,	1,	NULL),
(13,	'',	'2021-12-05 08:55:50',	'2021-12-05 08:55:50',	NULL,	'0',	15,	1,	NULL),
(14,	'',	'2021-12-05 08:55:51',	'2021-12-05 08:55:51',	NULL,	'0',	44,	1,	NULL),
(15,	'',	'2021-12-05 08:55:51',	'2021-12-05 08:55:51',	NULL,	'0',	41,	1,	NULL),
(16,	'',	'2021-12-05 08:55:51',	'2021-12-05 08:55:51',	NULL,	'0',	44,	1,	NULL),
(17,	'',	'2021-12-05 08:55:51',	'2021-12-05 08:55:51',	NULL,	'0',	42,	1,	NULL),
(18,	'',	'2021-12-05 08:55:53',	'2021-12-05 08:55:53',	NULL,	'0',	44,	1,	NULL),
(19,	'',	'2021-12-05 08:55:53',	'2021-12-05 08:55:53',	NULL,	'0',	41,	1,	NULL),
(20,	'',	'2021-12-05 08:55:53',	'2021-12-05 08:55:53',	NULL,	'0',	44,	1,	NULL),
(21,	'',	'2021-12-05 08:55:53',	'2021-12-05 08:55:53',	NULL,	'0',	42,	1,	NULL),
(22,	'',	'2021-12-05 08:56:05',	'2021-12-05 08:56:05',	'byline.php',	'0',	8,	1,	NULL),
(23,	'',	'2021-12-05 08:56:05',	'2021-12-05 08:56:05',	NULL,	'0',	45,	1,	NULL),
(24,	'',	'2021-12-05 08:56:05',	'2021-12-05 08:56:05',	NULL,	'0',	11,	1,	NULL),
(25,	'',	'2021-12-05 08:56:05',	'2021-12-05 08:56:05',	NULL,	'0',	26,	1,	NULL),
(26,	'',	'2021-12-05 08:56:05',	'2021-12-05 08:56:05',	NULL,	'0',	14,	1,	NULL),
(27,	'',	'2021-12-05 08:56:05',	'2021-12-05 08:56:05',	NULL,	'0',	10,	1,	NULL),
(28,	'',	'2021-12-05 08:56:05',	'2021-12-05 08:56:05',	NULL,	'0',	5,	1,	NULL),
(29,	'',	'2021-12-05 08:56:05',	'2021-12-05 08:56:05',	NULL,	'0',	23,	1,	NULL),
(30,	'',	'2021-12-05 08:56:05',	'2021-12-05 08:56:05',	NULL,	'0',	8,	1,	NULL),
(31,	'',	'2021-12-05 08:56:06',	'2021-12-05 08:56:06',	NULL,	'0',	10,	1,	NULL),
(32,	'',	'2021-12-05 08:56:06',	'2021-12-05 08:56:06',	NULL,	'0',	1,	1,	NULL),
(33,	'',	'2021-12-05 08:56:06',	'2021-12-05 08:56:06',	NULL,	'0',	1,	1,	NULL),
(34,	'',	'2021-12-05 08:56:06',	'2021-12-05 08:56:06',	NULL,	'0',	30,	1,	NULL),
(35,	'',	'2021-12-05 08:56:06',	'2021-12-05 08:56:06',	NULL,	'0',	1,	1,	NULL),
(36,	'',	'2021-12-05 08:56:06',	'2021-12-05 08:56:06',	NULL,	'0',	30,	1,	NULL),
(37,	'',	'2021-12-05 08:56:06',	'2021-12-05 08:56:06',	NULL,	'0',	1,	1,	NULL),
(38,	'',	'2021-12-05 08:56:06',	'2021-12-05 08:56:06',	NULL,	'0',	45,	1,	NULL),
(39,	'',	'2021-12-05 08:56:06',	'2021-12-05 08:56:06',	NULL,	'0',	1,	1,	NULL),
(40,	'',	'2021-12-05 08:56:06',	'2021-12-05 08:56:06',	NULL,	'0',	8,	1,	NULL),
(41,	'',	'2021-12-05 08:56:06',	'2021-12-05 08:56:06',	NULL,	'0',	45,	1,	NULL),
(42,	'',	'2021-12-05 08:56:06',	'2021-12-05 08:56:06',	NULL,	'0',	30,	1,	NULL),
(43,	'',	'2021-12-05 08:56:06',	'2021-12-05 08:56:06',	NULL,	'0',	30,	1,	NULL),
(44,	'',	'2021-12-05 08:56:06',	'2021-12-05 08:56:06',	NULL,	'0',	30,	1,	NULL),
(45,	'',	'2021-12-05 08:56:06',	'2021-12-05 08:56:06',	NULL,	'0',	45,	1,	NULL),
(46,	'',	'2021-12-05 08:56:06',	'2021-12-05 08:56:06',	NULL,	'0',	5,	1,	NULL),
(47,	'',	'2021-12-05 08:56:06',	'2021-12-05 08:56:06',	'thumbnail_grid',	'0',	10,	1,	NULL),
(48,	'',	'2021-12-05 08:56:06',	'2021-12-05 08:56:06',	'archive.php',	'0',	8,	1,	NULL),
(49,	'',	'2021-12-05 08:56:06',	'2021-12-05 08:56:06',	NULL,	'0',	44,	1,	NULL),
(50,	'',	'2021-12-05 08:56:06',	'2021-12-05 08:56:06',	NULL,	'0',	10,	1,	NULL),
(51,	'',	'2021-12-05 08:56:06',	'2021-12-05 08:56:06',	NULL,	'0',	14,	1,	NULL),
(52,	'',	'2021-12-05 08:56:07',	'2021-12-05 08:56:07',	NULL,	'0',	12,	1,	NULL),
(53,	'',	'2021-12-05 08:56:07',	'2021-12-05 08:56:07',	NULL,	'0',	8,	1,	NULL),
(54,	'',	'2021-12-05 08:56:07',	'2021-12-05 08:56:07',	'flat_filter.php',	'0',	14,	1,	NULL),
(55,	'',	'2021-12-05 08:56:07',	'2021-12-05 08:56:07',	'thumbnail_grid',	'0',	10,	1,	NULL),
(56,	'',	'2021-12-05 08:56:07',	'2021-12-05 08:56:07',	NULL,	'0',	1,	1,	NULL),
(57,	'',	'2021-12-05 08:56:07',	'2021-12-05 08:56:07',	NULL,	'0',	1,	1,	NULL),
(58,	'',	'2021-12-05 08:56:07',	'2021-12-05 08:56:07',	NULL,	'0',	1,	1,	NULL),
(59,	'',	'2021-12-05 08:56:07',	'2021-12-05 08:56:07',	NULL,	'0',	1,	1,	NULL),
(60,	'',	'2021-12-05 08:56:07',	'2021-12-05 08:56:07',	NULL,	'0',	24,	1,	NULL),
(61,	'',	'2021-12-05 08:56:07',	'2021-12-05 08:56:07',	'responsive_header_navigation',	'0',	7,	1,	NULL),
(62,	'',	'2021-12-05 08:56:07',	'2021-12-05 08:56:07',	NULL,	'0',	18,	1,	NULL),
(63,	'',	'2021-12-05 08:56:07',	'2021-12-05 08:56:07',	NULL,	'0',	1,	1,	NULL),
(64,	'',	'2021-12-05 08:56:07',	'2021-12-05 08:56:07',	NULL,	'0',	31,	1,	NULL),
(65,	'',	'2021-12-05 08:56:07',	'2021-12-05 08:56:07',	NULL,	'0',	44,	1,	NULL),
(66,	'',	'2021-12-05 08:56:07',	'2021-12-05 08:56:07',	NULL,	'0',	6,	1,	NULL),
(67,	'',	'2021-12-05 08:56:07',	'2021-12-05 08:56:07',	NULL,	'0',	6,	1,	NULL),
(68,	'',	'2021-12-05 08:56:07',	'2021-12-05 08:56:07',	NULL,	'0',	6,	1,	NULL),
(69,	'',	'2021-12-05 08:56:08',	'2021-12-05 08:56:08',	NULL,	'0',	5,	1,	NULL),
(70,	'',	'2021-12-05 08:56:08',	'2021-12-05 08:56:08',	NULL,	'0',	1,	1,	NULL),
(71,	'',	'2021-12-05 08:56:08',	'2021-12-05 08:56:08',	'thumbnail_grid',	'0',	10,	1,	NULL),
(72,	'',	'2021-12-05 08:56:08',	'2021-12-05 08:56:08',	NULL,	'0',	5,	1,	NULL),
(73,	'',	'2021-12-05 08:56:08',	'2021-12-05 08:56:08',	NULL,	'0',	44,	1,	NULL),
(74,	'',	'2021-12-05 08:56:08',	'2021-12-05 08:56:08',	NULL,	'0',	1,	1,	NULL),
(75,	'',	'2021-12-05 08:56:08',	'2021-12-05 08:56:08',	NULL,	'0',	1,	1,	NULL),
(76,	'',	'2021-12-05 08:56:08',	'2021-12-05 08:56:08',	NULL,	'0',	44,	1,	NULL),
(77,	'',	'2021-12-05 08:56:08',	'2021-12-05 08:56:08',	NULL,	'0',	10,	1,	NULL),
(78,	'',	'2021-12-05 08:56:08',	'2021-12-05 08:56:08',	NULL,	'0',	10,	1,	NULL),
(79,	'',	'2021-12-05 08:56:08',	'2021-12-05 08:56:08',	NULL,	'0',	1,	1,	NULL),
(80,	'',	'2021-12-05 08:56:08',	'2021-12-05 08:56:08',	NULL,	'0',	1,	1,	NULL),
(81,	'',	'2021-12-05 08:56:08',	'2021-12-05 08:56:08',	NULL,	'0',	8,	1,	NULL),
(82,	'',	'2021-12-05 08:56:08',	'2021-12-05 08:56:08',	NULL,	'0',	44,	1,	NULL),
(83,	'',	'2021-12-05 08:56:09',	'2021-12-05 08:56:09',	'hover_description',	'0',	6,	1,	NULL),
(84,	'',	'2021-12-05 08:56:09',	'2021-12-05 08:56:09',	'hover_description',	'0',	6,	1,	NULL),
(85,	'',	'2021-12-05 08:56:09',	'2021-12-05 08:56:09',	'hover_description',	'0',	6,	1,	NULL),
(86,	'',	'2021-12-05 08:56:09',	'2021-12-05 08:56:09',	'hover_description',	'0',	6,	1,	NULL),
(87,	'',	'2021-12-05 08:56:09',	'2021-12-05 08:56:09',	NULL,	'0',	5,	1,	NULL),
(88,	'',	'2021-12-05 08:56:09',	'2021-12-05 08:56:09',	NULL,	'0',	44,	1,	NULL),
(89,	'',	'2021-12-05 08:56:09',	'2021-12-05 08:56:09',	NULL,	'0',	1,	1,	NULL),
(90,	'',	'2021-12-05 08:56:09',	'2021-12-05 08:56:09',	NULL,	'0',	1,	1,	NULL),
(91,	'',	'2021-12-05 08:56:09',	'2021-12-05 08:56:09',	NULL,	'0',	1,	1,	NULL),
(92,	'',	'2021-12-05 08:56:09',	'2021-12-05 08:56:09',	NULL,	'0',	44,	1,	NULL),
(93,	'',	'2021-12-05 08:56:09',	'2021-12-05 08:56:09',	NULL,	'0',	25,	1,	NULL),
(94,	'',	'2021-12-05 08:56:09',	'2021-12-05 08:56:09',	NULL,	'0',	25,	1,	NULL),
(95,	'',	'2021-12-05 08:56:09',	'2021-12-05 08:56:09',	NULL,	'0',	25,	1,	NULL),
(96,	'',	'2021-12-05 08:56:09',	'2021-12-05 08:56:09',	NULL,	'0',	25,	1,	NULL),
(97,	'',	'2021-12-05 08:56:10',	'2021-12-05 08:56:10',	NULL,	'0',	31,	1,	NULL),
(98,	'',	'2021-12-05 08:56:10',	'2021-12-05 08:56:10',	NULL,	'0',	1,	1,	NULL),
(99,	'',	'2021-12-05 08:56:10',	'2021-12-05 08:56:10',	NULL,	'0',	31,	1,	NULL),
(100,	'',	'2021-12-05 08:56:11',	'2021-12-05 08:56:11',	NULL,	'0',	1,	1,	NULL),
(101,	'',	'2021-12-05 08:56:11',	'2021-12-05 08:56:11',	NULL,	'0',	31,	1,	NULL),
(102,	'',	'2021-12-05 08:56:11',	'2021-12-05 08:56:11',	NULL,	'0',	1,	1,	NULL),
(103,	'',	'2021-12-05 08:56:12',	'2021-12-05 08:56:12',	NULL,	'0',	31,	1,	NULL),
(104,	'',	'2021-12-05 08:56:12',	'2021-12-05 08:56:12',	NULL,	'0',	1,	1,	NULL),
(105,	'',	'2021-12-05 08:56:13',	'2021-12-05 08:56:13',	NULL,	'0',	31,	1,	NULL),
(106,	'',	'2021-12-05 08:56:13',	'2021-12-05 08:56:13',	NULL,	'0',	1,	1,	NULL),
(107,	'',	'2021-12-05 08:56:13',	'2021-12-05 08:56:13',	NULL,	'0',	31,	1,	NULL),
(108,	'',	'2021-12-05 08:56:13',	'2021-12-05 08:56:13',	NULL,	'0',	1,	1,	NULL),
(109,	'',	'2021-12-05 08:56:14',	'2021-12-05 08:56:14',	NULL,	'0',	8,	1,	NULL),
(110,	'',	'2021-12-05 08:56:14',	'2021-12-05 08:56:14',	NULL,	'0',	44,	1,	NULL),
(111,	'',	'2021-12-05 08:56:14',	'2021-12-05 08:56:14',	NULL,	'0',	25,	1,	NULL),
(112,	'',	'2021-12-05 08:56:14',	'2021-12-05 08:56:14',	NULL,	'0',	25,	1,	NULL),
(113,	'',	'2021-12-05 08:56:14',	'2021-12-05 08:56:14',	NULL,	'0',	5,	1,	NULL),
(114,	'',	'2021-12-05 08:56:14',	'2021-12-05 08:56:14',	NULL,	'0',	44,	1,	NULL),
(115,	'',	'2021-12-05 08:56:14',	'2021-12-05 08:56:14',	NULL,	'0',	25,	1,	NULL),
(116,	'',	'2021-12-05 08:56:14',	'2021-12-05 08:56:14',	NULL,	'0',	25,	1,	NULL),
(117,	'',	'2021-12-05 08:56:14',	'2021-12-05 08:56:14',	NULL,	'0',	25,	1,	NULL),
(118,	'',	'2021-12-05 08:56:14',	'2021-12-05 08:56:14',	NULL,	'0',	25,	1,	NULL),
(119,	'',	'2021-12-05 08:56:14',	'2021-12-05 08:56:14',	NULL,	'0',	25,	1,	NULL),
(120,	'',	'2021-12-05 08:56:14',	'2021-12-05 08:56:14',	NULL,	'0',	25,	1,	NULL),
(121,	'',	'2021-12-05 08:56:15',	'2021-12-05 08:56:15',	NULL,	'0',	5,	1,	NULL),
(122,	'',	'2021-12-05 08:56:15',	'2021-12-05 08:56:15',	NULL,	'0',	44,	1,	NULL),
(123,	'',	'2021-12-05 08:56:15',	'2021-12-05 08:56:15',	NULL,	'0',	3,	1,	NULL),
(124,	'',	'2021-12-05 08:56:15',	'2021-12-05 08:56:15',	NULL,	'0',	1,	1,	NULL),
(125,	'',	'2021-12-05 08:56:15',	'2021-12-05 08:56:15',	NULL,	'0',	23,	1,	NULL),
(126,	'',	'2021-12-05 08:56:15',	'2021-12-05 08:56:15',	NULL,	'0',	1,	1,	NULL),
(127,	'',	'2021-12-05 08:56:16',	'2021-12-05 08:56:16',	NULL,	'0',	23,	1,	NULL),
(128,	'',	'2021-12-05 08:56:16',	'2021-12-05 08:56:16',	NULL,	'0',	1,	1,	NULL),
(129,	'',	'2021-12-05 08:56:17',	'2021-12-05 08:56:17',	NULL,	'0',	23,	1,	NULL),
(130,	'',	'2021-12-05 08:56:17',	'2021-12-05 08:56:17',	NULL,	'0',	1,	1,	NULL),
(131,	'',	'2021-12-05 08:56:17',	'2021-12-05 08:56:17',	NULL,	'0',	18,	1,	NULL),
(132,	'',	'2021-12-05 08:56:18',	'2021-12-05 08:56:18',	NULL,	'0',	8,	1,	NULL),
(133,	'',	'2021-12-05 08:56:18',	'2021-12-05 08:56:18',	NULL,	'0',	44,	1,	NULL),
(134,	'',	'2021-12-05 08:56:18',	'2021-12-05 08:56:18',	NULL,	'0',	35,	1,	NULL),
(135,	'',	'2021-12-05 08:56:18',	'2021-12-05 08:56:18',	NULL,	'0',	1,	1,	NULL),
(136,	'',	'2021-12-05 08:56:18',	'2021-12-05 08:56:18',	NULL,	'0',	5,	1,	NULL),
(137,	'',	'2021-12-05 08:56:18',	'2021-12-05 08:56:18',	NULL,	'0',	44,	1,	NULL),
(138,	'',	'2021-12-05 08:56:18',	'2021-12-05 08:56:18',	NULL,	'0',	3,	1,	NULL),
(139,	'',	'2021-12-05 08:56:18',	'2021-12-05 08:56:18',	NULL,	'0',	1,	1,	NULL),
(140,	'',	'2021-12-05 08:56:18',	'2021-12-05 08:56:18',	NULL,	'0',	1,	1,	NULL),
(141,	'',	'2021-12-05 08:56:18',	'2021-12-05 08:56:18',	NULL,	'0',	17,	1,	NULL),
(142,	'',	'2021-12-05 08:56:18',	'2021-12-05 08:56:18',	NULL,	'0',	1,	1,	NULL),
(143,	'',	'2021-12-05 08:56:18',	'2021-12-05 08:56:18',	NULL,	'0',	8,	1,	NULL),
(144,	'',	'2021-12-05 08:56:18',	'2021-12-05 08:56:18',	NULL,	'0',	44,	1,	NULL),
(145,	'',	'2021-12-05 08:56:18',	'2021-12-05 08:56:18',	NULL,	'0',	3,	1,	NULL),
(146,	'',	'2021-12-05 08:56:19',	'2021-12-05 08:56:19',	NULL,	'0',	1,	1,	NULL),
(147,	'',	'2021-12-05 08:56:19',	'2021-12-05 08:56:19',	NULL,	'0',	1,	1,	NULL),
(148,	'',	'2021-12-05 08:56:19',	'2021-12-05 08:56:19',	NULL,	'0',	5,	1,	NULL),
(149,	'',	'2021-12-05 08:56:19',	'2021-12-05 08:56:19',	NULL,	'0',	44,	1,	NULL),
(150,	'',	'2021-12-05 08:56:19',	'2021-12-05 08:56:19',	NULL,	'0',	1,	1,	NULL),
(151,	'',	'2021-12-05 08:56:19',	'2021-12-05 08:56:19',	NULL,	'0',	1,	1,	NULL),
(152,	'',	'2021-12-05 08:56:19',	'2021-12-05 08:56:19',	NULL,	'0',	3,	1,	NULL),
(153,	'',	'2021-12-05 08:56:19',	'2021-12-05 08:56:19',	NULL,	'0',	1,	1,	NULL),
(154,	'',	'2021-12-05 08:56:19',	'2021-12-05 08:56:19',	NULL,	'0',	5,	1,	NULL),
(155,	'',	'2021-12-05 08:56:19',	'2021-12-05 08:56:19',	NULL,	'0',	44,	1,	NULL),
(156,	'',	'2021-12-05 08:56:19',	'2021-12-05 08:56:19',	NULL,	'0',	3,	1,	NULL),
(157,	'',	'2021-12-05 08:56:19',	'2021-12-05 08:56:19',	NULL,	'0',	1,	1,	NULL),
(158,	'',	'2021-12-05 08:56:19',	'2021-12-05 08:56:19',	NULL,	'0',	8,	1,	NULL),
(159,	'',	'2021-12-05 08:56:19',	'2021-12-05 08:56:19',	NULL,	'0',	3,	1,	NULL),
(160,	'',	'2021-12-05 08:56:19',	'2021-12-05 08:56:19',	NULL,	'0',	2,	1,	NULL),
(161,	'',	'2021-12-05 08:56:20',	'2021-12-05 08:56:20',	NULL,	'0',	44,	1,	NULL),
(162,	'',	'2021-12-05 08:56:20',	'2021-12-05 08:56:20',	NULL,	'0',	6,	1,	NULL),
(163,	'',	'2021-12-05 08:56:20',	'2021-12-05 08:56:20',	NULL,	'0',	6,	1,	NULL),
(164,	'',	'2021-12-05 08:56:20',	'2021-12-05 08:56:20',	NULL,	'0',	6,	1,	NULL),
(165,	'',	'2021-12-05 08:56:20',	'2021-12-05 08:56:20',	NULL,	'0',	6,	1,	NULL),
(166,	'',	'2021-12-05 08:56:20',	'2021-12-05 08:56:20',	NULL,	'0',	6,	1,	NULL),
(167,	'',	'2021-12-05 08:56:20',	'2021-12-05 08:56:20',	NULL,	'0',	6,	1,	NULL),
(168,	'',	'2021-12-05 08:56:20',	'2021-12-05 08:56:20',	NULL,	'0',	5,	1,	NULL),
(169,	'',	'2021-12-05 08:56:20',	'2021-12-05 08:56:20',	NULL,	'0',	44,	1,	NULL),
(170,	'',	'2021-12-05 08:56:20',	'2021-12-05 08:56:20',	NULL,	'0',	1,	1,	NULL),
(171,	'',	'2021-12-05 08:56:20',	'2021-12-05 08:56:20',	NULL,	'0',	10,	1,	NULL),
(172,	'',	'2021-12-05 08:56:20',	'2021-12-05 08:56:20',	NULL,	'0',	1,	1,	NULL),
(173,	'',	'2021-12-05 08:56:21',	'2021-12-05 08:56:21',	NULL,	'0',	1,	1,	NULL),
(174,	'',	'2021-12-05 08:56:22',	'2021-12-05 08:56:22',	NULL,	'0',	8,	1,	NULL),
(175,	'',	'2021-12-05 08:56:22',	'2021-12-05 08:56:22',	NULL,	'0',	9,	1,	NULL),
(178,	'',	'2021-12-08 12:02:03',	'2021-12-08 12:12:35',	NULL,	'0',	51,	1,	NULL),
(179,	'',	'2021-12-08 13:10:24',	'2021-12-08 13:10:24',	NULL,	'0',	51,	1,	NULL),
(180,	'',	'2021-12-08 13:11:29',	'2021-12-08 13:11:29',	NULL,	'0',	51,	1,	NULL),
(185,	'',	'2021-12-08 17:33:31',	'2021-12-08 17:33:31',	NULL,	'0',	53,	1,	NULL),
(186,	'',	'2021-12-08 17:38:58',	'2021-12-08 17:38:58',	NULL,	'0',	53,	1,	NULL),
(187,	'',	'2021-12-08 17:52:09',	'2021-12-08 17:52:09',	NULL,	'0',	54,	1,	NULL),
(193,	'',	'2021-12-28 14:48:18',	'2021-12-28 14:48:18',	NULL,	'0',	44,	1,	NULL),
(194,	'',	'2021-12-28 14:56:08',	'2021-12-28 14:56:08',	NULL,	'0',	53,	1,	NULL),
(195,	'',	'2021-12-28 14:57:55',	'2021-12-28 14:57:55',	NULL,	'0',	53,	1,	NULL),
(196,	'',	'2021-12-28 14:58:51',	'2021-12-28 14:58:51',	NULL,	'0',	53,	1,	NULL),
(197,	'',	'2021-12-28 15:24:28',	'2021-12-28 15:24:28',	NULL,	'0',	44,	1,	NULL),
(198,	'',	'2021-12-28 15:31:14',	'2021-12-28 15:31:14',	NULL,	'0',	44,	1,	NULL),
(199,	'',	'2021-12-28 15:32:02',	'2021-12-28 15:32:02',	NULL,	'0',	55,	1,	NULL),
(200,	'',	'2021-12-28 16:08:16',	'2021-12-28 16:08:16',	NULL,	'0',	44,	1,	NULL),
(201,	'',	'2021-12-28 16:20:24',	'2021-12-28 16:20:24',	NULL,	'0',	44,	1,	NULL),
(202,	'',	'2021-12-28 16:28:25',	'2021-12-28 16:28:25',	NULL,	'0',	56,	1,	NULL),
(208,	'',	'2021-12-29 10:51:15',	'2021-12-29 10:51:15',	NULL,	'0',	58,	1,	NULL),
(210,	'',	'2021-12-29 11:31:38',	'2021-12-29 11:31:38',	NULL,	'0',	59,	1,	NULL),
(212,	'',	'2021-12-29 14:03:45',	'2021-12-29 14:03:45',	NULL,	'0',	60,	1,	NULL),
(213,	'',	'2021-12-29 14:08:41',	'2021-12-29 14:08:57',	NULL,	'1',	60,	1,	NULL),
(215,	'',	'2021-12-29 14:10:43',	'2021-12-29 14:10:43',	NULL,	'0',	44,	1,	NULL),
(216,	'',	'2021-12-29 14:11:41',	'2021-12-29 14:11:41',	NULL,	'0',	60,	1,	NULL),
(218,	'',	'2021-12-29 14:27:57',	'2021-12-29 14:27:57',	NULL,	'0',	44,	1,	NULL),
(219,	'',	'2021-12-29 14:28:26',	'2021-12-29 14:28:26',	NULL,	'0',	61,	1,	NULL),
(220,	'',	'2021-12-29 14:34:05',	'2021-12-29 14:34:05',	NULL,	'0',	44,	1,	NULL),
(221,	'',	'2021-12-29 14:34:34',	'2021-12-29 14:34:34',	NULL,	'0',	57,	1,	NULL),
(222,	'',	'2021-12-29 14:44:34',	'2021-12-29 14:44:34',	NULL,	'0',	57,	1,	NULL),
(223,	'',	'2021-12-29 14:44:51',	'2021-12-29 14:44:51',	NULL,	'0',	44,	1,	NULL),
(224,	'',	'2021-12-29 14:45:49',	'2021-12-29 14:45:49',	NULL,	'0',	1,	1,	NULL),
(225,	'',	'2021-12-29 14:46:13',	'2021-12-29 14:46:36',	NULL,	'0',	1,	1,	NULL),
(227,	'',	'2021-12-29 14:49:46',	'2021-12-29 14:49:46',	NULL,	'0',	44,	1,	NULL),
(228,	'',	'2021-12-29 14:50:14',	'2021-12-29 14:50:14',	NULL,	'0',	1,	1,	NULL),
(229,	'',	'2021-12-29 15:01:32',	'2021-12-29 15:01:32',	NULL,	'0',	58,	1,	NULL),
(230,	'',	'2021-12-29 15:02:20',	'2021-12-29 15:02:20',	NULL,	'0',	46,	1,	NULL),
(232,	'',	'2021-12-29 15:02:32',	'2021-12-29 15:02:32',	NULL,	'0',	46,	1,	NULL),
(233,	'',	'2021-12-29 15:02:33',	'2021-12-29 15:02:33',	NULL,	'0',	46,	1,	NULL),
(244,	'',	'2021-12-29 15:12:25',	'2021-12-29 15:12:25',	NULL,	'0',	44,	1,	NULL),
(253,	'',	'2021-12-29 15:33:35',	'2021-12-29 15:33:35',	NULL,	'0',	46,	1,	NULL),
(254,	'',	'2021-12-29 15:33:36',	'2021-12-29 15:33:36',	NULL,	'0',	46,	1,	NULL),
(259,	'',	'2021-12-29 15:46:30',	'2021-12-29 15:46:30',	NULL,	'0',	46,	1,	NULL),
(261,	'',	'2021-12-29 15:46:41',	'2021-12-29 15:46:41',	NULL,	'0',	46,	1,	NULL),
(262,	'',	'2021-12-29 15:46:45',	'2021-12-29 15:46:45',	NULL,	'0',	46,	1,	NULL),
(263,	'',	'2021-12-29 15:46:46',	'2021-12-29 15:46:46',	NULL,	'0',	46,	1,	NULL),
(265,	'',	'2021-12-29 16:14:13',	'2021-12-29 16:14:13',	NULL,	'0',	62,	1,	NULL),
(266,	'',	'2021-12-29 16:14:46',	'2021-12-29 16:14:46',	NULL,	'0',	44,	1,	NULL),
(267,	'',	'2021-12-29 16:15:02',	'2021-12-29 16:15:02',	NULL,	'0',	1,	1,	NULL),
(268,	'',	'2021-12-29 16:19:04',	'2021-12-29 16:19:04',	NULL,	'0',	63,	1,	NULL),
(270,	'',	'2021-12-29 16:28:08',	'2021-12-29 16:28:08',	NULL,	'0',	59,	1,	NULL),
(272,	'',	'2021-12-29 17:07:07',	'2021-12-29 17:07:07',	NULL,	'0',	44,	1,	NULL),
(273,	'',	'2021-12-29 17:07:22',	'2021-12-29 17:07:22',	NULL,	'0',	44,	1,	NULL),
(274,	'',	'2021-12-29 17:08:23',	'2021-12-29 17:08:23',	NULL,	'0',	57,	1,	NULL),
(275,	'',	'2021-12-29 17:09:37',	'2021-12-29 17:09:37',	NULL,	'0',	59,	1,	NULL),
(277,	'',	'2021-12-29 17:10:21',	'2021-12-29 17:10:21',	NULL,	'1',	59,	1,	NULL),
(278,	'',	'2021-12-29 17:36:12',	'2021-12-29 17:36:12',	NULL,	'0',	57,	1,	NULL),
(279,	'',	'2021-12-29 17:36:38',	'2021-12-29 17:36:38',	NULL,	'0',	44,	1,	NULL),
(280,	'',	'2021-12-29 17:40:20',	'2021-12-29 17:40:20',	NULL,	'0',	60,	1,	NULL),
(283,	'',	'2021-12-29 17:54:07',	'2021-12-29 17:54:07',	NULL,	'0',	60,	1,	NULL),
(284,	'',	'2021-12-29 17:54:49',	'2021-12-29 17:54:49',	NULL,	'0',	46,	1,	NULL),
(285,	'',	'2021-12-29 17:54:56',	'2021-12-29 17:54:56',	NULL,	'0',	46,	1,	NULL),
(286,	'',	'2021-12-30 10:40:41',	'2021-12-30 10:40:41',	NULL,	'0',	61,	1,	NULL),
(287,	'',	'2021-12-30 10:58:48',	'2021-12-30 10:58:48',	NULL,	'0',	65,	1,	NULL),
(288,	'',	'2021-12-30 11:02:31',	'2021-12-30 11:02:31',	NULL,	'0',	49,	1,	NULL),
(289,	'',	'2021-12-30 11:06:29',	'2021-12-30 11:06:29',	NULL,	'0',	66,	1,	NULL),
(290,	'',	'2021-12-30 11:08:35',	'2021-12-30 11:08:35',	NULL,	'1',	60,	1,	NULL),
(291,	'',	'2021-12-30 11:09:42',	'2021-12-30 11:09:42',	NULL,	'1',	60,	1,	NULL),
(293,	'',	'2021-12-30 11:11:03',	'2021-12-30 11:11:03',	NULL,	'0',	57,	1,	NULL),
(295,	'',	'2021-12-30 12:07:13',	'2021-12-30 12:07:13',	NULL,	'0',	44,	1,	NULL),
(296,	'',	'2021-12-30 12:07:42',	'2021-12-30 12:07:42',	NULL,	'0',	67,	1,	NULL),
(297,	'',	'2021-12-30 12:13:15',	'2021-12-30 12:13:15',	NULL,	'0',	44,	1,	NULL),
(298,	'',	'2021-12-30 12:15:59',	'2021-12-30 12:15:59',	NULL,	'0',	3,	1,	NULL),
(299,	'',	'2021-12-30 12:17:00',	'2021-12-30 12:17:00',	NULL,	'1',	3,	1,	NULL),
(300,	'',	'2021-12-30 12:18:49',	'2021-12-30 12:18:49',	NULL,	'0',	55,	1,	NULL),
(301,	'',	'2021-12-30 12:38:27',	'2021-12-30 12:38:27',	NULL,	'0',	68,	1,	NULL),
(302,	'',	'2021-12-30 12:43:30',	'2021-12-30 12:43:30',	NULL,	'0',	44,	1,	NULL),
(303,	'',	'2021-12-30 12:44:21',	'2021-12-30 12:44:45',	NULL,	'0',	3,	1,	NULL),
(305,	'',	'2021-12-30 12:48:44',	'2021-12-30 12:48:44',	NULL,	'0',	46,	1,	NULL),
(306,	'',	'2021-12-30 12:54:05',	'2021-12-30 12:54:05',	NULL,	'1',	55,	1,	NULL),
(308,	'',	'2021-12-30 13:01:59',	'2021-12-30 13:01:59',	NULL,	'0',	44,	1,	NULL),
(309,	'',	'2021-12-30 13:05:27',	'2021-12-30 13:06:38',	NULL,	'0',	1,	1,	NULL),
(310,	'',	'2021-12-30 14:53:59',	'2021-12-30 14:53:59',	NULL,	'0',	44,	1,	NULL),
(311,	'',	'2021-12-30 14:56:33',	'2021-12-30 14:56:33',	NULL,	'0',	70,	1,	NULL),
(312,	'',	'2021-12-30 14:57:31',	'2021-12-30 14:57:31',	NULL,	'0',	69,	1,	NULL),
(313,	'',	'2021-12-30 15:00:52',	'2021-12-30 15:00:52',	NULL,	'0',	1,	1,	NULL),
(314,	'',	'2021-12-30 15:03:00',	'2021-12-30 15:03:00',	NULL,	'0',	66,	1,	NULL),
(315,	'',	'2021-12-30 15:04:18',	'2021-12-30 15:04:53',	NULL,	'1',	1,	1,	NULL),
(317,	'',	'2021-12-30 15:10:51',	'2021-12-30 15:10:51',	NULL,	'0',	67,	1,	NULL),
(319,	'',	'2021-12-30 15:12:50',	'2021-12-30 15:13:16',	NULL,	'0',	67,	1,	NULL),
(321,	'',	'2021-12-30 15:15:53',	'2021-12-30 15:16:13',	NULL,	'0',	3,	1,	NULL),
(322,	'',	'2021-12-30 15:43:26',	'2021-12-30 15:43:26',	NULL,	'0',	44,	1,	NULL),
(323,	'',	'2021-12-30 15:43:56',	'2021-12-30 15:43:56',	NULL,	'0',	44,	1,	NULL),
(324,	'',	'2021-12-30 15:44:31',	'2021-12-30 15:44:31',	NULL,	'0',	71,	1,	NULL),
(325,	'',	'2022-01-01 11:31:39',	'2022-01-01 11:31:39',	NULL,	'0',	44,	1,	NULL),
(326,	'',	'2022-01-01 11:32:31',	'2022-01-01 11:32:31',	NULL,	'0',	72,	1,	NULL),
(327,	'',	'2022-01-01 11:35:46',	'2022-01-01 11:35:46',	NULL,	'0',	67,	1,	NULL),
(329,	'',	'2022-01-01 11:53:27',	'2022-01-01 11:53:27',	NULL,	'0',	44,	1,	NULL),
(330,	'',	'2022-01-01 11:54:38',	'2022-01-01 11:55:34',	NULL,	'0',	74,	1,	NULL),
(331,	'',	'2022-01-01 12:15:39',	'2022-01-01 12:15:39',	NULL,	'0',	44,	1,	NULL),
(332,	'',	'2022-01-01 12:16:30',	'2022-01-01 12:16:30',	NULL,	'0',	75,	1,	NULL),
(333,	'',	'2022-01-01 13:00:19',	'2022-01-01 13:00:19',	NULL,	'0',	76,	1,	NULL),
(334,	'',	'2022-01-01 13:07:58',	'2022-01-01 13:07:58',	NULL,	'1',	76,	1,	NULL),
(335,	'',	'2022-01-01 13:09:32',	'2022-01-01 13:09:32',	NULL,	'0',	76,	1,	NULL),
(336,	'',	'2022-01-01 13:10:20',	'2022-01-01 13:10:20',	NULL,	'0',	76,	1,	NULL),
(337,	'',	'2022-01-01 13:10:44',	'2022-01-01 13:10:44',	NULL,	'0',	44,	1,	NULL),
(338,	'',	'2022-01-01 13:11:28',	'2022-01-01 13:11:28',	NULL,	'0',	71,	1,	NULL),
(339,	'',	'2022-01-01 13:11:39',	'2022-01-01 13:11:39',	NULL,	'0',	44,	1,	NULL),
(340,	'',	'2022-01-01 13:12:16',	'2022-01-01 13:12:16',	NULL,	'0',	76,	1,	NULL),
(341,	'',	'2022-01-01 13:12:52',	'2022-01-01 13:12:52',	NULL,	'0',	76,	1,	NULL),
(342,	'',	'2022-01-01 13:13:28',	'2022-01-01 13:13:28',	NULL,	'0',	76,	1,	NULL),
(345,	'',	'2022-01-01 13:20:23',	'2022-01-01 13:20:23',	NULL,	'0',	44,	1,	NULL),
(346,	'',	'2022-01-01 13:20:36',	'2022-01-01 13:20:36',	NULL,	'0',	71,	1,	NULL),
(347,	'',	'2022-01-01 13:23:36',	'2022-01-01 13:23:36',	NULL,	'0',	71,	1,	NULL),
(349,	'',	'2022-01-01 13:24:38',	'2022-01-01 13:24:38',	NULL,	'0',	44,	1,	NULL),
(351,	'',	'2022-01-01 13:25:46',	'2022-01-01 13:29:13',	NULL,	'1',	74,	1,	NULL),
(352,	'',	'2022-01-01 13:29:31',	'2022-01-01 13:29:31',	NULL,	'0',	44,	1,	NULL),
(353,	'',	'2022-01-01 13:34:18',	'2022-01-01 13:36:28',	NULL,	'0',	77,	1,	NULL),
(357,	'',	'2022-01-01 13:35:08',	'2022-01-01 13:36:17',	NULL,	'1',	77,	1,	NULL),
(358,	'',	'2022-01-01 13:35:18',	'2022-01-01 13:35:46',	NULL,	'1',	77,	1,	NULL),
(359,	'',	'2022-01-01 13:36:02',	'2022-01-01 13:36:03',	NULL,	'1',	77,	1,	NULL),
(360,	'',	'2022-01-01 13:47:53',	'2022-01-01 13:47:53',	NULL,	'0',	44,	1,	NULL),
(361,	'',	'2022-01-01 13:54:06',	'2022-01-01 13:59:46',	NULL,	'0',	78,	1,	NULL),
(362,	'',	'2022-01-01 14:02:15',	'2022-01-01 14:04:03',	NULL,	'1',	78,	1,	NULL),
(363,	'',	'2022-01-04 12:34:22',	'2022-01-04 12:34:23',	NULL,	'1',	78,	1,	NULL),
(364,	'',	'2022-01-04 12:34:53',	'2022-01-04 12:34:53',	NULL,	'0',	44,	1,	NULL),
(365,	'',	'2022-01-04 12:35:15',	'2022-01-04 12:35:15',	NULL,	'0',	66,	1,	NULL),
(367,	'',	'2022-01-04 12:42:23',	'2022-01-04 12:42:23',	NULL,	'0',	79,	1,	NULL),
(368,	'',	'2022-01-04 12:42:23',	'2022-01-04 12:42:23',	NULL,	'0',	79,	1,	NULL),
(370,	'',	'2022-01-04 12:45:13',	'2022-01-04 12:45:13',	NULL,	'0',	67,	1,	NULL),
(372,	'',	'2022-01-04 12:49:41',	'2022-01-04 12:49:41',	NULL,	'0',	1,	1,	NULL),
(373,	'',	'2022-01-04 13:01:43',	'2022-01-04 13:01:43',	NULL,	'0',	44,	1,	NULL),
(374,	'',	'2022-01-04 13:03:25',	'2022-01-04 13:03:25',	NULL,	'0',	80,	1,	NULL),
(375,	'',	'2022-01-04 13:38:01',	'2022-01-04 13:38:01',	NULL,	'0',	81,	1,	NULL),
(376,	'',	'2022-01-04 13:45:07',	'2022-01-04 13:45:18',	NULL,	'0',	81,	1,	NULL),
(377,	'',	'2022-01-04 13:46:06',	'2022-01-04 13:46:06',	NULL,	'0',	46,	1,	NULL),
(378,	'',	'2022-01-04 13:46:16',	'2022-01-04 13:46:16',	NULL,	'0',	46,	1,	NULL),
(380,	'',	'2022-01-04 13:47:19',	'2022-01-04 13:47:19',	NULL,	'0',	44,	1,	NULL),
(381,	'',	'2022-01-04 13:47:39',	'2022-01-04 13:48:09',	NULL,	'0',	71,	1,	NULL),
(382,	'',	'2022-01-04 13:47:53',	'2022-01-04 13:47:53',	NULL,	'0',	44,	1,	NULL),
(383,	'',	'2022-01-04 13:48:24',	'2022-01-04 13:48:24',	NULL,	'0',	46,	1,	NULL),
(389,	'',	'2022-01-04 13:54:06',	'2022-01-04 13:54:06',	NULL,	'0',	71,	1,	NULL),
(391,	'',	'2022-01-04 13:55:25',	'2022-01-04 13:55:25',	NULL,	'0',	44,	1,	NULL),
(398,	'',	'2022-01-04 13:59:31',	'2022-01-04 13:59:31',	NULL,	'1',	81,	1,	NULL),
(399,	'',	'2022-01-04 14:00:08',	'2022-01-04 14:00:08',	NULL,	'1',	81,	1,	NULL),
(400,	'',	'2022-01-04 14:00:46',	'2022-01-04 14:00:46',	NULL,	'1',	81,	1,	NULL),
(401,	'',	'2022-01-04 14:01:10',	'2022-01-04 14:01:10',	NULL,	'1',	81,	1,	NULL),
(402,	'',	'2022-01-04 14:01:39',	'2022-01-04 14:01:39',	NULL,	'1',	81,	1,	NULL),
(403,	'',	'2022-01-04 14:04:04',	'2022-01-04 14:04:05',	NULL,	'1',	81,	1,	NULL),
(404,	'',	'2022-01-04 14:04:59',	'2022-01-04 14:04:59',	NULL,	'1',	81,	1,	NULL),
(405,	'',	'2022-01-04 14:05:19',	'2022-01-04 14:05:19',	NULL,	'1',	81,	1,	NULL),
(406,	'',	'2022-01-04 14:07:27',	'2022-01-04 14:07:27',	NULL,	'1',	1,	1,	NULL),
(407,	'',	'2022-01-04 14:45:57',	'2022-01-04 14:45:58',	NULL,	'1',	1,	1,	NULL),
(408,	'',	'2022-01-04 15:13:25',	'2022-01-04 15:13:25',	NULL,	'0',	44,	1,	NULL),
(409,	'',	'2022-01-04 15:14:32',	'2022-01-04 15:15:26',	NULL,	'0',	72,	1,	NULL),
(410,	'',	'2022-01-04 15:16:35',	'2022-01-04 15:16:35',	NULL,	'0',	67,	1,	NULL),
(411,	'',	'2022-01-04 15:34:19',	'2022-01-04 15:34:19',	NULL,	'0',	1,	1,	NULL),
(412,	'',	'2022-01-04 16:20:47',	'2022-01-04 16:20:47',	NULL,	'0',	1,	1,	NULL),
(414,	'',	'2022-01-04 16:40:04',	'2022-01-04 16:42:52',	NULL,	'1',	69,	1,	NULL),
(415,	'',	'2022-01-04 16:43:26',	'2022-01-04 16:44:13',	NULL,	'1',	69,	1,	NULL);

DROP TABLE IF EXISTS `BlockTypePermissionBlockTypeAccessList`;
CREATE TABLE `BlockTypePermissionBlockTypeAccessList` (
  `paID` int(10) unsigned NOT NULL DEFAULT '0',
  `peID` int(10) unsigned NOT NULL DEFAULT '0',
  `permission` varchar(1) COLLATE utf8mb4_unicode_ci NOT NULL DEFAULT '1',
  PRIMARY KEY (`paID`,`peID`),
  KEY `peID` (`peID`)
) ENGINE=InnoDB DEFAULT CHARSET=utf8mb4 COLLATE=utf8mb4_unicode_ci;

INSERT INTO `BlockTypePermissionBlockTypeAccessList` (`paID`, `peID`, `permission`) VALUES
(121,	1,	'C');

DROP TABLE IF EXISTS `BlockTypePermissionBlockTypeAccessListCustom`;
CREATE TABLE `BlockTypePermissionBlockTypeAccessListCustom` (
  `paID` int(10) unsigned NOT NULL DEFAULT '0',
  `peID` int(10) unsigned NOT NULL DEFAULT '0',
  `btID` int(10) unsigned NOT NULL DEFAULT '0',
  PRIMARY KEY (`paID`,`peID`,`btID`),
  KEY `peID` (`peID`),
  KEY `btID` (`btID`)
) ENGINE=InnoDB DEFAULT CHARSET=utf8mb4 COLLATE=utf8mb4_unicode_ci;


DROP TABLE IF EXISTS `BlockTypes`;
CREATE TABLE `BlockTypes` (
  `btIgnorePageThemeGridFrameworkContainer` tinyint(1) NOT NULL,
  `btID` int(11) NOT NULL AUTO_INCREMENT,
  `btHandle` varchar(128) COLLATE utf8mb4_unicode_ci NOT NULL,
  `btName` varchar(128) COLLATE utf8mb4_unicode_ci NOT NULL,
  `btDescription` longtext COLLATE utf8mb4_unicode_ci NOT NULL,
  `btCopyWhenPropagate` tinyint(1) NOT NULL,
  `btIncludeAll` tinyint(1) NOT NULL,
  `btIsInternal` tinyint(1) NOT NULL,
  `btSupportsInlineEdit` tinyint(1) NOT NULL,
  `btSupportsInlineAdd` tinyint(1) NOT NULL,
  `btDisplayOrder` int(11) NOT NULL,
  `btInterfaceHeight` int(11) NOT NULL,
  `btInterfaceWidth` int(11) NOT NULL,
  `pkgID` int(10) unsigned NOT NULL,
  PRIMARY KEY (`btID`)
) ENGINE=InnoDB DEFAULT CHARSET=utf8mb4 COLLATE=utf8mb4_unicode_ci;

INSERT INTO `BlockTypes` (`btIgnorePageThemeGridFrameworkContainer`, `btID`, `btHandle`, `btName`, `btDescription`, `btCopyWhenPropagate`, `btIncludeAll`, `btIsInternal`, `btSupportsInlineEdit`, `btSupportsInlineAdd`, `btDisplayOrder`, `btInterfaceHeight`, `btInterfaceWidth`, `pkgID`) VALUES
(0,	1,	'content',	'Content',	'HTML/WYSIWYG Editor Content.',	0,	0,	0,	1,	1,	0,	465,	600,	0),
(1,	2,	'html',	'HTML',	'For adding HTML by hand.',	0,	0,	0,	0,	0,	0,	500,	600,	0),
(0,	3,	'image',	'Image',	'Adds images and onstates from the library to pages.',	0,	0,	0,	0,	0,	0,	550,	400,	0),
(0,	4,	'file',	'File',	'Link to files stored in the asset library.',	0,	0,	0,	0,	0,	0,	320,	300,	0),
(1,	5,	'horizontal_rule',	'Horizontal Rule',	'Adds a thin hairline horizontal divider to the page.',	0,	0,	0,	0,	0,	0,	400,	400,	0),
(0,	6,	'feature',	'Feature',	'Displays an icon, a title, and a short paragraph description.',	0,	0,	0,	0,	0,	0,	520,	400,	0),
(0,	7,	'autonav',	'Auto-Nav',	'Creates navigation trees and sitemaps.',	0,	0,	0,	0,	0,	0,	525,	700,	0),
(0,	8,	'page_title',	'Page Title',	'Displays a Page\'s Title',	0,	0,	0,	0,	0,	0,	500,	470,	0),
(0,	9,	'faq',	'FAQ',	'Frequently Asked Questions Block',	0,	0,	0,	0,	0,	0,	465,	600,	0),
(0,	10,	'page_list',	'Page List',	'List pages based on type, area.',	0,	0,	0,	0,	0,	0,	525,	700,	0),
(0,	11,	'next_previous',	'Next & Previous Nav',	'Navigate through sibling pages.',	0,	0,	0,	0,	0,	0,	400,	430,	0),
(0,	12,	'date_navigation',	'Date Navigation',	'Displays a list of months to filter a page list by.',	0,	0,	0,	0,	0,	0,	450,	400,	0),
(0,	13,	'tags',	'Tags',	'List pages based on type, area.',	0,	0,	0,	0,	0,	0,	439,	450,	0),
(0,	14,	'topic_list',	'Topic List',	'Displays a list of your site\'s topics, allowing you to click on them to filter a page list.',	0,	0,	0,	0,	0,	0,	400,	400,	0),
(0,	15,	'rss_displayer',	'RSS Displayer',	'Fetch, parse and display the contents of an RSS or Atom feed.',	0,	0,	0,	0,	0,	0,	550,	400,	0),
(0,	16,	'switch_language',	'Switch Language',	'Adds a front-end language switcher to your website.',	0,	0,	0,	0,	0,	0,	150,	500,	0),
(0,	17,	'express_form',	'Form',	'Build simple forms and surveys.',	0,	0,	0,	0,	0,	0,	700,	640,	0),
(0,	18,	'search',	'Search',	'Add a search box to your site.',	0,	0,	0,	0,	0,	0,	420,	400,	0),
(0,	19,	'external_form',	'External Form',	'Include external forms in the filesystem and place them on pages.',	0,	0,	0,	0,	0,	0,	175,	420,	0),
(0,	20,	'express_entry_list',	'Express Entry List',	'Add a searchable Express entry list to a page.',	0,	0,	0,	0,	0,	0,	400,	640,	0),
(0,	21,	'express_entry_detail',	'Express Entry Detail',	'Add an Express entry detail display to a page.',	0,	0,	0,	0,	0,	0,	400,	640,	0),
(0,	22,	'survey',	'Survey',	'Provide a simple survey, along with results in a pie chart format.',	0,	0,	0,	0,	0,	0,	500,	500,	0),
(0,	23,	'core_conversation',	'Conversation',	'Displays conversations on a page.',	1,	0,	0,	0,	0,	0,	400,	450,	0),
(0,	24,	'social_links',	'Social Links',	'Allows users to add social icons to their website',	0,	0,	0,	0,	0,	0,	400,	400,	0),
(0,	25,	'testimonial',	'Testimonial',	'Displays a quote or paragraph next to biographical information and a person\'s picture.',	0,	0,	0,	0,	0,	0,	560,	450,	0),
(0,	26,	'share_this_page',	'Share This Page',	'Allows users to share this page with social networks.',	0,	0,	0,	0,	0,	0,	400,	400,	0),
(0,	27,	'calendar',	'Calendar',	'Displays a month view calendar on a page.',	0,	0,	0,	0,	0,	0,	475,	500,	0),
(0,	28,	'event_list',	'Event List',	'Displays a list of events from a calendar.',	0,	0,	0,	0,	0,	0,	340,	500,	0),
(0,	29,	'calendar_event',	'Calendar Event',	'Displays a calendar event on a page.',	0,	0,	0,	0,	0,	0,	400,	550,	0),
(0,	30,	'page_attribute_display',	'Page Attribute Display',	'Displays the value of a page attribute for the current page.',	0,	0,	0,	0,	0,	0,	365,	500,	0),
(1,	31,	'image_slider',	'Image Slider',	'Display your images and captions in an attractive slideshow format.',	0,	0,	0,	0,	0,	0,	550,	600,	0),
(0,	32,	'video',	'Video Player',	'Embeds uploaded video into a web page. Supports WebM, Ogg, and Quicktime/MPEG4 formats.',	0,	0,	0,	0,	0,	0,	440,	450,	0),
(0,	33,	'document_library',	'Document Library',	'Add a searchable document library to a page.',	0,	0,	0,	0,	0,	0,	400,	640,	0),
(0,	34,	'youtube',	'YouTube Video',	'Embeds a YouTube Video in your web page.',	0,	0,	0,	0,	0,	0,	490,	400,	0),
(0,	35,	'google_map',	'Google Map',	'Enter an address and a Google Map of that location will be placed in your page.',	0,	0,	0,	0,	0,	0,	550,	525,	0),
(0,	36,	'desktop_app_status',	'concrete5 Status Messages',	'Displays alerts about your concrete5 site and package updates.',	0,	0,	0,	0,	0,	0,	400,	400,	0),
(0,	37,	'desktop_site_activity',	'Site Activity',	'Displays a graph of recent activity on your site.',	0,	0,	0,	0,	0,	0,	560,	450,	0),
(0,	38,	'desktop_featured_addon',	'Dashboard Featured Add-On',	'Features an add-on from concrete5.org.',	0,	0,	0,	0,	0,	0,	100,	300,	0),
(0,	39,	'desktop_featured_theme',	'Dashboard Featured Theme',	'Features a theme from concrete5.org.',	0,	0,	0,	0,	0,	0,	100,	300,	0),
(0,	40,	'desktop_latest_form',	'Latest Form',	'Shows the latest form submission.',	0,	0,	0,	0,	0,	0,	400,	400,	0),
(0,	41,	'desktop_waiting_for_me',	'Waiting for Me',	'Displays workflow actions waiting for you.',	0,	0,	0,	0,	0,	0,	560,	450,	0),
(0,	42,	'desktop_draft_list',	'Draft List',	'Displays a list of all drafts.',	0,	0,	0,	0,	0,	0,	400,	400,	0),
(0,	43,	'desktop_newsflow_latest',	'Dashboard Newsflow Latest',	'Grabs the latest newsflow data from concrete5.org.',	0,	0,	0,	0,	0,	0,	400,	400,	0),
(0,	44,	'core_area_layout',	'Area Layout',	'Proxy block for area layouts.',	0,	0,	1,	1,	1,	0,	400,	400,	0),
(0,	45,	'core_page_type_composer_control_output',	'Composer Control',	'Proxy block for blocks that need to be output through composer.',	0,	0,	1,	0,	0,	0,	400,	400,	0),
(0,	46,	'core_scrapbook_display',	'Scrapbook Display',	'Proxy block for blocks pasted through the scrapbook.',	0,	0,	1,	0,	0,	0,	400,	400,	0),
(0,	47,	'core_stack_display',	'Stack Display',	'Proxy block for stacks added through the UI.',	0,	0,	1,	0,	0,	0,	400,	400,	0),
(0,	48,	'form',	'Legacy Form',	'Build simple forms and surveys.',	1,	0,	0,	0,	0,	0,	430,	420,	0),
(0,	49,	'sponsor_section',	'sponsor section',	'',	0,	0,	0,	0,	0,	1,	500,	400,	0),
(0,	50,	'filtered_section',	'Filtered Section',	'Filtered Section',	0,	0,	0,	0,	0,	2,	500,	400,	0),
(0,	51,	'servicebox',	'Service Box',	'Service Box',	0,	0,	0,	0,	0,	3,	500,	400,	0),
(0,	52,	'serviceboxtwo',	'Service Box',	'Service Box',	0,	0,	0,	0,	0,	4,	500,	400,	0),
(0,	53,	'servicesbox',	'services box',	'services box',	0,	0,	0,	0,	0,	5,	500,	400,	0),
(0,	54,	'cards',	'cards',	'cards',	0,	0,	0,	0,	0,	6,	500,	400,	0),
(0,	55,	'programblock',	'Program Block',	'',	0,	0,	0,	0,	0,	7,	500,	400,	0),
(0,	56,	'rounded_video',	'rounded video',	'rounded video',	0,	0,	0,	0,	0,	8,	500,	400,	0),
(0,	57,	'orangetitle',	'Orange Title',	'',	0,	0,	0,	0,	0,	9,	500,	400,	0),
(0,	58,	'expectcards',	'Expect Cards',	'',	0,	0,	0,	0,	0,	10,	500,	400,	0),
(0,	59,	'workshopcards',	'Workshop Cards',	'',	0,	0,	0,	0,	0,	11,	500,	400,	0),
(0,	60,	'scientificimgblock',	'Scientific Img Cards',	'',	0,	0,	0,	0,	0,	12,	500,	400,	0),
(0,	61,	'text_img_with_grey_bg',	'Text Img with Grey Bg',	'',	0,	0,	0,	0,	0,	13,	500,	400,	0),
(0,	62,	'orange_title_large',	'Orange Title Large',	'',	0,	0,	0,	0,	0,	14,	500,	400,	0),
(0,	63,	'orange_btn',	'Orange Button',	'',	0,	0,	0,	0,	0,	16,	500,	400,	0),
(0,	64,	'content_with_bg',	'Content With Bg',	'',	0,	0,	0,	0,	0,	15,	500,	400,	0),
(0,	65,	'content_with_bg_img',	'Content With Bg Image',	'',	0,	0,	0,	0,	0,	0,	500,	400,	0),
(0,	66,	'responsive_img_container',	'Responsive Image Container',	'',	0,	0,	0,	0,	0,	0,	500,	400,	0),
(0,	67,	'responsive_image_container',	'Image Responsive Container',	'',	0,	0,	0,	0,	0,	0,	500,	400,	0),
(0,	68,	'green_content_with_image_and_bg',	'Green Content with image and Bg',	'',	0,	0,	0,	0,	0,	0,	500,	400,	0),
(0,	69,	'content_with_orange_bg',	'Content with orange bg',	'',	0,	0,	0,	0,	0,	0,	500,	400,	0),
(0,	70,	'content_with_yellow_bg',	'Content with yellow bg',	'',	0,	0,	0,	0,	0,	0,	500,	400,	0),
(0,	71,	'ig_spacer',	'Spacer',	'Add spacer between blocks without coding.',	0,	0,	0,	0,	0,	0,	200,	300,	9),
(0,	72,	'orange_title_desc',	'Orange Title with Description',	'',	0,	0,	0,	0,	0,	0,	500,	400,	0),
(0,	73,	'example',	'example',	'',	0,	0,	0,	0,	0,	0,	500,	400,	0),
(0,	74,	'green_title',	'Green Title',	'',	0,	0,	0,	0,	0,	0,	500,	400,	0),
(0,	75,	'benefits_card',	'Benefits Card',	'',	0,	0,	0,	0,	0,	0,	500,	400,	0),
(0,	76,	'benefits_cards',	'Benefits Cards',	'',	0,	0,	0,	0,	0,	0,	500,	400,	0),
(0,	77,	'visa_cards',	'Visa Cards',	'',	0,	0,	0,	0,	0,	0,	500,	400,	0),
(0,	78,	'content_with_gredient_bg',	'Content With Gredient Gg',	'',	0,	0,	0,	0,	0,	0,	500,	400,	0),
(0,	79,	'green_title_with_desc',	'Green Title with Desc',	'',	0,	0,	0,	0,	0,	0,	500,	400,	0),
(0,	80,	'explore_cards',	'Explore Cards',	'',	0,	0,	0,	0,	0,	0,	500,	400,	0),
(0,	81,	'explore_card',	'Explore Card',	'',	0,	0,	0,	0,	0,	0,	500,	400,	0);

DROP TABLE IF EXISTS `BlockTypeSetBlockTypes`;
CREATE TABLE `BlockTypeSetBlockTypes` (
  `btID` int(10) unsigned NOT NULL DEFAULT '0',
  `btsID` int(10) unsigned NOT NULL DEFAULT '0',
  `displayOrder` int(10) unsigned NOT NULL DEFAULT '0',
  PRIMARY KEY (`btID`,`btsID`),
  KEY `btsID` (`btsID`,`displayOrder`)
) ENGINE=InnoDB DEFAULT CHARSET=utf8mb4 COLLATE=utf8mb4_unicode_ci;

INSERT INTO `BlockTypeSetBlockTypes` (`btID`, `btsID`, `displayOrder`) VALUES
(1,	1,	0),
(2,	1,	1),
(3,	1,	2),
(4,	1,	3),
(5,	1,	4),
(6,	1,	5),
(7,	2,	0),
(8,	2,	1),
(9,	2,	2),
(10,	2,	3),
(11,	2,	4),
(12,	2,	5),
(13,	2,	6),
(14,	2,	7),
(15,	2,	8),
(16,	2,	9),
(17,	3,	0),
(18,	3,	1),
(19,	3,	2),
(20,	4,	0),
(21,	4,	1),
(22,	5,	0),
(23,	5,	1),
(24,	5,	2),
(25,	5,	3),
(26,	5,	4),
(27,	6,	0),
(28,	6,	1),
(29,	6,	2),
(30,	7,	0),
(31,	7,	1),
(32,	7,	2),
(33,	7,	3),
(34,	7,	4),
(35,	7,	5),
(36,	8,	0),
(37,	8,	1),
(38,	8,	2),
(39,	8,	3),
(40,	8,	4),
(41,	8,	5),
(42,	8,	6),
(43,	8,	7);

DROP TABLE IF EXISTS `BlockTypeSets`;
CREATE TABLE `BlockTypeSets` (
  `btsID` int(10) unsigned NOT NULL AUTO_INCREMENT,
  `btsName` varchar(255) COLLATE utf8mb4_unicode_ci DEFAULT NULL,
  `btsHandle` varchar(255) COLLATE utf8mb4_unicode_ci NOT NULL,
  `pkgID` int(10) unsigned NOT NULL DEFAULT '0',
  `btsDisplayOrder` int(10) unsigned NOT NULL DEFAULT '0',
  PRIMARY KEY (`btsID`),
  UNIQUE KEY `btsHandle` (`btsHandle`),
  KEY `btsDisplayOrder` (`btsDisplayOrder`),
  KEY `pkgID` (`pkgID`)
) ENGINE=InnoDB DEFAULT CHARSET=utf8mb4 COLLATE=utf8mb4_unicode_ci;

INSERT INTO `BlockTypeSets` (`btsID`, `btsName`, `btsHandle`, `pkgID`, `btsDisplayOrder`) VALUES
(1,	'Basic',	'basic',	0,	0),
(2,	'Navigation',	'navigation',	0,	0),
(3,	'Forms',	'form',	0,	0),
(4,	'Express',	'express',	0,	0),
(5,	'Social Networking',	'social',	0,	0),
(6,	'Calendar & Events',	'calendar',	0,	0),
(7,	'Multimedia',	'multimedia',	0,	0),
(8,	'Desktop',	'core_desktop',	0,	0);

DROP TABLE IF EXISTS `btBenefitsCard`;
CREATE TABLE `btBenefitsCard` (
  `bID` int(10) unsigned NOT NULL,
  `icon` int(10) unsigned DEFAULT '0',
  `title` varchar(255) COLLATE utf8mb4_unicode_ci DEFAULT NULL,
  `desc_1` longtext COLLATE utf8mb4_unicode_ci,
  PRIMARY KEY (`bID`)
) ENGINE=InnoDB DEFAULT CHARSET=utf8mb4 COLLATE=utf8mb4_unicode_ci;

INSERT INTO `btBenefitsCard` (`bID`, `icon`, `title`, `desc_1`) VALUES
(332,	101,	' Dubai Means Business',	'<p>The best way to understand Dubai&rsquo;s wonders and achievements is to see them first-hand. The city has firmly established itself as a leading commercial and trade hub with a state-of-the-art infrastructure and a world-class business environment.</p>\r\n');

DROP TABLE IF EXISTS `btBenefitsCards`;
CREATE TABLE `btBenefitsCards` (
  `bID` int(10) unsigned NOT NULL,
  `icon` int(10) unsigned DEFAULT '0',
  `title` varchar(255) COLLATE utf8mb4_unicode_ci DEFAULT NULL,
  `desc_1` longtext COLLATE utf8mb4_unicode_ci,
  PRIMARY KEY (`bID`)
) ENGINE=InnoDB DEFAULT CHARSET=utf8mb4 COLLATE=utf8mb4_unicode_ci;

INSERT INTO `btBenefitsCards` (`bID`, `icon`, `title`, `desc_1`) VALUES
(333,	101,	'Dubai Means Business',	'<p>The best way to understand Dubai&rsquo;s wonders and achievements is to see them first-hand. The city has firmly established itself as a leading commercial and trade hub with a state-of-the-art infrastructure and a world-class business environment.</p>\r\n'),
(334,	101,	'Dubai Means Business',	'<p>The best way to understand Dubai&rsquo;s wonders and achievements is to see them first-hand. The city has firmly established itself as a leading commercial and trade hub with a state-of-the-art infrastructure and a world-class business environment.</p>\r\n'),
(335,	83,	'Economic Powerhouse',	'<p>Dubai is at the center of a bustling region emerging as a major force within the global economy. A region that stretches from North Africa to South Asia and the Caspian Sea to South Africa &ndash; that comprises 42 countries and some of the world&rsquo;s fastest growing</p>\r\n'),
(336,	96,	'Multi-cultural Lifestyle',	'<p>Expatriates comprise over 80% of Dubai&rsquo;s population. More than 150 nationalities live and work together within a safe environment with a far lower crime rate than many other major international cities.</p>\r\n'),
(340,	105,	'World-Class Infrastructure',	'<p>Dubai&rsquo;s growing number of international firms, service companies, SMEs and financial institutions attract a highly skilled workforce. The city&rsquo;s businesses and expatriate population enjoy tax-free benefits. Schools accredited to</p>\r\n'),
(341,	78,	'Diverse Economy',	'<p>The UAE is well-known for its liberal outlook and commitment to free trade. Contrary to popular belief, only 30% of UAE GDP comes from oil revenues. Within Dubai&rsquo;s own diverse, robust economy this figure is closer to 7%.</p>\r\n'),
(342,	77,	'Dubai Means Business',	'<p>Dubai is a modern city that welcomes visitors from around the world. Here are some points to help you get familiar with Dubai&rsquo;s culture and etiquette. please click HERE</p>\r\n');

DROP TABLE IF EXISTS `btCalendar`;
CREATE TABLE `btCalendar` (
  `bID` int(10) unsigned NOT NULL,
  `caID` int(10) unsigned NOT NULL DEFAULT '0',
  `calendarAttributeKeyHandle` varchar(255) COLLATE utf8mb4_unicode_ci DEFAULT NULL,
  `filterByTopicAttributeKeyID` int(10) unsigned NOT NULL DEFAULT '0',
  `filterByTopicID` int(10) unsigned NOT NULL DEFAULT '0',
  `viewTypes` longtext COLLATE utf8mb4_unicode_ci,
  `viewTypesOrder` longtext COLLATE utf8mb4_unicode_ci,
  `defaultView` longtext COLLATE utf8mb4_unicode_ci,
  `navLinks` int(11) DEFAULT NULL,
  `eventLimit` int(11) DEFAULT NULL,
  `lightboxProperties` longtext COLLATE utf8mb4_unicode_ci,
  PRIMARY KEY (`bID`)
) ENGINE=InnoDB DEFAULT CHARSET=utf8mb4 COLLATE=utf8mb4_unicode_ci;


DROP TABLE IF EXISTS `btCalendarEvent`;
CREATE TABLE `btCalendarEvent` (
  `bID` int(10) unsigned NOT NULL,
  `mode` varchar(1) COLLATE utf8mb4_unicode_ci NOT NULL DEFAULT 'S' COMMENT 'S = Specify, P = Page, R = Request',
  `calendarEventAttributeKeyHandle` varchar(255) COLLATE utf8mb4_unicode_ci NOT NULL DEFAULT '',
  `calendarID` int(10) unsigned NOT NULL DEFAULT '0',
  `eventID` int(10) unsigned NOT NULL DEFAULT '0',
  `displayEventAttributes` longtext COLLATE utf8mb4_unicode_ci,
  `enableLinkToPage` tinyint(1) DEFAULT '0',
  `displayEventName` tinyint(1) DEFAULT '0',
  `displayEventDate` tinyint(1) DEFAULT '0',
  `displayEventDescription` tinyint(1) DEFAULT '0',
  PRIMARY KEY (`bID`)
) ENGINE=InnoDB DEFAULT CHARSET=utf8mb4 COLLATE=utf8mb4_unicode_ci;


DROP TABLE IF EXISTS `btCards`;
CREATE TABLE `btCards` (
  `bID` int(10) unsigned NOT NULL,
  `icon` int(10) unsigned DEFAULT '0',
  `Tiltle` varchar(255) COLLATE utf8mb4_unicode_ci DEFAULT NULL,
  `Description_1` varchar(255) COLLATE utf8mb4_unicode_ci DEFAULT NULL,
  `cta` varchar(255) COLLATE utf8mb4_unicode_ci DEFAULT NULL,
  PRIMARY KEY (`bID`)
) ENGINE=InnoDB DEFAULT CHARSET=utf8mb4 COLLATE=utf8mb4_unicode_ci;

INSERT INTO `btCards` (`bID`, `icon`, `Tiltle`, `Description_1`, `cta`) VALUES
(187,	0,	'Hello world',	'djkasopjdkasopjdasopdjpadjpasd',	'dsadas');

DROP TABLE IF EXISTS `btContentFile`;
CREATE TABLE `btContentFile` (
  `bID` int(10) unsigned NOT NULL,
  `fID` int(10) unsigned DEFAULT NULL,
  `fileLinkText` varchar(255) COLLATE utf8mb4_unicode_ci DEFAULT NULL,
  `filePassword` varchar(255) COLLATE utf8mb4_unicode_ci DEFAULT NULL,
  `forceDownload` tinyint(1) NOT NULL DEFAULT '0',
  PRIMARY KEY (`bID`),
  KEY `fID` (`fID`)
) ENGINE=InnoDB DEFAULT CHARSET=utf8mb4 COLLATE=utf8mb4_unicode_ci;


DROP TABLE IF EXISTS `btContentImage`;
CREATE TABLE `btContentImage` (
  `bID` int(10) unsigned NOT NULL,
  `fID` int(10) unsigned DEFAULT '0',
  `fOnstateID` int(10) unsigned DEFAULT '0',
  `cropImage` int(10) unsigned DEFAULT '0',
  `maxWidth` int(10) unsigned DEFAULT '0',
  `maxHeight` int(10) unsigned DEFAULT '0',
  `externalLink` varchar(255) COLLATE utf8mb4_unicode_ci DEFAULT NULL,
  `internalLinkCID` int(10) unsigned DEFAULT '0',
  `fileLinkID` int(10) unsigned DEFAULT '0',
  `openLinkInNewWindow` tinyint(1) NOT NULL DEFAULT '0',
  `altText` varchar(255) COLLATE utf8mb4_unicode_ci DEFAULT NULL,
  `title` varchar(255) COLLATE utf8mb4_unicode_ci DEFAULT NULL,
  PRIMARY KEY (`bID`),
  KEY `fID` (`fID`)
) ENGINE=InnoDB DEFAULT CHARSET=utf8mb4 COLLATE=utf8mb4_unicode_ci;

INSERT INTO `btContentImage` (`bID`, `fID`, `fOnstateID`, `cropImage`, `maxWidth`, `maxHeight`, `externalLink`, `internalLinkCID`, `fileLinkID`, `openLinkInNewWindow`, `altText`, `title`) VALUES
(123,	6,	0,	0,	0,	0,	'',	0,	0,	0,	'Blank Image',	'Blank Image'),
(138,	8,	0,	0,	0,	0,	'',	0,	0,	0,	'',	NULL),
(145,	5,	0,	0,	0,	0,	'',	0,	0,	0,	'',	NULL),
(152,	5,	0,	0,	0,	0,	'',	0,	0,	0,	'',	NULL),
(156,	6,	0,	0,	0,	0,	'',	0,	0,	0,	'',	NULL),
(159,	10,	0,	0,	0,	0,	'',	0,	0,	0,	'',	NULL),
(298,	65,	0,	0,	0,	0,	'',	0,	0,	0,	'upcoming',	''),
(299,	65,	0,	0,	540,	459,	'',	0,	0,	0,	'upcoming',	''),
(303,	28,	0,	0,	540,	480,	'',	0,	0,	0,	'',	''),
(321,	65,	0,	0,	540,	459,	'',	0,	0,	0,	'upcoming',	'');

DROP TABLE IF EXISTS `btContentLocal`;
CREATE TABLE `btContentLocal` (
  `bID` int(10) unsigned NOT NULL,
  `content` longtext COLLATE utf8mb4_unicode_ci,
  PRIMARY KEY (`bID`)
) ENGINE=InnoDB DEFAULT CHARSET=utf8mb4 COLLATE=utf8mb4_unicode_ci;

INSERT INTO `btContentLocal` (`bID`, `content`) VALUES
(32,	'\n                                                    <p><a href=\"{CCM:CID_215}\" style=\"background-color: rgb(255, 255, 255);\"><i class=\"fa fa-arrow-left\"></i> Back to Careers</a></p>'),
(33,	'<h3>Department</h3>'),
(35,	'<h3>Location</h3>'),
(37,	'<h3>Job Information</h3>'),
(39,	'\n                                                    <br/><br/>'),
(56,	'\n                                    <p>1234 SE StreetView</p><p>Suite 301</p><p>Portland, OR 98101</p><p><a href=\"{CCM:CID_201}\">View on Google Maps</a></p>'),
(57,	'\n                                    <p> 2018Elemental Theme</p>'),
(58,	'\n                                    \n                                    <p><a href=\"{CCM:CID_216}\">FAQ / Help</a></p>\n                                    <p><a href=\"{CCM:CID_196}\">Case Studies</a></p>\n                                    <p><a href=\"{CCM:CID_199}\">Blog</a></p>\n                                    <p><a href=\"{CCM:CID_1}\">Another Link</a></p>\n                                    '),
(59,	'\n                                    <a href=\"{CCM:CID_1}\" id=\"footer-site-title\">Elemental</a>'),
(63,	'\n                                    <a href=\"{CCM:CID_1}\" id=\"header-site-title\">Elemental</a>'),
(70,	'\n                                    <p style=\"text-align: center\"><span class=\"title-caps-bold\">Presenting your Business has never been so easy</span></p><p style=\"text-align: center;\">Pellentesque ultricies ligula vel neque dictum, eu mollis tortor adipiscing.</p><p style=\"text-align: center;\">Etiam congue, est vel tincidunt vestibulum, nunc nunc porta nulla, at adipiscing neque tellus quis urna.</p>'),
(74,	'<h5>Latest Blog Post</h5>'),
(75,	'<h5>Now Open For Business</h5>'),
(79,	'\n                                                    <p>  <span class=\"title-thin\">We specialize in making your concepts a reality.</span>  </p>  <p>    Sed cursus facilisis dignissim. Aliquam rhoncus enim et pellentesque varius. Nulla sodales nibh lorem, sit amet imperdiet arcu commodo sit amet. Mauris sed scelerisque nisl. Ut auctor ipsum tellus, vel viverra massa elementum sit amet.  </p>  <p>    Sed adipiscing tempus sem eu molestie. Aenean laoreet pretium ante vitae ultrices. Aenean eu gravida magna, vel aliquet magna. In auctor convallis gravida.<br>  </p>  <br/>  <p>  <a href=\"{CCM:CID_201}\"><span class=\"btn btn-success\">Contact Us Today</span></a>  </p>'),
(80,	'\n                                    <p style=\"text-align: center\"><span class=\"title-caps\">Customizable footer area with accent class.</span></p>'),
(89,	'\n                                                    <h3>Awesome Features</h3><p>Curabitur sagittis elementum felis at sodales. Nullam fermentum at urna quis accumsan. Nam bibendum leo nisi, lacinia molestie arcu consequat quis. Morbi at suscipit risus. Sed consequat eleifend metus, vitae malesuada eros elementum sed. </p><h3>Guide Books</h3><p>Fusce risus felis, viverra et dignissim at, lobortis non est. Lorem ipsum dolor sit amet, consectetur adipiscing elit. Nullam sit amet consectetur lacus. Vestibulum neque lectus, egestas non cursus vitae, aliquam at magna. Etiam aliquam, justo et varius eleifend, dui lectus egestas nunc, vel malesuada nisl purus nec metus. </p><h3>Admin Accounts</h3><p>Fusce risus felis, viverra et dignissim at, lobortis non est. Lorem ipsum dolor sit amet, consectetur adipiscing elit. Nullam sit amet consectetur lacus. Vestibulum neque lectus, egestas non cursus vitae, aliquam at magna. Etiam aliquam, justo et varius eleifend, dui lectus egestas nunc, vel malesuada nisl purus nec metus.</p>'),
(90,	'\n                                                    <h3>Support</h3><p>Curabitur sagittis elementum felis at sodales. Nullam fermentum at urna quis accumsan. Nam bibendum leo nisi, lacinia molestie arcu consequat quis. Morbi at suscipit risus. Sed consequat eleifend metus, vitae malesuada eros elementum sed. </p><h3>Additional Options</h3><p>Fusce risus felis, viverra et dignissim at, lobortis non est. Lorem ipsum dolor sit amet, consectetur adipiscing elit. Nullam sit amet consectetur lacus. Vestibulum neque lectus, egestas non cursus vitae, aliquam at magna.</p><p>Etiam aliquam, justo et varius eleifend, dui lectus egestas nunc, vel malesuada nisl purus nec metus. In gravida turpis a pharetra commodo. Donec non turpis vulputate, faucibus metus a, consectetur nunc. Morbi tortor nisi, hendrerit sed laoreet eget, fermentum et justo. Suspendisse potenti.</p>'),
(91,	'\n                                    <p style=\"text-align: center\"><span class=\"title-caps\">What Clients Are Saying About Us</span></p>'),
(98,	'\n                                    <blockquote>Lorem ipsum dolor sit amet, consectetur adipiscing elit. Morbi tempus nibh a laoreet cursus. Phasellus malesuada vulputate bibendum. Ut vitae justo nisi. Sed consectetur vestibulum tortor, in bibendum diam lacinia vitae. Nullam volutpat risus quis orci consectetur adipiscing. In commodo vulputate arcu sit amet ornare. Vivamus ut iaculis velit.</blockquote><p>Pellentesque euismod lacus sed accumsan luctus. Suspendisse urna felis, lacinia vel tempor id, ultricies rutrum nisl. Nunc ultrices nulla et bibendum molestie. Phasellus porttitor sit amet libero vel fermentum. Sed sapien risus, eleifend vel hendrerit eu, porta vel tellus. Duis faucibus odio et magna varius, quis accumsan tellus vestibulum. Nam nunc nulla, convallis at elementum pharetra, adipiscing quis enim. Donec feugiat porttitor dolor, nec porttitor mi auctor eget. Fusce iaculis varius diam non dictum. Fusce elementum a nunc vel tincidunt. Morbi nec est elementum, vehicula odio nec, lobortis lacus. Nulla ultricies vitae nunc ut lacinia. Proin mattis felis sem, eu consectetur arcu varius et. Duis at lectus eu lorem elementum aliquet nec in elit. Vestibulum non metus ac risus adipiscing pellentesque sed sit amet lorem. Donec viverra, metus in varius pulvinar, augue nunc accumsan eros, a pulvinar est elit vitae nulla.</p><p>Duis non leo in enim laoreet pretium. Nullam vitae neque nec libero pharetra tempor at faucibus lectus. Cum sociis natoque penatibus et magnis dis parturient montes, nascetur ridiculus mus. Sed imperdiet convallis arcu. Nam sollicitudin sollicitudin lacus non dictum. Aliquam erat volutpat. Nulla sapien quam, consequat non dui ut, eleifend sodales orci. Praesent quis lorem accumsan, volutpat lectus a, sollicitudin erat. Donec faucibus mi in sapien volutpat, ac auctor lorem mollis. Proin eget turpis non lacus bibendum porta non ac justo. Aliquam aliquam viverra lorem ac rutrum. In et sapien sit amet diam vestibulum cursus ut tristique tellus.</p><p>Ut in purus mi. Etiam ac aliquet ipsum. Pellentesque faucibus diam dui. Morbi a semper orci. Ut nec malesuada urna. Vestibulum aliquet ante ac lacus dictum, sit amet pulvinar leo laoreet. Maecenas ut est commodo, commodo quam nec, dignissim est. Quisque rutrum molestie nunc, sed mollis nulla volutpat et. Donec dignissim ornare augue eu aliquam. Aliquam in tincidunt velit. In at fermentum mauris, ut accumsan nisl. Interdum et malesuada fames ac ante ipsum primis in faucibus.</p><p>Integer ac nulla at nisi sodales ullamcorper id in justo. Cum sociis natoque penatibus et magnis dis parturient montes, nascetur ridiculus mus. Etiam pharetra elit odio, ac mattis turpis consequat ac. Pellentesque tincidunt sed enim nec auctor. Quisque varius, felis a hendrerit faucibus, nunc lorem varius nibh, vel dignissim velit dolor ut elit. Mauris ut vulputate neque. Donec at est vitae massa egestas fringilla. Praesent a tristique nibh. Nunc blandit dui risus, quis rhoncus nisi consectetur vel.</p>'),
(100,	'\n                                    <blockquote>Lorem ipsum dolor sit amet, consectetur adipiscing elit. Morbi tempus nibh a laoreet cursus. Phasellus malesuada vulputate bibendum. Ut vitae justo nisi. Sed consectetur vestibulum tortor, in bibendum diam lacinia vitae. Nullam volutpat risus quis orci consectetur adipiscing. In commodo vulputate arcu sit amet ornare. Vivamus ut iaculis velit.</blockquote><p>Pellentesque euismod lacus sed accumsan luctus. Suspendisse urna felis, lacinia vel tempor id, ultricies rutrum nisl. Nunc ultrices nulla et bibendum molestie. Phasellus porttitor sit amet libero vel fermentum. Sed sapien risus, eleifend vel hendrerit eu, porta vel tellus. Duis faucibus odio et magna varius, quis accumsan tellus vestibulum. Nam nunc nulla, convallis at elementum pharetra, adipiscing quis enim. Donec feugiat porttitor dolor, nec porttitor mi auctor eget. Fusce iaculis varius diam non dictum. Fusce elementum a nunc vel tincidunt. Morbi nec est elementum, vehicula odio nec, lobortis lacus. Nulla ultricies vitae nunc ut lacinia. Proin mattis felis sem, eu consectetur arcu varius et. Duis at lectus eu lorem elementum aliquet nec in elit. Vestibulum non metus ac risus adipiscing pellentesque sed sit amet lorem. Donec viverra, metus in varius pulvinar, augue nunc accumsan eros, a pulvinar est elit vitae nulla.</p><p>Duis non leo in enim laoreet pretium. Nullam vitae neque nec libero pharetra tempor at faucibus lectus. Cum sociis natoque penatibus et magnis dis parturient montes, nascetur ridiculus mus. Sed imperdiet convallis arcu. Nam sollicitudin sollicitudin lacus non dictum. Aliquam erat volutpat. Nulla sapien quam, consequat non dui ut, eleifend sodales orci. Praesent quis lorem accumsan, volutpat lectus a, sollicitudin erat. Donec faucibus mi in sapien volutpat, ac auctor lorem mollis. Proin eget turpis non lacus bibendum porta non ac justo. Aliquam aliquam viverra lorem ac rutrum. In et sapien sit amet diam vestibulum cursus ut tristique tellus.</p><p>Ut in purus mi. Etiam ac aliquet ipsum. Pellentesque faucibus diam dui. Morbi a semper orci. Ut nec malesuada urna. Vestibulum aliquet ante ac lacus dictum, sit amet pulvinar leo laoreet. Maecenas ut est commodo, commodo quam nec, dignissim est. Quisque rutrum molestie nunc, sed mollis nulla volutpat et. Donec dignissim ornare augue eu aliquam. Aliquam in tincidunt velit. In at fermentum mauris, ut accumsan nisl. Interdum et malesuada fames ac ante ipsum primis in faucibus.</p><p>Integer ac nulla at nisi sodales ullamcorper id in justo. Cum sociis natoque penatibus et magnis dis parturient montes, nascetur ridiculus mus. Etiam pharetra elit odio, ac mattis turpis consequat ac. Pellentesque tincidunt sed enim nec auctor. Quisque varius, felis a hendrerit faucibus, nunc lorem varius nibh, vel dignissim velit dolor ut elit. Mauris ut vulputate neque. Donec at est vitae massa egestas fringilla. Praesent a tristique nibh. Nunc blandit dui risus, quis rhoncus nisi consectetur vel.</p>'),
(102,	'\n                                    <blockquote>Lorem ipsum dolor sit amet, consectetur adipiscing elit. Morbi tempus nibh a laoreet cursus. Phasellus malesuada vulputate bibendum. Ut vitae justo nisi. Sed consectetur vestibulum tortor, in bibendum diam lacinia vitae. Nullam volutpat risus quis orci consectetur adipiscing. In commodo vulputate arcu sit amet ornare. Vivamus ut iaculis velit.</blockquote><p>Pellentesque euismod lacus sed accumsan luctus. Suspendisse urna felis, lacinia vel tempor id, ultricies rutrum nisl. Nunc ultrices nulla et bibendum molestie. Phasellus porttitor sit amet libero vel fermentum. Sed sapien risus, eleifend vel hendrerit eu, porta vel tellus. Duis faucibus odio et magna varius, quis accumsan tellus vestibulum. Nam nunc nulla, convallis at elementum pharetra, adipiscing quis enim. Donec feugiat porttitor dolor, nec porttitor mi auctor eget. Fusce iaculis varius diam non dictum. Fusce elementum a nunc vel tincidunt. Morbi nec est elementum, vehicula odio nec, lobortis lacus. Nulla ultricies vitae nunc ut lacinia. Proin mattis felis sem, eu consectetur arcu varius et. Duis at lectus eu lorem elementum aliquet nec in elit. Vestibulum non metus ac risus adipiscing pellentesque sed sit amet lorem. Donec viverra, metus in varius pulvinar, augue nunc accumsan eros, a pulvinar est elit vitae nulla.</p><p>Duis non leo in enim laoreet pretium. Nullam vitae neque nec libero pharetra tempor at faucibus lectus. Cum sociis natoque penatibus et magnis dis parturient montes, nascetur ridiculus mus. Sed imperdiet convallis arcu. Nam sollicitudin sollicitudin lacus non dictum. Aliquam erat volutpat. Nulla sapien quam, consequat non dui ut, eleifend sodales orci. Praesent quis lorem accumsan, volutpat lectus a, sollicitudin erat. Donec faucibus mi in sapien volutpat, ac auctor lorem mollis. Proin eget turpis non lacus bibendum porta non ac justo. Aliquam aliquam viverra lorem ac rutrum. In et sapien sit amet diam vestibulum cursus ut tristique tellus.</p><p>Ut in purus mi. Etiam ac aliquet ipsum. Pellentesque faucibus diam dui. Morbi a semper orci. Ut nec malesuada urna. Vestibulum aliquet ante ac lacus dictum, sit amet pulvinar leo laoreet. Maecenas ut est commodo, commodo quam nec, dignissim est. Quisque rutrum molestie nunc, sed mollis nulla volutpat et. Donec dignissim ornare augue eu aliquam. Aliquam in tincidunt velit. In at fermentum mauris, ut accumsan nisl. Interdum et malesuada fames ac ante ipsum primis in faucibus.</p><p>Integer ac nulla at nisi sodales ullamcorper id in justo. Cum sociis natoque penatibus et magnis dis parturient montes, nascetur ridiculus mus. Etiam pharetra elit odio, ac mattis turpis consequat ac. Pellentesque tincidunt sed enim nec auctor. Quisque varius, felis a hendrerit faucibus, nunc lorem varius nibh, vel dignissim velit dolor ut elit. Mauris ut vulputate neque. Donec at est vitae massa egestas fringilla. Praesent a tristique nibh. Nunc blandit dui risus, quis rhoncus nisi consectetur vel.</p>'),
(104,	'\n                                    <blockquote>Lorem ipsum dolor sit amet, consectetur adipiscing elit. Morbi tempus nibh a laoreet cursus. Phasellus malesuada vulputate bibendum. Ut vitae justo nisi. Sed consectetur vestibulum tortor, in bibendum diam lacinia vitae. Nullam volutpat risus quis orci consectetur adipiscing. In commodo vulputate arcu sit amet ornare. Vivamus ut iaculis velit.</blockquote><p>Pellentesque euismod lacus sed accumsan luctus. Suspendisse urna felis, lacinia vel tempor id, ultricies rutrum nisl. Nunc ultrices nulla et bibendum molestie. Phasellus porttitor sit amet libero vel fermentum. Sed sapien risus, eleifend vel hendrerit eu, porta vel tellus. Duis faucibus odio et magna varius, quis accumsan tellus vestibulum. Nam nunc nulla, convallis at elementum pharetra, adipiscing quis enim. Donec feugiat porttitor dolor, nec porttitor mi auctor eget. Fusce iaculis varius diam non dictum. Fusce elementum a nunc vel tincidunt. Morbi nec est elementum, vehicula odio nec, lobortis lacus. Nulla ultricies vitae nunc ut lacinia. Proin mattis felis sem, eu consectetur arcu varius et. Duis at lectus eu lorem elementum aliquet nec in elit. Vestibulum non metus ac risus adipiscing pellentesque sed sit amet lorem. Donec viverra, metus in varius pulvinar, augue nunc accumsan eros, a pulvinar est elit vitae nulla.</p><p>Duis non leo in enim laoreet pretium. Nullam vitae neque nec libero pharetra tempor at faucibus lectus. Cum sociis natoque penatibus et magnis dis parturient montes, nascetur ridiculus mus. Sed imperdiet convallis arcu. Nam sollicitudin sollicitudin lacus non dictum. Aliquam erat volutpat. Nulla sapien quam, consequat non dui ut, eleifend sodales orci. Praesent quis lorem accumsan, volutpat lectus a, sollicitudin erat. Donec faucibus mi in sapien volutpat, ac auctor lorem mollis. Proin eget turpis non lacus bibendum porta non ac justo. Aliquam aliquam viverra lorem ac rutrum. In et sapien sit amet diam vestibulum cursus ut tristique tellus.</p><p>Ut in purus mi. Etiam ac aliquet ipsum. Pellentesque faucibus diam dui. Morbi a semper orci. Ut nec malesuada urna. Vestibulum aliquet ante ac lacus dictum, sit amet pulvinar leo laoreet. Maecenas ut est commodo, commodo quam nec, dignissim est. Quisque rutrum molestie nunc, sed mollis nulla volutpat et. Donec dignissim ornare augue eu aliquam. Aliquam in tincidunt velit. In at fermentum mauris, ut accumsan nisl. Interdum et malesuada fames ac ante ipsum primis in faucibus.</p><p>Integer ac nulla at nisi sodales ullamcorper id in justo. Cum sociis natoque penatibus et magnis dis parturient montes, nascetur ridiculus mus. Etiam pharetra elit odio, ac mattis turpis consequat ac. Pellentesque tincidunt sed enim nec auctor. Quisque varius, felis a hendrerit faucibus, nunc lorem varius nibh, vel dignissim velit dolor ut elit. Mauris ut vulputate neque. Donec at est vitae massa egestas fringilla. Praesent a tristique nibh. Nunc blandit dui risus, quis rhoncus nisi consectetur vel.</p>'),
(106,	'\n                                    <blockquote>Lorem ipsum dolor sit amet, consectetur adipiscing elit. Morbi tempus nibh a laoreet cursus. Phasellus malesuada vulputate bibendum. Ut vitae justo nisi. Sed consectetur vestibulum tortor, in bibendum diam lacinia vitae. Nullam volutpat risus quis orci consectetur adipiscing. In commodo vulputate arcu sit amet ornare. Vivamus ut iaculis velit.</blockquote><p>Pellentesque euismod lacus sed accumsan luctus. Suspendisse urna felis, lacinia vel tempor id, ultricies rutrum nisl. Nunc ultrices nulla et bibendum molestie. Phasellus porttitor sit amet libero vel fermentum. Sed sapien risus, eleifend vel hendrerit eu, porta vel tellus. Duis faucibus odio et magna varius, quis accumsan tellus vestibulum. Nam nunc nulla, convallis at elementum pharetra, adipiscing quis enim. Donec feugiat porttitor dolor, nec porttitor mi auctor eget. Fusce iaculis varius diam non dictum. Fusce elementum a nunc vel tincidunt. Morbi nec est elementum, vehicula odio nec, lobortis lacus. Nulla ultricies vitae nunc ut lacinia. Proin mattis felis sem, eu consectetur arcu varius et. Duis at lectus eu lorem elementum aliquet nec in elit. Vestibulum non metus ac risus adipiscing pellentesque sed sit amet lorem. Donec viverra, metus in varius pulvinar, augue nunc accumsan eros, a pulvinar est elit vitae nulla.</p><p>Duis non leo in enim laoreet pretium. Nullam vitae neque nec libero pharetra tempor at faucibus lectus. Cum sociis natoque penatibus et magnis dis parturient montes, nascetur ridiculus mus. Sed imperdiet convallis arcu. Nam sollicitudin sollicitudin lacus non dictum. Aliquam erat volutpat. Nulla sapien quam, consequat non dui ut, eleifend sodales orci. Praesent quis lorem accumsan, volutpat lectus a, sollicitudin erat. Donec faucibus mi in sapien volutpat, ac auctor lorem mollis. Proin eget turpis non lacus bibendum porta non ac justo. Aliquam aliquam viverra lorem ac rutrum. In et sapien sit amet diam vestibulum cursus ut tristique tellus.</p><p>Ut in purus mi. Etiam ac aliquet ipsum. Pellentesque faucibus diam dui. Morbi a semper orci. Ut nec malesuada urna. Vestibulum aliquet ante ac lacus dictum, sit amet pulvinar leo laoreet. Maecenas ut est commodo, commodo quam nec, dignissim est. Quisque rutrum molestie nunc, sed mollis nulla volutpat et. Donec dignissim ornare augue eu aliquam. Aliquam in tincidunt velit. In at fermentum mauris, ut accumsan nisl. Interdum et malesuada fames ac ante ipsum primis in faucibus.</p><p>Integer ac nulla at nisi sodales ullamcorper id in justo. Cum sociis natoque penatibus et magnis dis parturient montes, nascetur ridiculus mus. Etiam pharetra elit odio, ac mattis turpis consequat ac. Pellentesque tincidunt sed enim nec auctor. Quisque varius, felis a hendrerit faucibus, nunc lorem varius nibh, vel dignissim velit dolor ut elit. Mauris ut vulputate neque. Donec at est vitae massa egestas fringilla. Praesent a tristique nibh. Nunc blandit dui risus, quis rhoncus nisi consectetur vel.</p>'),
(108,	'\n                                    <blockquote>Lorem ipsum dolor sit amet, consectetur adipiscing elit. Morbi tempus nibh a laoreet cursus. Phasellus malesuada vulputate bibendum. Ut vitae justo nisi. Sed consectetur vestibulum tortor, in bibendum diam lacinia vitae. Nullam volutpat risus quis orci consectetur adipiscing. In commodo vulputate arcu sit amet ornare. Vivamus ut iaculis velit.</blockquote><p>Pellentesque euismod lacus sed accumsan luctus. Suspendisse urna felis, lacinia vel tempor id, ultricies rutrum nisl. Nunc ultrices nulla et bibendum molestie. Phasellus porttitor sit amet libero vel fermentum. Sed sapien risus, eleifend vel hendrerit eu, porta vel tellus. Duis faucibus odio et magna varius, quis accumsan tellus vestibulum. Nam nunc nulla, convallis at elementum pharetra, adipiscing quis enim. Donec feugiat porttitor dolor, nec porttitor mi auctor eget. Fusce iaculis varius diam non dictum. Fusce elementum a nunc vel tincidunt. Morbi nec est elementum, vehicula odio nec, lobortis lacus. Nulla ultricies vitae nunc ut lacinia. Proin mattis felis sem, eu consectetur arcu varius et. Duis at lectus eu lorem elementum aliquet nec in elit. Vestibulum non metus ac risus adipiscing pellentesque sed sit amet lorem. Donec viverra, metus in varius pulvinar, augue nunc accumsan eros, a pulvinar est elit vitae nulla.</p><p>Duis non leo in enim laoreet pretium. Nullam vitae neque nec libero pharetra tempor at faucibus lectus. Cum sociis natoque penatibus et magnis dis parturient montes, nascetur ridiculus mus. Sed imperdiet convallis arcu. Nam sollicitudin sollicitudin lacus non dictum. Aliquam erat volutpat. Nulla sapien quam, consequat non dui ut, eleifend sodales orci. Praesent quis lorem accumsan, volutpat lectus a, sollicitudin erat. Donec faucibus mi in sapien volutpat, ac auctor lorem mollis. Proin eget turpis non lacus bibendum porta non ac justo. Aliquam aliquam viverra lorem ac rutrum. In et sapien sit amet diam vestibulum cursus ut tristique tellus.</p><p>Ut in purus mi. Etiam ac aliquet ipsum. Pellentesque faucibus diam dui. Morbi a semper orci. Ut nec malesuada urna. Vestibulum aliquet ante ac lacus dictum, sit amet pulvinar leo laoreet. Maecenas ut est commodo, commodo quam nec, dignissim est. Quisque rutrum molestie nunc, sed mollis nulla volutpat et. Donec dignissim ornare augue eu aliquam. Aliquam in tincidunt velit. In at fermentum mauris, ut accumsan nisl. Interdum et malesuada fames ac ante ipsum primis in faucibus.</p><p>Integer ac nulla at nisi sodales ullamcorper id in justo. Cum sociis natoque penatibus et magnis dis parturient montes, nascetur ridiculus mus. Etiam pharetra elit odio, ac mattis turpis consequat ac. Pellentesque tincidunt sed enim nec auctor. Quisque varius, felis a hendrerit faucibus, nunc lorem varius nibh, vel dignissim velit dolor ut elit. Mauris ut vulputate neque. Donec at est vitae massa egestas fringilla. Praesent a tristique nibh. Nunc blandit dui risus, quis rhoncus nisi consectetur vel.</p>'),
(124,	'\n                                                    <p class=\"title-thin\">Get in Touch</p><p>Sed cursus facilisis dignissim. Aliquam rhoncus enim et pellentesque varius. Nulla sodales nibh lorem, sit amet imperdiet arcu commodo sit amet.<br><br></p><p><a class=\"btn btn-success\" href=\"{CCM:CID_201}\">Contact Us</a></p>'),
(126,	'\n                                    <blockquote>Fusce volutpat sodales mauris quis dapibus. Maecenas convallis, libero eu ultrices interdum, leo mauris commodo diam, sed cursus sapien ligula nec leo.</blockquote><p>Curabitur sagittis elementum felis at sodales. Nullam fermentum at urna quis accumsan. Nam bibendum leo nisi, lacinia molestie arcu consequat quis. Morbi at suscipit risus. Sed consequat eleifend metus, vitae malesuada eros elementum sed. Fusce risus felis, viverra et dignissim at, lobortis non est. Lorem ipsum dolor sit amet, consectetur adipiscing elit. Nullam sit amet consectetur lacus. Vestibulum neque lectus, egestas non cursus vitae, aliquam at magna. Etiam aliquam, justo et varius eleifend, dui lectus egestas nunc, vel malesuada nisl purus nec metus. In gravida turpis a pharetra commodo. Donec non turpis vulputate, faucibus metus a, consectetur nunc. Morbi tortor nisi, hendrerit sed laoreet eget, fermentum et justo. Suspendisse potenti.</p><p><a href=\"{CCM:FID_DL_3}\" data-concrete5-link-lightbox=\"image\"><concrete-picture fid=\"3\" /></a></p><h2>Heading 2</h2><p>Curabitur sagittis elementum felis at sodales. Nullam fermentum at urna quis accumsan. Nam bibendum leo nisi, lacinia molestie arcu consequat quis. Morbi at suscipit risus. Sed consequat eleifend metus, vitae malesuada eros elementum sed. Fusce risus felis, viverra et dignissim at, lobortis non est. Lorem ipsum dolor sit amet, consectetur adipiscing elit. Nullam sit amet consectetur lacus. Vestibulum neque lectus, egestas non cursus vitae, aliquam at magna. Etiam aliquam, justo et varius eleifend, dui lectus egestas nunc, vel malesuada nisl purus nec metus. In gravida turpis a pharetra commodo. Donec non turpis vulputate, faucibus metus a, consectetur nunc. Morbi tortor nisi, hendrerit sed laoreet eget, fermentum et justo. Suspendisse potenti.</p><h3>Heading 3</h3><p>Pellentesque ultricies ligula vel neque dictum, eu mollis tortor adipiscing. Etiam congue, est vel tincidunt vestibulum, nunc nunc porta nulla, at adipiscing neque tellus quis urna. Quisque dignissim neque a ipsum sodales, mattis aliquam ante dictum. Vestibulum elementum pellentesque tortor ac congue. Mauris vel nibh id metus tincidunt eleifend. In interdum gravida ligula, at venenatis odio fermentum at. Donec dapibus enim lectus, quis venenatis tellus volutpat in. Nullam in velit tortor.</p><h3>Heading 3</h3><p>Donec blandit lectus nec neque ullamcorper rhoncus. Sed adipiscing tempus sem eu molestie. Aenean laoreet pretium ante vitae ultrices. Aenean eu gravida magna, vel aliquet magna. In auctor convallis gravida. Phasellus est erat, adipiscing nec lobortis quis, eleifend at sem. Curabitur fringilla viverra dolor, in rutrum ipsum rutrum sit amet. Vestibulum feugiat porttitor ipsum vel condimentum. Suspendisse at tempus libero. Sed eu tempor enim. Etiam convallis eleifend rutrum. Donec porta diam quis tellus feugiat dignissim. Cras posuere, massa eget laoreet laoreet, urna libero lobortis dolor, sed consequat elit urna eget massa. Donec aliquet pellentesque consectetur.</p>'),
(128,	'\n                                    <p>Curabitur sagittis elementum felis at sodales. Nullam fermentum at urna quis accumsan. Nam bibendum leo nisi, lacinia molestie arcu consequat quis. Morbi at suscipit risus. Sed consequat eleifend metus, vitae malesuada eros elementum sed. Fusce risus felis, viverra et dignissim at, lobortis non est. Lorem ipsum dolor sit amet, consectetur adipiscing elit.</p><p><span class=\"title-thin\">CMS To the Rescue!</span></p><p>Nullam sit amet consectetur lacus. Vestibulum neque lectus, egestas non cursus vitae, aliquam at magna. Etiam aliquam, justo et varius eleifend, dui lectus egestas nunc, vel malesuada nisl purus nec metus. In gravida turpis a pharetra commodo. Donec non turpis vulputate, faucibus metus a, consectetur nunc. Morbi tortor nisi, hendrerit sed laoreet eget, fermentum et justo. Suspendisse potenti.</p><p><a href=\"http://www.concrete5.org\">Learn more at concrete5.org</a><br></p>'),
(130,	'\n                                    <p>Curabitur sagittis elementum felis at sodales. Nullam fermentum at urna quis accumsan. Nam bibendum leo nisi, lacinia molestie arcu consequat quis. Morbi at suscipit risus. Sed consequat eleifend metus, vitae malesuada eros elementum sed. Fusce risus felis, viverra et dignissim at, lobortis non est. Lorem ipsum dolor sit amet, consectetur adipiscing elit. Nullam sit amet consectetur lacus. Vestibulum neque lectus, egestas non cursus vitae, aliquam at magna. Etiam aliquam, justo et varius eleifend, dui lectus egestas nunc, vel malesuada nisl purus nec metus. In gravida turpis a pharetra commodo. Donec non turpis vulputate, faucibus metus a, consectetur nunc. Morbi tortor nisi, hendrerit sed laoreet eget, fermentum et justo. Suspendisse potenti.</p><p><span class=\"title-caps-bold\">Heading 3</span></p><p>Pellentesque ultricies ligula vel neque dictum, eu mollis tortor adipiscing. Etiam congue, est vel tincidunt vestibulum, nunc nunc porta nulla, at adipiscing neque tellus quis urna. Quisque dignissim neque a ipsum sodales, mattis aliquam ante dictum. Vestibulum elementum pellentesque tortor ac congue. Mauris vel nibh id metus tincidunt eleifend. In interdum gravida ligula, at venenatis odio fermentum at. Donec dapibus enim lectus, quis venenatis tellus volutpat in. Nullam in velit tortor.</p><p><a href=\"{CCM:FID_DL_1}\" data-concrete5-link-lightbox=\"image\"><concrete-picture fid=\"1\" /></a></p><p><span class=\"image-caption\">Look at my beautiful image. Don\'t you to look more?</span></p><p>Pellentesque ultricies ligula vel neque dictum, eu mollis tortor adipiscing. Etiam congue, est vel tincidunt vestibulum, nunc nunc porta nulla, at adipiscing neque tellus quis urna. Quisque dignissim neque a ipsum sodales, mattis aliquam ante dictum. Vestibulum elementum pellentesque tortor ac congue. Mauris vel nibh id metus tincidunt eleifend. In interdum gravida ligula, at venenatis odio fermentum at. Donec dapibus enim lectus, quis venenatis tellus volutpat in. Nullam in velit tortor.</p>'),
(135,	'\n                                                    <h5>Headquarters</h5><p>1234 SE Street View<br>Suite 301<br>Portland, OR 98101</p><h5>HOURS</h5><p> <strong>M-F</strong>:  10 AM - 7 PM<br><strong>Sat</strong>: Noon - Midnight<br><strong>Sun</strong>: Closed</p>'),
(139,	'\n                                                    <h2>Choosing Us</h2><p>Pellentesque ultricies ligula vel neque dictum, eu mollis tortor adipiscing. Etiam congue, est vel tincidunt vestibulum, nunc nunc porta nulla, at adipiscing neque tellus quis urna. Quisque dignissim neque a ipsum sodales, mattis aliquam ante dictum. Vestibulum elementum pellentesque tortor ac congue. Mauris vel nibh id metus tincidunt eleifend. In interdum gravida ligula, at venenatis odio fermentum at. Donec dapibus enim lectus, quis venenatis tellus volutpat in. Nullam in velit tortor.</p>'),
(140,	'<h5>We would love to hear from you!</h5>'),
(142,	'<p>This is my empty content block on my blank page.</p>'),
(146,	'\n                                                    <blockquote>Fusce volutpat sodales mauris quis dapibus. Maecenas convallis, libero eu ultrices interdum.</blockquote>'),
(147,	'\n                                                    <p>Pellentesque ultricies ligula vel neque dictum, eu mollis tortor adipiscing. Etiam congue, est vel tincidunt vestibulum, nunc nunc porta nulla, at adipiscing neque tellus quis urna. </p><p><a href=\"http://www.yahoo.com\">Quisque dignissim</a> neque a ipsum sodales, mattis aliquam ante dictum. Vestibulum elementum pellentesque tortor ac congue. Mauris vel nibh id metus tincidunt eleifend.</p>'),
(150,	'\n                                                    <h1>Heading 1</h1><h2>Heading 2</h2><h3>Heading 3</h3><h4>Heading 4</h4><h5>Heading 5</h5><h6>Heading 6</h6>'),
(151,	'\n                                                    <p>Curabitur sagittis elementum felis at sodales. Nullam fermentum at urna quis accumsan. Nam bibendum leo nisi, lacinia molestie arcu consequat quis. Morbi at suscipit risus. Sed consequat eleifend metus, vitae malesuada eros elementum sed. Fusce risus felis, viverra et dignissim at, lobortis non est. Lorem ipsum dolor sit amet, consectetur adipiscing elit. Nullam sit amet consectetur lacus. Vestibulum neque lectus, egestas non cursus vitae, aliquam at magna. Etiam aliquam, justo et varius eleifend, dui lectus egestas nunc, vel malesuada nisl purus nec metus. In gravida turpis a pharetra commodo. Donec non turpis vulputate, faucibus metus a, consectetur nunc. Morbi tortor nisi, hendrerit sed laoreet eget, fermentum et justo. Suspendisse potenti.<br><br><br></p>'),
(153,	'\n                                                    <p><br><br>Curabitur sagittis elementum felis at sodales. Nullam fermentum at urna quis accumsan. Nam bibendum leo nisi, lacinia molestie arcu consequat quis. Morbi at suscipit risus. Sed consequat eleifend metus, vitae malesuada eros elementum sed. Fusce risus felis, viverra et dignissim at, lobortis non est. Lorem ipsum dolor sit amet, consectetur adipiscing elit. Nullam sit amet consectetur lacus. Vestibulum neque lectus, egestas non cursus vitae, aliquam at magna. Etiam aliquam, justo et varius eleifend, dui lectus egestas nunc, vel malesuada nisl purus nec metus. In gravida turpis a pharetra commodo. Donec non turpis vulputate, faucibus metus a, consectetur nunc. Morbi tortor nisi, hendrerit sed laoreet eget, fermentum et justo. Suspendisse potenti.</p>'),
(157,	'\n                                                    <p class=\"title-thin\">Get in Touch</p><p>Sed cursus facilisis dignissim. Aliquam rhoncus enim et pellentesque varius. Nulla sodales nibh lorem, sit amet imperdiet arcu commodo sit amet.<br><br></p><p><a class=\"btn btn-success\" href=\"{CCM:CID_201}\">Contact Us</a></p>'),
(160,	'<div style=\"height: 50px\"></div>'),
(170,	'\n                                                    <div class=\"title-thin\">Open Positions</div>'),
(172,	'\n                                    <p>Quisque accumsan leo sit amet neque pretium consectetur. Sed blandit nulla at justo volutpat rhoncus. Sed risus orci, luctus sit amet fringilla faucibus, congue nec dui. Phasellus mattis lobortis magna sed dapibus. Donec sagittis nunc sed accumsan eleifend. Ut porttitor sapien eu nisl volutpat, vitae interdum est mollis. Sed laoreet sit amet elit in eleifend. Sed a tincidunt velit, nec posuere urna. In eget metus non est varius viverra. Quisque accumsan odio sem, in consequat nunc lobortis ac.</p><p>Cras dignissim nulla ut euismod adipiscing. Mauris non eros sem. Cras at lacinia nulla. Maecenas nec magna arcu. Aenean iaculis, augue sed pretium semper, odio tellus volutpat risus, quis consectetur nibh mauris ut odio. Integer convallis, augue a accumsan condimentum, sem nisl congue lorem, consectetur lacinia neque tortor eu neque. Aenean convallis arcu vitae enim dignissim vestibulum. Phasellus tincidunt dolor id enim gravida ullamcorper. Nullam ut lorem auctor, congue quam non, auctor arcu. Morbi ac aliquam ipsum, at aliquet ligula.</p><p>Cras adipiscing tellus non nulla suscipit congue. Pellentesque id neque euismod, elementum augue vel, volutpat turpis. Pellentesque sit amet tortor non lorem hendrerit pellentesque ac in nisi. Sed aliquet tincidunt arcu, eu lacinia lorem fringilla id. Integer ut ornare orci. Donec scelerisque vulputate est a condimentum. Morbi tellus sapien, vehicula vel ipsum non, luctus ullamcorper mi. Phasellus felis tortor, egestas quis felis sit amet, malesuada auctor nibh. Sed mollis mi sit amet tristique scelerisque. Cras elementum mauris urna, ullamcorper consectetur orci vehicula ut.</p>'),
(173,	'\n                                    <p>Quisque accumsan leo sit amet neque pretium consectetur. Sed blandit nulla at justo volutpat rhoncus. Sed risus orci, luctus sit amet fringilla faucibus, congue nec dui. Phasellus mattis lobortis magna sed dapibus. Donec sagittis nunc sed accumsan eleifend. Ut porttitor sapien eu nisl volutpat, vitae interdum est mollis. Sed laoreet sit amet elit in eleifend. Sed a tincidunt velit, nec posuere urna. In eget metus non est varius viverra. Quisque accumsan odio sem, in consequat nunc lobortis ac.</p><p>Cras dignissim nulla ut euismod adipiscing. Mauris non eros sem. Cras at lacinia nulla. Maecenas nec magna arcu. Aenean iaculis, augue sed pretium semper, odio tellus volutpat risus, quis consectetur nibh mauris ut odio. Integer convallis, augue a accumsan condimentum, sem nisl congue lorem, consectetur lacinia neque tortor eu neque. Aenean convallis arcu vitae enim dignissim vestibulum. Phasellus tincidunt dolor id enim gravida ullamcorper. Nullam ut lorem auctor, congue quam non, auctor arcu. Morbi ac aliquam ipsum, at aliquet ligula.</p><p>Cras adipiscing tellus non nulla suscipit congue. Pellentesque id neque euismod, elementum augue vel, volutpat turpis. Pellentesque sit amet tortor non lorem hendrerit pellentesque ac in nisi. Sed aliquet tincidunt arcu, eu lacinia lorem fringilla id. Integer ut ornare orci. Donec scelerisque vulputate est a condimentum. Morbi tellus sapien, vehicula vel ipsum non, luctus ullamcorper mi. Phasellus felis tortor, egestas quis felis sit amet, malesuada auctor nibh. Sed mollis mi sit amet tristique scelerisque. Cras elementum mauris urna, ullamcorper consectetur orci vehicula ut.</p>'),
(224,	'<p style=\"text-align: left;\">As&rsquo;salam Alaikum<br />\r\n<br />\r\nGreetings to IACAPAP members and colleagues from all over the world.<br />\r\n<br />\r\nIt gives me immense pleasure to welcome you all to the 25th World Congress of IACAPAP , which will be held in Dubai in 2022. This congress will discuss extremely important and timely child and adolescent mental health topics in a remarkable and unique destination, Dubai, the city of future. The Congress will serve as a global hub for scientists, clinicians, from all over the world to present their work, and discuss latest advances under the theme of &ldquo; Child and Adolescent Mental Health : Shaping the Future&rdquo;.</p>\r\n'),
(225,	'<p style=\"text-align: left;\">&nbsp;</p>\r\n\r\n<p style=\"text-align: left;\">The topic of mental health has never been more important. As the world is going through this pandemic that is causing significant distress especially on vulnerable populations such as children. Although we live in unprecedented and unpredictable times, we are hopeful that with the consorted efforts to combat COVID-19 we will be able to welcome you all in person for the congress , to enjoy the scientific content , collaborate with colleagues and enjoy the beautiful city of Dubai !<br />\r\n<br />\r\nLet us join hands to enhance the future of our children and youth. We look forward to welcoming you all to our city, your city, Dubai.</p>\r\n'),
(228,	'<p style=\"text-align: left;\"><br />\r\nDr. Ammar Albanna<br />\r\nConference Chair<br />\r\n25th World Congress of IACAPAP - Dubai 2022<br />\r\n<a href=\"https://www.iacapap2022.com/\">www.iacapap2022.com</a></p>\r\n'),
(267,	'<p>The 25th World Congress of the International Association for Child and Adolescent Psychiatry and Allied Professions (IACAPAP) will be held from December 05th- 9th 2022 in Dubai, United Arab Emirates.</p>\r\n\r\n<p>The congress will serve as a global hub for scientists and clinicians from all over the world to present their work and latest advancements in the flied under the theme of &ldquo;Child and Adolescent Mental Health: Shaping The Future.&rdquo;</p>\r\n'),
(309,	'<h3 style=\"color: rgb(234, 145, 105); text-align: center;\">&nbsp;</h3>\r\n\r\n<h3 style=\"color: rgb(234, 145, 105); text-align: center;\">&nbsp;</h3>\r\n\r\n<h3 style=\"color: rgb(234, 145, 105); text-align: center;\"><strong>HISTORY OF IACAPAP</strong></h3>\r\n\r\n<p style=\"color: rgb(125, 125, 125); font-size: 18px; line-height: 32px; text-align: center;\">Lorem Ipsum has been the industry&#39;s standard dummy text ever since the 1500s, when an unknown printer took a galley of type and scrambled it to make a type specimen book.</p>\r\n\r\n<p style=\"color: rgb(125, 125, 125); font-size: 18px; line-height: 32px; text-align: center;\">&nbsp;</p>\r\n\r\n<p style=\"color: rgb(125, 125, 125); font-size: 18px; line-height: 32px; text-align: center;\">&nbsp;</p>\r\n\r\n<p style=\"color: rgb(125, 125, 125); font-size: 18px; line-height: 32px; text-align: center;\">&nbsp;</p>\r\n'),
(313,	'<h1 style=\"text-align: center;    color: #fec46a;font-size: 24px;    font-weight: bold;\">OVERSIGHT COMMITTEE</h1>\r\n\r\n<p style=\"text-align: center;font-size: 18px;    color: #7d7d7d;    line-height: 32px;\">MEMBERS OF THE BUREAU</p>\r\n'),
(315,	'<h3 style=\"color: rgb(234, 145, 105); text-align: center;\">&nbsp;</h3>\r\n\r\n<h3 style=\"color: rgb(234, 145, 105); text-align: center;\">&nbsp;</h3>\r\n\r\n<h3 style=\"color: rgb(234, 145, 105); text-align: center;\"><strong>HISTORY OF IACAPAP</strong></h3>\r\n\r\n<p style=\"color: rgb(125, 125, 125); font-size: 18px; line-height: 32px; text-align: center;\">Lorem Ipsum has been the industry&#39;s standard dummy text ever since the 1500s, when an unknown printer took a galley of type and scrambled it to make a type specimen book.</p>\r\n\r\n<p style=\"color: rgb(125, 125, 125); font-size: 18px; line-height: 32px; text-align: center;\">&nbsp;</p>\r\n'),
(372,	'<h3 style=\"text-align: center;font-size: 32px;    color: #fff;    font-weight: 600;    margin-top: 52px;    margin-bottom: 0 !important;\">EXPLORING DUBAI ON YOUR OWN</h3>\r\n'),
(406,	'<h3 style=\"text-align: center;font-size: 32px;color: #fff;font-weight: 600;margin-top: 52px; margin-bottom: 0 ;\">EXPLORING DUBAI ON YOUR OWN</h3>\r\n'),
(407,	'<h3 style=\"text-align: center;font-size: 32px;color: #fff;font-weight: 600;margin-top: 52px; margin-bottom: 0 ;padding-top:52px;\">EXPLORING DUBAI ON YOUR OWN</h3>\r\n'),
(411,	'<div class=\"formSec\">\r\n<div class=\"contactForm\">\r\n<div class=\"form-group\"><input class=\"form-control\" id=\"formGroupName\" placeholder=\"Your Name*\" type=\"text\" /></div>\r\n\r\n<div class=\"form-group\"><input class=\"form-control\" id=\"formGroupEmail\" placeholder=\"Your Email*\" type=\"email\" /></div>\r\n\r\n<div class=\"form-group\"><input class=\"form-control\" id=\"formGroupCountry\" placeholder=\"Your Country*\" type=\"text\" /></div>\r\n\r\n<div class=\"form-group\"><input class=\"form-control\" id=\"formGroupProfession\" placeholder=\"Your Profession*\" type=\"text\" /></div>\r\n\r\n<div class=\"form-group\"><input class=\"form-control\" id=\"formGroupSubject\" placeholder=\"Subject*\" type=\"text\" /></div>\r\n\r\n<div class=\"form-group\"><textarea class=\"form-control\" id=\"exampleFormControlMessage\" placeholder=\"Your Message*\" rows=\"7\"></textarea></div>\r\n<button class=\"btn btn-green btnSend\" type=\"submit\">SEND</button></div>\r\n</div>\r\n'),
(412,	'<h3 style=\"text-align: center;    font-size: 31px;    color: #fec46a;    font-weight: bold;}\">Scientific Topics</h3>\r\n');

DROP TABLE IF EXISTS `btContentWithBg`;
CREATE TABLE `btContentWithBg` (
  `bID` int(10) unsigned NOT NULL,
  `title` varchar(255) COLLATE utf8mb4_unicode_ci DEFAULT NULL,
  `desc_1` text COLLATE utf8mb4_unicode_ci,
  PRIMARY KEY (`bID`)
) ENGINE=InnoDB DEFAULT CHARSET=utf8mb4 COLLATE=utf8mb4_unicode_ci;


DROP TABLE IF EXISTS `btContentWithBgImg`;
CREATE TABLE `btContentWithBgImg` (
  `bID` int(10) unsigned NOT NULL,
  `bgimg` int(10) unsigned DEFAULT '0',
  `title` varchar(255) COLLATE utf8mb4_unicode_ci DEFAULT NULL,
  `desc_1` text COLLATE utf8mb4_unicode_ci,
  PRIMARY KEY (`bID`)
) ENGINE=InnoDB DEFAULT CHARSET=utf8mb4 COLLATE=utf8mb4_unicode_ci;

INSERT INTO `btContentWithBgImg` (`bID`, `bgimg`, `title`, `desc_1`) VALUES
(287,	52,	'Regionally Pertinent Topics',	'The number of children suffering around the globe has increased exponentially over the last decades. Tragically, the domestic and military conflicts that are rampant in many areas are exploiting children in unprecedented numbers. Children are forced into hard labour, military combat, the sex slave trade, and suicide. Many others bear witness to abject poverty, inhumane living conditions and unfathomable violence. In short, there is a generation of traumatized and neglected victims who have been deprived of their basic rights as a child. United Nations and its supporting affiliates cannot come close to handling the magnitude of this problem. Efforts will be required by all governmental and nongovernmental agencies to assess and provide the resources required to tackle this issue globally. By strategically planning meetings, IACAPAP can play a role in bringing attention to this monumental issue by being visible in the most affected areas. This will lend greater opportunity to directing resources from regional governments and organizations to the mental health sector, as it deals with the daunting task of rebuilding the lives of so many young, innocent, voiceless victims.');

DROP TABLE IF EXISTS `btContentWithGredientBg`;
CREATE TABLE `btContentWithGredientBg` (
  `bID` int(10) unsigned NOT NULL,
  `content` longtext COLLATE utf8mb4_unicode_ci,
  PRIMARY KEY (`bID`)
) ENGINE=InnoDB DEFAULT CHARSET=utf8mb4 COLLATE=utf8mb4_unicode_ci;

INSERT INTO `btContentWithGredientBg` (`bID`, `content`) VALUES
(361,	'<p>If you are a citizen of a GCC country, you do not need a visa or sponsor to visit the UAE. However, anyone accompanying GCC nationals or GCC residents must obtain an online visa before arriving to UAE. The UAE Ministry of Interior provides an online visa system for expat residents in GCC countries who wish to visit the UAE &ndash; eChannels. The application system also features an online payment method. On approval, the eVisa will be sent to the applicant&#39;s registered email. The eChannels system allows the following individuals to apply:</p>\r\n\r\n<div class=\"listOne\">\r\n<ul>\r\n	<li>UAE Nationals: The system allows them to apply for the individuals they sponsor.</li>\r\n	<li>Expatriate residents in UAE: The system allows them to apply for a visa or entry permit, and to renew or cancel them. GCC nationals living in the UAE &ndash; for the individuals they sponsor.</li>\r\n	<li>GCC nationals living in the UAE: They can apply for the individuals they sponsor.</li>\r\n	<li>GCC nationals living in the UAE: They can apply for the individuals they sponsor.</li>\r\n	<li>Visitors: Prospective visitors may also apply for entry permit/visit visa.</li>\r\n</ul>\r\n</div>\r\n\r\n<p><span class=\"listTwoHead\">Note</span></p>\r\n\r\n<ul class=\"listTwo\">\r\n	<li>Obtaining the eVisa before you travel to UAE is a must.</li>\r\n	<li>GCC residents or GCC citizens sponsoring a non-resident or non-citizen will not receive approval for the guest&rsquo;s application if the sponsor is not accompanying guest upon entry.</li>\r\n	<li>UAE nationals, residents, and firms may apply for a new visa or visa renewal through an online smart system UAE eChannels&rsquo; under the Ministry of Interior.</li>\r\n</ul>\r\n'),
(362,	'<p>If you are a citizen of a GCC country, you do not need a visa or sponsor to visit the UAE. However, anyone accompanying GCC nationals or GCC residents must obtain an online visa before arriving to UAE. The UAE Ministry of Interior provides an online visa system for expat residents in GCC countries who wish to visit the UAE &ndash; eChannels. The application system also features an online payment method. On approval, the eVisa will be sent to the applicant&#39;s registered email. The eChannels system allows the following individuals to apply:</p>\r\n\r\n<div class=\"listOne\">\r\n<ul>\r\n	<li>UAE Nationals: The system allows them to apply for the individuals they sponsor.</li>\r\n	<li>Expatriate residents in UAE: The system allows them to apply for a visa or entry permit, and to renew or cancel them. GCC nationals living in the UAE &ndash; for the individuals they sponsor.</li>\r\n	<li>GCC nationals living in the UAE: They can apply for the individuals they sponsor.</li>\r\n	<li>GCC nationals living in the UAE: They can apply for the individuals they sponsor.</li>\r\n	<li>Visitors: Prospective visitors may also apply for entry permit/visit visa.</li>\r\n</ul>\r\n</div>\r\n\r\n<p><span class=\"listTwoHead\">Note</span></p>\r\n\r\n<ul class=\"listTwo\">\r\n	<li>Obtaining the eVisa before you travel to UAE is a must.</li>\r\n	<li>GCC residents or GCC citizens sponsoring a non-resident or non-citizen will not receive approval for the guest&rsquo;s application if the sponsor is not accompanying guest upon entry.</li>\r\n	<li>UAE nationals, residents, and firms may apply for a new visa or visa renewal through an online smart system UAE eChannels&rsquo; under the Ministry of Interior.</li>\r\n</ul>\r\n'),
(363,	'<p>If you are a citizen of a GCC country, you do not need a visa or sponsor to visit the UAE. However, anyone accompanying GCC nationals or GCC residents must obtain an online visa before arriving to UAE. The UAE Ministry of Interior provides an online visa system for expat residents in GCC countries who wish to visit the UAE &ndash; eChannels. The application system also features an online payment method. On approval, the eVisa will be sent to the applicant&#39;s registered email. The eChannels system allows the following individuals to apply:</p>\r\n\r\n<div class=\"listOne\">\r\n<ul>\r\n	<li>UAE Nationals: The system allows them to apply for the individuals they sponsor.</li>\r\n	<li>Expatriate residents in UAE: The system allows them to apply for a visa or entry permit, and to renew or cancel them. GCC nationals living in the UAE &ndash; for the individuals they sponsor.</li>\r\n	<li>GCC nationals living in the UAE: They can apply for the individuals they sponsor.</li>\r\n	<li>GCC nationals living in the UAE: They can apply for the individuals they sponsor.</li>\r\n	<li>Visitors: Prospective visitors may also apply for entry permit/visit visa.</li>\r\n</ul>\r\n</div>\r\n\r\n<ul class=\"listTwo\">\r\n	<li>Note</li>\r\n	<li>Obtaining the eVisa before you travel to UAE is a must.</li>\r\n	<li>GCC residents or GCC citizens sponsoring a non-resident or non-citizen will not receive approval for the guest&rsquo;s application if the sponsor is not accompanying guest upon entry.</li>\r\n	<li>UAE nationals, residents, and firms may apply for a new visa or visa renewal through an online smart system UAE eChannels&rsquo; under the Ministry of Interior.</li>\r\n</ul>\r\n<style type=\"text/css\">ul.listTwo li:nth-child(1){\r\nlist-style-type:none;\r\n}\r\n</style>\r\n');

DROP TABLE IF EXISTS `btContentWithOrangeBg`;
CREATE TABLE `btContentWithOrangeBg` (
  `bID` int(10) unsigned NOT NULL,
  `title` varchar(255) COLLATE utf8mb4_unicode_ci DEFAULT NULL,
  `desc_1` text COLLATE utf8mb4_unicode_ci,
  PRIMARY KEY (`bID`)
) ENGINE=InnoDB DEFAULT CHARSET=utf8mb4 COLLATE=utf8mb4_unicode_ci;

INSERT INTO `btContentWithOrangeBg` (`bID`, `title`, `desc_1`) VALUES
(312,	'IACAPAPs goals for the following years are to:',	'Support organisations devoted to promoting the mental health of children and adolescents;\r\nDisseminate information and foster training through multidisciplinary study groups, congresses, publications and other educational initiatives;\r\nStrengthen the bonds between the different regions of the world to promote multi-disciplinary, multi-professional research and clinical practice in child and adolescent mental health (CAMH).\r\nIn addition, IACAPAP will promote international, state and community policies within all sectors of human services to ensure evidence-based, culturally acceptable, affordable and accessible mental health services are available for all children and adolescents.'),
(414,	'IACAPAPs goals for the following years are to:',	'<ul>\r\n	<li>Support organisations devoted to promoting the mental health of children and adolescents;</li>\r\n	<li>Disseminate information and foster training through multidisciplinary study groups, congresses, publications and other educational initiatives;</li>\r\n	<li>Strengthen the bonds between the different regions of the world to promote multi-disciplinary, multi-professional research and clinical practice in child and adolescent mental health (CAMH).</li>\r\n</ul>\r\n\r\n<p>In addition, IACAPAP will promote international, state and community policies within all sectors of human services to ensure evidence-based, culturally acceptable, affordable and accessible mental health services are available for all children and adolescents.</p>\r\n'),
(415,	'IACAPAPs goals for the following years are to:',	'Support organisations devoted to promoting the mental health of children and adolescents;\r\nDisseminate information and foster training through multidisciplinary study groups, congresses, publications and other educational initiatives;\r\nStrengthen the bonds between the different regions of the world to promote multi-disciplinary, multi-professional research and clinical practice in child and adolescent mental health (CAMH).\r\nIn addition, IACAPAP will promote international, state and community policies within all sectors of human services to ensure evidence-based, culturally acceptable, affordable and accessible mental health services are available for all children and adolescents.');

DROP TABLE IF EXISTS `btContentWithYellowBg`;
CREATE TABLE `btContentWithYellowBg` (
  `bID` int(10) unsigned NOT NULL,
  `title` varchar(255) COLLATE utf8mb4_unicode_ci DEFAULT NULL,
  `desc_1` text COLLATE utf8mb4_unicode_ci,
  PRIMARY KEY (`bID`)
) ENGINE=InnoDB DEFAULT CHARSET=utf8mb4 COLLATE=utf8mb4_unicode_ci;

INSERT INTO `btContentWithYellowBg` (`bID`, `title`, `desc_1`) VALUES
(311,	'OUR MISSION',	'The mission of IACAPAP is to promote child and adolescent psychiatry and the mental health and development of children and adolescents, through policy, practice, training and research. To achieve its global mission, IACAPAP has a wide range of activities. These include a bi-annual world congress, a freely accessible e-textbook, a massively online open course (MOOC), and two early career development programmes (the Donald J Cohen Fellowship and Helmut Remschmidt Research Seminars). IACAPAP also makes position statements, and publishes position papers and monographs to promote child & adolescent psychiatry and mental health around the globe. On social media, it promotes its activities through a quarterly Bulletin, through Facebook and twitter, and through its website.');

DROP TABLE IF EXISTS `btCoreAreaLayout`;
CREATE TABLE `btCoreAreaLayout` (
  `bID` int(10) unsigned NOT NULL DEFAULT '0',
  `arLayoutID` int(10) unsigned NOT NULL DEFAULT '0',
  PRIMARY KEY (`bID`),
  KEY `arLayoutID` (`arLayoutID`)
) ENGINE=InnoDB DEFAULT CHARSET=utf8mb4 COLLATE=utf8mb4_unicode_ci;

INSERT INTO `btCoreAreaLayout` (`bID`, `arLayoutID`) VALUES
(2,	1),
(6,	2),
(9,	3),
(14,	4),
(16,	5),
(18,	6),
(20,	7),
(49,	8),
(65,	9),
(73,	10),
(76,	11),
(82,	12),
(88,	13),
(92,	14),
(110,	15),
(114,	16),
(122,	17),
(133,	18),
(137,	19),
(144,	20),
(149,	21),
(155,	22),
(161,	23),
(169,	24),
(193,	26),
(197,	27),
(198,	28),
(200,	29),
(201,	30),
(215,	34),
(218,	35),
(220,	36),
(223,	37),
(227,	39),
(244,	42),
(266,	43),
(272,	45),
(273,	46),
(279,	47),
(295,	49),
(297,	50),
(302,	51),
(308,	52),
(310,	53),
(322,	54),
(323,	55),
(325,	56),
(329,	57),
(331,	58),
(337,	59),
(339,	60),
(345,	62),
(349,	64),
(352,	65),
(360,	66),
(364,	67),
(373,	68),
(380,	70),
(382,	71),
(391,	74),
(408,	75);

DROP TABLE IF EXISTS `btCoreConversation`;
CREATE TABLE `btCoreConversation` (
  `bID` int(10) unsigned NOT NULL,
  `cnvID` int(11) DEFAULT NULL,
  `enablePosting` int(11) DEFAULT '1',
  `paginate` tinyint(1) NOT NULL DEFAULT '1',
  `itemsPerPage` smallint(5) unsigned NOT NULL DEFAULT '50',
  `displayMode` varchar(255) COLLATE utf8mb4_unicode_ci NOT NULL DEFAULT 'threaded',
  `orderBy` varchar(255) COLLATE utf8mb4_unicode_ci NOT NULL DEFAULT 'date_desc',
  `enableOrdering` tinyint(1) NOT NULL DEFAULT '1',
  `enableCommentRating` tinyint(1) NOT NULL DEFAULT '1',
  `enableTopCommentReviews` tinyint(1) NOT NULL DEFAULT '0',
  `displaySocialLinks` tinyint(1) NOT NULL DEFAULT '1',
  `reviewAggregateAttributeKey` int(11) DEFAULT NULL,
  `displayPostingForm` varchar(255) COLLATE utf8mb4_unicode_ci NOT NULL DEFAULT 'top',
  `addMessageLabel` varchar(255) COLLATE utf8mb4_unicode_ci NOT NULL DEFAULT '',
  `dateFormat` varchar(255) COLLATE utf8mb4_unicode_ci DEFAULT 'default',
  `customDateFormat` varchar(255) COLLATE utf8mb4_unicode_ci DEFAULT NULL,
  PRIMARY KEY (`bID`),
  KEY `cnvID` (`cnvID`)
) ENGINE=InnoDB DEFAULT CHARSET=utf8mb4 COLLATE=utf8mb4_unicode_ci;

INSERT INTO `btCoreConversation` (`bID`, `cnvID`, `enablePosting`, `paginate`, `itemsPerPage`, `displayMode`, `orderBy`, `enableOrdering`, `enableCommentRating`, `enableTopCommentReviews`, `displaySocialLinks`, `reviewAggregateAttributeKey`, `displayPostingForm`, `addMessageLabel`, `dateFormat`, `customDateFormat`) VALUES
(29,	1,	1,	1,	50,	'threaded',	'date_asc',	0,	1,	0,	0,	NULL,	'top',	'Add Message',	'default',	''),
(125,	2,	1,	1,	50,	'threaded',	'date_asc',	0,	1,	0,	0,	NULL,	'top',	'Add Message',	'default',	''),
(127,	3,	1,	1,	50,	'threaded',	'date_asc',	0,	1,	0,	0,	NULL,	'top',	'Add Message',	'default',	''),
(129,	4,	1,	1,	50,	'threaded',	'date_asc',	0,	1,	0,	0,	NULL,	'top',	'Add Message',	'default',	'');

DROP TABLE IF EXISTS `btCorePageTypeComposerControlOutput`;
CREATE TABLE `btCorePageTypeComposerControlOutput` (
  `bID` int(10) unsigned NOT NULL,
  `ptComposerOutputControlID` int(10) unsigned NOT NULL DEFAULT '0',
  PRIMARY KEY (`bID`),
  KEY `ptComposerOutputControlID` (`ptComposerOutputControlID`)
) ENGINE=InnoDB DEFAULT CHARSET=utf8mb4 COLLATE=utf8mb4_unicode_ci;

INSERT INTO `btCorePageTypeComposerControlOutput` (`bID`, `ptComposerOutputControlID`) VALUES
(23,	1),
(38,	2),
(41,	3),
(45,	4);

DROP TABLE IF EXISTS `btCoreScrapbookDisplay`;
CREATE TABLE `btCoreScrapbookDisplay` (
  `bID` int(10) unsigned NOT NULL,
  `bOriginalID` int(10) unsigned NOT NULL,
  PRIMARY KEY (`bID`),
  KEY `bOriginalID` (`bOriginalID`)
) ENGINE=InnoDB DEFAULT CHARSET=utf8mb4 COLLATE=utf8mb4_unicode_ci;

INSERT INTO `btCoreScrapbookDisplay` (`bID`, `bOriginalID`) VALUES
(230,	229),
(232,	229),
(233,	229),
(253,	229),
(254,	229),
(259,	229),
(261,	229),
(262,	229),
(263,	229),
(284,	283),
(285,	283),
(305,	300),
(377,	376),
(378,	376),
(383,	376);

DROP TABLE IF EXISTS `btCoreStackDisplay`;
CREATE TABLE `btCoreStackDisplay` (
  `bID` int(10) unsigned NOT NULL,
  `stID` int(10) unsigned NOT NULL,
  PRIMARY KEY (`bID`),
  KEY `stID` (`stID`)
) ENGINE=InnoDB DEFAULT CHARSET=utf8mb4 COLLATE=utf8mb4_unicode_ci;


DROP TABLE IF EXISTS `btDateNavigation`;
CREATE TABLE `btDateNavigation` (
  `bID` int(10) unsigned NOT NULL,
  `title` varchar(255) COLLATE utf8mb4_unicode_ci NOT NULL DEFAULT '',
  `filterByParent` tinyint(1) DEFAULT '0',
  `redirectToResults` tinyint(1) DEFAULT '0',
  `cParentID` int(10) unsigned NOT NULL DEFAULT '0',
  `cTargetID` int(10) unsigned NOT NULL DEFAULT '0' COMMENT 'this field is where the links will direct you',
  `ptID` smallint(5) unsigned DEFAULT NULL,
  PRIMARY KEY (`bID`)
) ENGINE=InnoDB DEFAULT CHARSET=utf8mb4 COLLATE=utf8mb4_unicode_ci;

INSERT INTO `btDateNavigation` (`bID`, `title`, `filterByParent`, `redirectToResults`, `cParentID`, `cTargetID`, `ptID`) VALUES
(52,	'Archives',	1,	0,	199,	0,	6);

DROP TABLE IF EXISTS `btDesktopDraftList`;
CREATE TABLE `btDesktopDraftList` (
  `bID` int(10) unsigned NOT NULL,
  `draftsPerPage` int(11) DEFAULT NULL,
  PRIMARY KEY (`bID`)
) ENGINE=InnoDB DEFAULT CHARSET=utf8mb4 COLLATE=utf8mb4_unicode_ci;

INSERT INTO `btDesktopDraftList` (`bID`, `draftsPerPage`) VALUES
(17,	10),
(21,	10);

DROP TABLE IF EXISTS `btDesktopNewsflowLatest`;
CREATE TABLE `btDesktopNewsflowLatest` (
  `bID` int(10) unsigned NOT NULL,
  `slot` varchar(1) COLLATE utf8mb4_unicode_ci NOT NULL,
  PRIMARY KEY (`bID`)
) ENGINE=InnoDB DEFAULT CHARSET=utf8mb4 COLLATE=utf8mb4_unicode_ci;

INSERT INTO `btDesktopNewsflowLatest` (`bID`, `slot`) VALUES
(10,	'A'),
(11,	'B'),
(12,	'C');

DROP TABLE IF EXISTS `btDesktopSiteActivity`;
CREATE TABLE `btDesktopSiteActivity` (
  `bID` int(10) unsigned NOT NULL,
  `types` longtext COLLATE utf8mb4_unicode_ci COMMENT '(DC2Type:json_array)',
  PRIMARY KEY (`bID`)
) ENGINE=InnoDB DEFAULT CHARSET=utf8mb4 COLLATE=utf8mb4_unicode_ci;

INSERT INTO `btDesktopSiteActivity` (`bID`, `types`) VALUES
(5,	'[\"form_submissions\",\"survey_results\",\"signups\",\"conversation_messages\",\"workflow\"]');

DROP TABLE IF EXISTS `btDocumentLibrary`;
CREATE TABLE `btDocumentLibrary` (
  `bID` int(10) unsigned NOT NULL,
  `setIds` varchar(255) COLLATE utf8mb4_unicode_ci NOT NULL,
  `folderID` int(11) NOT NULL DEFAULT '0',
  `setMode` varchar(32) COLLATE utf8mb4_unicode_ci DEFAULT NULL,
  `onlyCurrentUser` int(11) DEFAULT '0',
  `tags` varchar(128) COLLATE utf8mb4_unicode_ci DEFAULT NULL,
  `viewProperties` longtext COLLATE utf8mb4_unicode_ci,
  `expandableProperties` varchar(255) COLLATE utf8mb4_unicode_ci DEFAULT NULL,
  `searchProperties` varchar(255) COLLATE utf8mb4_unicode_ci DEFAULT NULL,
  `orderBy` varchar(64) COLLATE utf8mb4_unicode_ci DEFAULT 'title',
  `displayLimit` int(11) DEFAULT '20',
  `displayOrderDesc` tinyint(1) NOT NULL DEFAULT '0',
  `addFilesToSetID` int(10) unsigned NOT NULL DEFAULT '0',
  `maxThumbWidth` int(11) DEFAULT '100',
  `maxThumbHeight` int(11) DEFAULT '150',
  `enableSearch` int(11) DEFAULT '0',
  `heightMode` varchar(32) COLLATE utf8mb4_unicode_ci DEFAULT 'auto',
  `downloadFileMethod` varchar(32) COLLATE utf8mb4_unicode_ci DEFAULT 'force',
  `fixedHeightSize` int(11) DEFAULT '0',
  `headerBackgroundColor` varchar(32) COLLATE utf8mb4_unicode_ci DEFAULT '',
  `headerBackgroundColorActiveSort` varchar(32) COLLATE utf8mb4_unicode_ci DEFAULT '',
  `headerTextColor` varchar(32) COLLATE utf8mb4_unicode_ci DEFAULT '',
  `allowFileUploading` int(11) DEFAULT '0',
  `allowInPageFileManagement` int(11) DEFAULT '0',
  `tableName` varchar(255) COLLATE utf8mb4_unicode_ci DEFAULT '',
  `tableDescription` varchar(255) COLLATE utf8mb4_unicode_ci DEFAULT '',
  `tableStriped` tinyint(1) DEFAULT '0',
  `rowBackgroundColorAlternate` varchar(32) COLLATE utf8mb4_unicode_ci DEFAULT '',
  PRIMARY KEY (`bID`)
) ENGINE=InnoDB DEFAULT CHARSET=utf8mb4 COLLATE=utf8mb4_unicode_ci;


DROP TABLE IF EXISTS `btEventList`;
CREATE TABLE `btEventList` (
  `bID` int(10) unsigned NOT NULL,
  `caID` text COLLATE utf8mb4_unicode_ci NOT NULL,
  `calendarAttributeKeyHandle` varchar(255) COLLATE utf8mb4_unicode_ci DEFAULT NULL,
  `totalToRetrieve` smallint(5) unsigned NOT NULL DEFAULT '10',
  `totalPerPage` smallint(5) unsigned NOT NULL DEFAULT '10',
  `filterByTopicAttributeKeyID` int(10) unsigned NOT NULL DEFAULT '0',
  `filterByTopicID` int(10) unsigned NOT NULL DEFAULT '0',
  `filterByPageTopicAttributeKeyHandle` varchar(255) COLLATE utf8mb4_unicode_ci DEFAULT NULL,
  `filterByFeatured` tinyint(1) NOT NULL DEFAULT '0',
  `eventListTitle` varchar(255) COLLATE utf8mb4_unicode_ci DEFAULT NULL,
  `linkToPage` int(10) unsigned NOT NULL DEFAULT '0',
  PRIMARY KEY (`bID`)
) ENGINE=InnoDB DEFAULT CHARSET=utf8mb4 COLLATE=utf8mb4_unicode_ci;


DROP TABLE IF EXISTS `btExample`;
CREATE TABLE `btExample` (
  `bID` int(10) unsigned NOT NULL,
  `code` text COLLATE utf8mb4_unicode_ci,
  `quick` text COLLATE utf8mb4_unicode_ci,
  `what` longtext COLLATE utf8mb4_unicode_ci,
  PRIMARY KEY (`bID`)
) ENGINE=InnoDB DEFAULT CHARSET=utf8mb4 COLLATE=utf8mb4_unicode_ci;


DROP TABLE IF EXISTS `btExpectcards`;
CREATE TABLE `btExpectcards` (
  `bID` int(10) unsigned NOT NULL,
  `icon` int(10) unsigned DEFAULT '0',
  `title` varchar(255) COLLATE utf8mb4_unicode_ci DEFAULT NULL,
  `desc_1` text COLLATE utf8mb4_unicode_ci,
  `btn` varchar(12) COLLATE utf8mb4_unicode_ci DEFAULT NULL,
  `btn_Title` varchar(255) COLLATE utf8mb4_unicode_ci DEFAULT NULL,
  `btn_Page` int(10) unsigned DEFAULT '0',
  `btn_File` int(10) unsigned DEFAULT '0',
  `btn_Image` int(10) unsigned DEFAULT '0',
  `btn_URL` varchar(255) COLLATE utf8mb4_unicode_ci DEFAULT NULL,
  `btn_Relative_URL` varchar(255) COLLATE utf8mb4_unicode_ci DEFAULT NULL,
  PRIMARY KEY (`bID`)
) ENGINE=InnoDB DEFAULT CHARSET=utf8mb4 COLLATE=utf8mb4_unicode_ci;

INSERT INTO `btExpectcards` (`bID`, `icon`, `title`, `desc_1`, `btn`, `btn_Title`, `btn_Page`, `btn_File`, `btn_Image`, `btn_URL`, `btn_Relative_URL`) VALUES
(208,	2,	'hdajkwd dhka dud',	'hdwuhdid o dwui dhwhd dhwd n dhdhasd dhkjd idns d8adgi ddnm,s dliasdki9a jhao jdbn jd ',	'url',	'Read more',	0,	0,	0,	'https://www.google.com',	''),
(229,	21,	'Lorem Ipsum',	'Lorem Ipsum has been the industry\'s standard dummy ever since the 1500s, when an unknown printer',	'url',	'Read more',	0,	0,	0,	'https://www.google.com',	'');

DROP TABLE IF EXISTS `btExploreCard`;
CREATE TABLE `btExploreCard` (
  `bID` int(10) unsigned NOT NULL,
  `img` int(10) unsigned DEFAULT '0',
  `title` varchar(255) COLLATE utf8mb4_unicode_ci DEFAULT NULL,
  `btn` int(11) DEFAULT NULL,
  `btn_text` varchar(255) COLLATE utf8mb4_unicode_ci DEFAULT NULL,
  PRIMARY KEY (`bID`)
) ENGINE=InnoDB DEFAULT CHARSET=utf8mb4 COLLATE=utf8mb4_unicode_ci;

INSERT INTO `btExploreCard` (`bID`, `img`, `title`, `btn`, `btn_text`) VALUES
(375,	82,	'Dubai Mall',	1,	''),
(376,	81,	'Dubai Fountain',	194,	''),
(398,	80,	'Dubai Aquarium &  Underwater Zoo',	194,	''),
(399,	95,	'Miracle Garden Dubai',	194,	''),
(400,	90,	'Jumeirah Beach',	194,	''),
(401,	99,	'Ski Dubai',	194,	''),
(402,	72,	'Alserkal Avenue',	194,	''),
(403,	93,	'Mall of the Emirates',	194,	''),
(404,	79,	'Dolphin Bay',	194,	''),
(405,	91,	'La Mer Dubai',	194,	'');

DROP TABLE IF EXISTS `btExploreCards`;
CREATE TABLE `btExploreCards` (
  `bID` int(10) unsigned NOT NULL,
  `image` int(10) unsigned DEFAULT '0',
  `title` varchar(255) COLLATE utf8mb4_unicode_ci DEFAULT NULL,
  `btn` varchar(12) COLLATE utf8mb4_unicode_ci DEFAULT NULL,
  `btn_Title` varchar(255) COLLATE utf8mb4_unicode_ci DEFAULT NULL,
  `btn_Page` int(10) unsigned DEFAULT '0',
  `btn_File` int(10) unsigned DEFAULT '0',
  `btn_Image` int(10) unsigned DEFAULT '0',
  `btn_URL` varchar(255) COLLATE utf8mb4_unicode_ci DEFAULT NULL,
  `btn_Relative_URL` varchar(255) COLLATE utf8mb4_unicode_ci DEFAULT NULL,
  PRIMARY KEY (`bID`)
) ENGINE=InnoDB DEFAULT CHARSET=utf8mb4 COLLATE=utf8mb4_unicode_ci;

INSERT INTO `btExploreCards` (`bID`, `image`, `title`, `btn`, `btn_Title`, `btn_Page`, `btn_File`, `btn_Image`, `btn_URL`, `btn_Relative_URL`) VALUES
(374,	82,	'Dubai Mall',	'url',	'',	0,	0,	0,	'https://www.google.com',	'');

DROP TABLE IF EXISTS `btExpressEntryDetail`;
CREATE TABLE `btExpressEntryDetail` (
  `bID` int(10) unsigned NOT NULL,
  `exEntityID` char(36) COLLATE utf8mb4_unicode_ci DEFAULT NULL COMMENT '(DC2Type:guid)',
  `exSpecificEntryID` int(10) unsigned DEFAULT NULL,
  `exEntryAttributeKeyHandle` varchar(255) COLLATE utf8mb4_unicode_ci DEFAULT NULL,
  `exFormID` char(36) COLLATE utf8mb4_unicode_ci DEFAULT NULL COMMENT '(DC2Type:guid)',
  `entryMode` varchar(1) COLLATE utf8mb4_unicode_ci DEFAULT 'S',
  PRIMARY KEY (`bID`)
) ENGINE=InnoDB DEFAULT CHARSET=utf8mb4 COLLATE=utf8mb4_unicode_ci;


DROP TABLE IF EXISTS `btExpressEntryList`;
CREATE TABLE `btExpressEntryList` (
  `bID` int(10) unsigned NOT NULL,
  `exEntityID` varchar(255) COLLATE utf8mb4_unicode_ci NOT NULL,
  `detailPage` int(10) unsigned NOT NULL DEFAULT '0',
  `linkedProperties` varchar(255) COLLATE utf8mb4_unicode_ci DEFAULT NULL,
  `searchProperties` varchar(255) COLLATE utf8mb4_unicode_ci DEFAULT NULL,
  `searchAssociations` longtext COLLATE utf8mb4_unicode_ci,
  `columns` longtext COLLATE utf8mb4_unicode_ci,
  `filterFields` longtext COLLATE utf8mb4_unicode_ci,
  `displayLimit` int(11) DEFAULT '20',
  `enableSearch` int(11) DEFAULT '0',
  `enableKeywordSearch` int(11) DEFAULT '0',
  `headerBackgroundColor` varchar(32) COLLATE utf8mb4_unicode_ci DEFAULT '',
  `headerBackgroundColorActiveSort` varchar(32) COLLATE utf8mb4_unicode_ci DEFAULT '',
  `headerTextColor` varchar(32) COLLATE utf8mb4_unicode_ci DEFAULT '',
  `tableName` varchar(255) COLLATE utf8mb4_unicode_ci DEFAULT '',
  `tableDescription` varchar(255) COLLATE utf8mb4_unicode_ci DEFAULT '',
  `tableStriped` tinyint(1) DEFAULT '0',
  `rowBackgroundColorAlternate` varchar(32) COLLATE utf8mb4_unicode_ci DEFAULT '',
  PRIMARY KEY (`bID`)
) ENGINE=InnoDB DEFAULT CHARSET=utf8mb4 COLLATE=utf8mb4_unicode_ci;


DROP TABLE IF EXISTS `btExpressForm`;
CREATE TABLE `btExpressForm` (
  `bID` int(10) unsigned NOT NULL,
  `exFormID` char(36) COLLATE utf8mb4_unicode_ci DEFAULT NULL COMMENT '(DC2Type:guid)',
  `submitLabel` varchar(255) COLLATE utf8mb4_unicode_ci DEFAULT 'Submit',
  `thankyouMsg` text COLLATE utf8mb4_unicode_ci,
  `notifyMeOnSubmission` tinyint(1) NOT NULL DEFAULT '0',
  `recipientEmail` varchar(255) COLLATE utf8mb4_unicode_ci DEFAULT NULL,
  `displayCaptcha` int(11) DEFAULT '1',
  `storeFormSubmission` tinyint(1) DEFAULT '1',
  `redirectCID` int(11) DEFAULT '0',
  `replyToEmailControlID` varchar(255) COLLATE utf8mb4_unicode_ci DEFAULT NULL,
  `addFilesToSet` int(11) DEFAULT '0',
  `addFilesToFolder` int(11) DEFAULT '0',
  PRIMARY KEY (`bID`)
) ENGINE=InnoDB DEFAULT CHARSET=utf8mb4 COLLATE=utf8mb4_unicode_ci;

INSERT INTO `btExpressForm` (`bID`, `exFormID`, `submitLabel`, `thankyouMsg`, `notifyMeOnSubmission`, `recipientEmail`, `displayCaptcha`, `storeFormSubmission`, `redirectCID`, `replyToEmailControlID`, `addFilesToSet`, `addFilesToFolder`) VALUES
(141,	'881b6bde-220f-4482-b8f9-ace40b5d169b',	'Submit',	'Thanks!',	0,	'',	0,	1,	0,	'02181ae2-634d-11e6-a245-62e65b165d8e\n                                                ',	0,	0);

DROP TABLE IF EXISTS `btExternalForm`;
CREATE TABLE `btExternalForm` (
  `bID` int(10) unsigned NOT NULL,
  `filename` varchar(128) COLLATE utf8mb4_unicode_ci DEFAULT NULL,
  PRIMARY KEY (`bID`)
) ENGINE=InnoDB DEFAULT CHARSET=utf8mb4 COLLATE=utf8mb4_unicode_ci;


DROP TABLE IF EXISTS `btFaq`;
CREATE TABLE `btFaq` (
  `bID` int(10) unsigned NOT NULL,
  `blockTitle` varchar(255) COLLATE utf8mb4_unicode_ci DEFAULT NULL,
  PRIMARY KEY (`bID`)
) ENGINE=InnoDB DEFAULT CHARSET=utf8mb4 COLLATE=utf8mb4_unicode_ci;

INSERT INTO `btFaq` (`bID`, `blockTitle`) VALUES
(175,	'');

DROP TABLE IF EXISTS `btFaqEntries`;
CREATE TABLE `btFaqEntries` (
  `id` int(10) unsigned NOT NULL AUTO_INCREMENT,
  `bID` int(10) unsigned DEFAULT NULL,
  `linkTitle` varchar(255) COLLATE utf8mb4_unicode_ci DEFAULT NULL,
  `title` varchar(255) COLLATE utf8mb4_unicode_ci DEFAULT NULL,
  `sortOrder` int(11) DEFAULT NULL,
  `description` longtext COLLATE utf8mb4_unicode_ci,
  PRIMARY KEY (`id`),
  KEY `bID` (`bID`,`sortOrder`)
) ENGINE=InnoDB DEFAULT CHARSET=utf8mb4 COLLATE=utf8mb4_unicode_ci;

INSERT INTO `btFaqEntries` (`id`, `bID`, `linkTitle`, `title`, `sortOrder`, `description`) VALUES
(4,	175,	'What are page versions?',	'What are page versions?',	0,	'\n                                    Pellentesque ultricies ligula vel neque dictum, eu mollis tortor adipiscing. Etiam congue, est vel tincidunt vestibulum, nunc nunc porta nulla, at adipiscing neque tellus quis urna. Pellentesque ultricies ligula vel neque dictum, eu mollis tortor adipiscing. Etiam congue, est vel tincidunt vestibulum, nunc nunc porta nulla, at adipiscing neque tellus quis urna. '),
(5,	175,	'How do I add more people as editors in my website?',	'How do I add more people as editors in my website?',	1,	'\n                                    Pellentesque ultricies ligula vel neque dictum, eu mollis tortor adipiscing. Etiam congue, est vel tincidunt vestibulum, nunc nunc porta nulla, at adipiscing neque tellus quis urna. Pellentesque ultricies ligula vel neque dictum, eu mollis tortor adipiscing. Etiam congue, est vel tincidunt vestibulum, nunc nunc porta nulla, at adipiscing neque tellus quis urna. Pellentesque ultricies ligula vel neque dictum, eu mollis tortor adipiscing. Etiam congue, est vel tincidunt vestibulum, nunc nunc porta nulla, at adipiscing neque tellus quis urna. ');

DROP TABLE IF EXISTS `btFeature`;
CREATE TABLE `btFeature` (
  `bID` int(10) unsigned NOT NULL,
  `icon` varchar(255) COLLATE utf8mb4_unicode_ci DEFAULT NULL,
  `title` varchar(255) COLLATE utf8mb4_unicode_ci DEFAULT NULL,
  `paragraph` text COLLATE utf8mb4_unicode_ci,
  `externalLink` varchar(255) COLLATE utf8mb4_unicode_ci DEFAULT NULL,
  `internalLinkCID` int(10) unsigned DEFAULT '0',
  PRIMARY KEY (`bID`)
) ENGINE=InnoDB DEFAULT CHARSET=utf8mb4 COLLATE=utf8mb4_unicode_ci;

INSERT INTO `btFeature` (`bID`, `icon`, `title`, `paragraph`, `externalLink`, `internalLinkCID`) VALUES
(66,	'pencil',	'Easy to Edit',	'\n                                                    Pellentesque ultricies ligula vel neque dictum, eu mollis tortor adipiscing. Etiam congue, est vel tincidunt vestibulum, nunc nunc porta nulla, at adipiscing neque tellus quis urna.',	'',	0),
(67,	'eye',	'Pixel Perfect',	'\n                                                    Pellentesque ultricies ligula vel neque dictum, eu mollis tortor adipiscing. Etiam congue, est vel tincidunt vestibulum, nunc nunc porta nulla, at adipiscing neque tellus quis urna.',	'',	0),
(68,	'youtube-play',	'Media Rich',	'\n                                                    Pellentesque ultricies ligula vel neque dictum, eu mollis tortor adipiscing. Etiam congue, est vel tincidunt vestibulum, nunc nunc porta nulla, at adipiscing neque tellus quis urna.',	'',	0),
(83,	'star',	'Quality',	'\n                                                    Lorem ipsum dolor sit amet, consectetur adipiscing elit. Nulla sodales non leo id aliquet.',	'',	0),
(84,	'tint',	'Design',	'\n                                                    Lorem ipsum dolor sit amet, consectetur adipiscing elit. Nulla sodales non leo id aliquet.',	'',	0),
(85,	'cog',	'Development',	'\n                                                    Lorem ipsum dolor sit amet, consectetur adipiscing elit. Nulla sodales non leo id aliquet.',	'',	0),
(86,	'lock',	'Security',	'\n                                                    Lorem ipsum dolor sit amet, consectetur adipiscing elit. Nulla sodales non leo id aliquet.',	'',	0),
(162,	'home',	'Welcome Home',	'\n                                                    Curabitur sagittis elementum felis at sodales. Nullam fermentum at urna quis accumsan.',	'',	0),
(163,	'user',	'Great Workers',	'\n                                                    Curabitur sagittis elementum felis at sodales. Nullam fermentum at urna quis accumsan.',	'',	0),
(164,	'flag',	'Amazing Location',	'\n                                                    Curabitur sagittis elementum felis at sodales. Nullam fermentum at urna quis accumsan.',	'',	0),
(165,	'clock-o',	'Paid Time Off',	'\n                                                    Curabitur sagittis elementum felis at sodales. Nullam fermentum at urna quis accumsan.',	'',	0),
(166,	'star',	'No Meetings',	'\n                                                    Curabitur sagittis elementum felis at sodales. Nullam fermentum at urna quis accumsan.',	'',	0),
(167,	'beer',	'Free Drinks',	'\n                                                    Curabitur sagittis elementum felis at sodales. Nullam fermentum at urna quis accumsan.',	'',	0);

DROP TABLE IF EXISTS `btFilteredSection`;
CREATE TABLE `btFilteredSection` (
  `bID` int(10) unsigned NOT NULL,
  `titleone` text COLLATE utf8mb4_unicode_ci,
  `titletwo` varchar(255) COLLATE utf8mb4_unicode_ci DEFAULT NULL,
  `orangetitle` varchar(255) COLLATE utf8mb4_unicode_ci DEFAULT NULL,
  PRIMARY KEY (`bID`)
) ENGINE=InnoDB DEFAULT CHARSET=utf8mb4 COLLATE=utf8mb4_unicode_ci;


DROP TABLE IF EXISTS `btForm`;
CREATE TABLE `btForm` (
  `bID` int(10) unsigned NOT NULL,
  `questionSetId` int(10) unsigned DEFAULT '0',
  `surveyName` varchar(255) COLLATE utf8mb4_unicode_ci DEFAULT NULL,
  `submitText` varchar(255) COLLATE utf8mb4_unicode_ci DEFAULT 'Submit',
  `thankyouMsg` text COLLATE utf8mb4_unicode_ci,
  `notifyMeOnSubmission` tinyint(1) NOT NULL DEFAULT '0',
  `recipientEmail` varchar(255) COLLATE utf8mb4_unicode_ci DEFAULT NULL,
  `displayCaptcha` int(11) DEFAULT '1',
  `redirectCID` int(11) DEFAULT '0',
  `addFilesToSet` int(11) DEFAULT '0',
  PRIMARY KEY (`bID`),
  KEY `questionSetIdForeign` (`questionSetId`)
) ENGINE=InnoDB DEFAULT CHARSET=utf8mb4 COLLATE=utf8mb4_unicode_ci;


DROP TABLE IF EXISTS `btFormAnswers`;
CREATE TABLE `btFormAnswers` (
  `aID` int(10) unsigned NOT NULL AUTO_INCREMENT,
  `asID` int(10) unsigned DEFAULT '0',
  `msqID` int(10) unsigned DEFAULT '0',
  `answer` varchar(255) COLLATE utf8mb4_unicode_ci DEFAULT NULL,
  `answerLong` text COLLATE utf8mb4_unicode_ci,
  PRIMARY KEY (`aID`),
  KEY `asID` (`asID`),
  KEY `msqID` (`msqID`)
) ENGINE=InnoDB DEFAULT CHARSET=utf8mb4 COLLATE=utf8mb4_unicode_ci;


DROP TABLE IF EXISTS `btFormAnswerSet`;
CREATE TABLE `btFormAnswerSet` (
  `asID` int(10) unsigned NOT NULL AUTO_INCREMENT,
  `questionSetId` int(10) unsigned DEFAULT '0',
  `created` timestamp NOT NULL DEFAULT CURRENT_TIMESTAMP,
  `uID` int(10) unsigned DEFAULT '0',
  PRIMARY KEY (`asID`),
  KEY `questionSetId` (`questionSetId`),
  KEY `uID` (`uID`)
) ENGINE=InnoDB DEFAULT CHARSET=utf8mb4 COLLATE=utf8mb4_unicode_ci;


DROP TABLE IF EXISTS `btFormQuestions`;
CREATE TABLE `btFormQuestions` (
  `qID` int(10) unsigned NOT NULL AUTO_INCREMENT,
  `msqID` int(10) unsigned DEFAULT '0',
  `bID` int(10) unsigned DEFAULT '0',
  `questionSetId` int(10) unsigned DEFAULT '0',
  `question` varchar(255) COLLATE utf8mb4_unicode_ci DEFAULT NULL,
  `inputType` varchar(255) COLLATE utf8mb4_unicode_ci DEFAULT NULL,
  `options` text COLLATE utf8mb4_unicode_ci,
  `position` int(10) unsigned DEFAULT '1000',
  `width` int(10) unsigned DEFAULT '50',
  `height` int(10) unsigned DEFAULT '3',
  `defaultDate` varchar(255) COLLATE utf8mb4_unicode_ci DEFAULT '',
  `required` int(11) DEFAULT '0',
  PRIMARY KEY (`qID`),
  KEY `questionSetId` (`questionSetId`),
  KEY `msqID` (`msqID`),
  KEY `bID` (`bID`,`questionSetId`)
) ENGINE=InnoDB DEFAULT CHARSET=utf8mb4 COLLATE=utf8mb4_unicode_ci;


DROP TABLE IF EXISTS `btGoogleMap`;
CREATE TABLE `btGoogleMap` (
  `bID` int(10) unsigned NOT NULL,
  `title` varchar(255) COLLATE utf8mb4_unicode_ci DEFAULT NULL,
  `location` varchar(255) COLLATE utf8mb4_unicode_ci DEFAULT NULL,
  `latitude` double DEFAULT NULL,
  `longitude` double DEFAULT NULL,
  `zoom` smallint(6) DEFAULT NULL,
  `width` varchar(8) COLLATE utf8mb4_unicode_ci DEFAULT '100%',
  `height` varchar(8) COLLATE utf8mb4_unicode_ci DEFAULT '400px',
  `scrollwheel` tinyint(1) NOT NULL DEFAULT '1',
  PRIMARY KEY (`bID`)
) ENGINE=InnoDB DEFAULT CHARSET=utf8mb4 COLLATE=utf8mb4_unicode_ci;

INSERT INTO `btGoogleMap` (`bID`, `title`, `location`, `latitude`, `longitude`, `zoom`, `width`, `height`, `scrollwheel`) VALUES
(134,	'',	'1200 NW Naito Pkwy, Portland, OR, United States',	45.5313254,	-122.6763493,	14,	'100%',	'400px',	0);

DROP TABLE IF EXISTS `btGreenContentWithImageAndBg`;
CREATE TABLE `btGreenContentWithImageAndBg` (
  `bID` int(10) unsigned NOT NULL,
  `bgimg` int(10) unsigned DEFAULT '0',
  `blacktitle` varchar(255) COLLATE utf8mb4_unicode_ci DEFAULT NULL,
  `greentitle` varchar(255) COLLATE utf8mb4_unicode_ci DEFAULT NULL,
  `desc_1` text COLLATE utf8mb4_unicode_ci,
  `img` int(10) unsigned DEFAULT '0',
  PRIMARY KEY (`bID`)
) ENGINE=InnoDB DEFAULT CHARSET=utf8mb4 COLLATE=utf8mb4_unicode_ci;

INSERT INTO `btGreenContentWithImageAndBg` (`bID`, `bgimg`, `blacktitle`, `greentitle`, `desc_1`, `img`) VALUES
(301,	31,	'ABOUT AL JALILA',	'Al Jalila Childrens Specialty Hospital',	'Al Jalila Childrens is the first dedicated childrens hospital in the United Arab Emirates. The state of the art paediatric medical facility was created under the directives of His Highness Sheikh Mohammed Bin Rashid Al Maktoum, Vice President and Prime Minister of the UAE, and Ruler of Dubai, to affirm his belief that all children should have an equal opportunity for success in life, and the treatment of children suffering from illness or disease should not be subject to geographical chance. The hospital is a place where SMART technology and design converge to enhance patient care and outcomes. It hosts the first robotic pharmacy in Dubai, and a fully automated laboratory. The hospital also aims to foster clinical innovations, astute learning and development programmes and cutting-edge research facilities.',	38);

DROP TABLE IF EXISTS `btGreenTitle`;
CREATE TABLE `btGreenTitle` (
  `bID` int(10) unsigned NOT NULL,
  `title` longtext COLLATE utf8mb4_unicode_ci,
  PRIMARY KEY (`bID`)
) ENGINE=InnoDB DEFAULT CHARSET=utf8mb4 COLLATE=utf8mb4_unicode_ci;

INSERT INTO `btGreenTitle` (`bID`, `title`) VALUES
(330,	'<h2 style=\"text-align: center;\">TIPS AND USEFUL INFORMATION</h2>\r\n\r\n<p style=\"text-align: center;\">Lorem Ipsum has been the industry&#39;s standard dummy text ever since the when an unknown<br />\r\nprinter took a galley of type.</p>\r\n'),
(351,	'<h2 style=\"text-align: center; color:#fec46a\">Visa information</h2>\r\n\r\n<p style=\"text-align: center;\">The type of visa needed to enter Dubai depends on several factors such as your nationality, the purpose of your planned visit and its duration.</p>\r\n');

DROP TABLE IF EXISTS `btGreenTitleWithDesc`;
CREATE TABLE `btGreenTitleWithDesc` (
  `bID` int(10) unsigned NOT NULL,
  `title` varchar(255) COLLATE utf8mb4_unicode_ci DEFAULT NULL,
  `desc_1` longtext COLLATE utf8mb4_unicode_ci,
  PRIMARY KEY (`bID`)
) ENGINE=InnoDB DEFAULT CHARSET=utf8mb4 COLLATE=utf8mb4_unicode_ci;

INSERT INTO `btGreenTitleWithDesc` (`bID`, `title`, `desc_1`) VALUES
(367,	'OUR STORY',	'<p>The Emirates story started in 1985 when we launched operations with just two aircraft. Today, we fly the world&rsquo;s biggest fleets of Airbus A380s and Boeing 777s, offering our customers the comforts of the latest and most efficient wide-body aircraft in the skies. We inspire travelers around the world with our growing network of worldwide destinations, industry leading inflight entertainment, regionally inspired cuisine, and world-class service. Read on to find out more.</p>\r\n'),
(368,	'OUR STORY',	'<p>The Emirates story started in 1985 when we launched operations with just two aircraft. Today, we fly the world&rsquo;s biggest fleets of Airbus A380s and Boeing 777s, offering our customers the comforts of the latest and most efficient wide-body aircraft in the skies. We inspire travelers around the world with our growing network of worldwide destinations, industry leading inflight entertainment, regionally inspired cuisine, and world-class service. Read on to find out more.</p>\r\n');

DROP TABLE IF EXISTS `btIgSpacer`;
CREATE TABLE `btIgSpacer` (
  `bID` int(10) unsigned NOT NULL,
  `spacerHeight` varchar(10) COLLATE utf8mb4_unicode_ci DEFAULT '0',
  PRIMARY KEY (`bID`)
) ENGINE=InnoDB DEFAULT CHARSET=utf8mb4 COLLATE=utf8mb4_unicode_ci;

INSERT INTO `btIgSpacer` (`bID`, `spacerHeight`) VALUES
(324,	'80'),
(338,	'30'),
(346,	'40'),
(347,	'35'),
(381,	'80'),
(389,	'60');

DROP TABLE IF EXISTS `btImageSlider`;
CREATE TABLE `btImageSlider` (
  `bID` int(10) unsigned NOT NULL,
  `navigationType` int(10) unsigned DEFAULT '0',
  `timeout` int(10) unsigned DEFAULT NULL,
  `speed` int(10) unsigned DEFAULT NULL,
  `noAnimate` int(10) unsigned DEFAULT NULL,
  `pause` int(10) unsigned DEFAULT NULL,
  `maxWidth` int(10) unsigned DEFAULT NULL,
  PRIMARY KEY (`bID`)
) ENGINE=InnoDB DEFAULT CHARSET=utf8mb4 COLLATE=utf8mb4_unicode_ci;

INSERT INTO `btImageSlider` (`bID`, `navigationType`, `timeout`, `speed`, `noAnimate`, `pause`, `maxWidth`) VALUES
(64,	1,	4000,	500,	0,	0,	0),
(97,	0,	4000,	500,	0,	0,	0),
(99,	0,	4000,	500,	0,	0,	0),
(101,	0,	4000,	500,	0,	0,	0),
(103,	0,	4000,	500,	0,	0,	0),
(105,	0,	4000,	500,	0,	0,	0),
(107,	0,	4000,	500,	0,	0,	0);

DROP TABLE IF EXISTS `btImageSliderEntries`;
CREATE TABLE `btImageSliderEntries` (
  `id` int(10) unsigned NOT NULL AUTO_INCREMENT,
  `bID` int(10) unsigned DEFAULT NULL,
  `cID` int(10) unsigned DEFAULT '0',
  `fID` int(10) unsigned DEFAULT '0',
  `linkURL` varchar(255) COLLATE utf8mb4_unicode_ci DEFAULT NULL,
  `internalLinkCID` int(10) unsigned DEFAULT '0',
  `title` longtext COLLATE utf8mb4_unicode_ci,
  `description` longtext COLLATE utf8mb4_unicode_ci,
  `sortOrder` int(11) DEFAULT NULL,
  PRIMARY KEY (`id`)
) ENGINE=InnoDB DEFAULT CHARSET=utf8mb4 COLLATE=utf8mb4_unicode_ci;

INSERT INTO `btImageSliderEntries` (`id`, `bID`, `cID`, `fID`, `linkURL`, `internalLinkCID`, `title`, `description`, `sortOrder`) VALUES
(1,	64,	0,	13,	'',	0,	'Stand Out on the Web',	'\n                                    <p>Share your business with an impressive, yet minimal presentation. Let your customers understand your web presence through elegance and clarity.</p>',	0),
(2,	64,	0,	14,	'',	0,	'A Simple Image Slider',	'\n                                    <p>This image slider can have any content that you want in it.</p>',	1),
(3,	97,	0,	16,	'',	0,	'',	'',	0),
(4,	97,	0,	15,	'',	0,	'',	'',	1),
(5,	97,	0,	12,	'',	0,	'',	'',	2),
(6,	99,	0,	16,	'',	0,	'',	'',	0),
(7,	99,	0,	15,	'',	0,	'',	'',	1),
(8,	99,	0,	12,	'',	0,	'',	'',	2),
(9,	101,	0,	16,	'',	0,	'',	'',	0),
(10,	101,	0,	15,	'',	0,	'',	'',	1),
(11,	101,	0,	12,	'',	0,	'',	'',	2),
(12,	103,	0,	16,	'',	0,	'',	'',	0),
(13,	103,	0,	15,	'',	0,	'',	'',	1),
(14,	103,	0,	12,	'',	0,	'',	'',	2),
(15,	105,	0,	16,	'',	0,	'',	'',	0),
(16,	105,	0,	15,	'',	0,	'',	'',	1),
(17,	105,	0,	12,	'',	0,	'',	'',	2),
(18,	107,	0,	16,	'',	0,	'',	'',	0),
(19,	107,	0,	15,	'',	0,	'',	'',	1),
(20,	107,	0,	12,	'',	0,	'',	'',	2);

DROP TABLE IF EXISTS `btNavigation`;
CREATE TABLE `btNavigation` (
  `bID` int(10) unsigned NOT NULL,
  `orderBy` varchar(255) COLLATE utf8mb4_unicode_ci DEFAULT 'alpha_asc',
  `displayPages` varchar(255) COLLATE utf8mb4_unicode_ci DEFAULT 'top' COMMENT 'was enum(''top'',''current'',''above'',''below'',''custom'')',
  `displayPagesCID` int(10) unsigned NOT NULL DEFAULT '1',
  `displayPagesIncludeSelf` tinyint(1) NOT NULL DEFAULT '0',
  `displaySubPages` varchar(255) COLLATE utf8mb4_unicode_ci DEFAULT 'none' COMMENT 'was enum(''none'',''all'',''relevant'',''relevant_breadcrumb'')',
  `displaySubPageLevels` varchar(255) COLLATE utf8mb4_unicode_ci DEFAULT 'none' COMMENT 'was enum(''all'',''none'',''enough'',''enough_plus1'',''custom'')',
  `displaySubPageLevelsNum` smallint(5) unsigned NOT NULL DEFAULT '0',
  `displayUnavailablePages` tinyint(1) NOT NULL DEFAULT '0',
  PRIMARY KEY (`bID`)
) ENGINE=InnoDB DEFAULT CHARSET=utf8mb4 COLLATE=utf8mb4_unicode_ci;

INSERT INTO `btNavigation` (`bID`, `orderBy`, `displayPages`, `displayPagesCID`, `displayPagesIncludeSelf`, `displaySubPages`, `displaySubPageLevels`, `displaySubPageLevelsNum`, `displayUnavailablePages`) VALUES
(61,	'display_asc',	'top',	0,	0,	'all',	'custom',	1,	0);

DROP TABLE IF EXISTS `btNextPrevious`;
CREATE TABLE `btNextPrevious` (
  `bID` int(10) unsigned NOT NULL,
  `nextLabel` varchar(128) COLLATE utf8mb4_unicode_ci DEFAULT NULL,
  `previousLabel` varchar(128) COLLATE utf8mb4_unicode_ci DEFAULT NULL,
  `parentLabel` varchar(128) COLLATE utf8mb4_unicode_ci DEFAULT NULL,
  `loopSequence` int(11) DEFAULT '1',
  `orderBy` varchar(20) COLLATE utf8mb4_unicode_ci DEFAULT 'display_asc',
  PRIMARY KEY (`bID`)
) ENGINE=InnoDB DEFAULT CHARSET=utf8mb4 COLLATE=utf8mb4_unicode_ci;

INSERT INTO `btNextPrevious` (`bID`, `nextLabel`, `previousLabel`, `parentLabel`, `loopSequence`, `orderBy`) VALUES
(24,	'Next Post',	'Last Post',	'',	0,	'chrono_desc');

DROP TABLE IF EXISTS `btOrangeBtn`;
CREATE TABLE `btOrangeBtn` (
  `bID` int(10) unsigned NOT NULL,
  `link` varchar(12) COLLATE utf8mb4_unicode_ci DEFAULT NULL,
  `link_Title` varchar(255) COLLATE utf8mb4_unicode_ci DEFAULT NULL,
  `link_Page` int(10) unsigned DEFAULT '0',
  `link_File` int(10) unsigned DEFAULT '0',
  `link_Image` int(10) unsigned DEFAULT '0',
  `link_URL` varchar(255) COLLATE utf8mb4_unicode_ci DEFAULT NULL,
  `link_Relative_URL` varchar(255) COLLATE utf8mb4_unicode_ci DEFAULT NULL,
  PRIMARY KEY (`bID`)
) ENGINE=InnoDB DEFAULT CHARSET=utf8mb4 COLLATE=utf8mb4_unicode_ci;

INSERT INTO `btOrangeBtn` (`bID`, `link`, `link_Title`, `link_Page`, `link_File`, `link_Image`, `link_URL`, `link_Relative_URL`) VALUES
(268,	'url',	'View All',	0,	0,	0,	'https://www.google.com',	'');

DROP TABLE IF EXISTS `btOrangetitle`;
CREATE TABLE `btOrangetitle` (
  `bID` int(10) unsigned NOT NULL,
  `orangetitle` varchar(255) COLLATE utf8mb4_unicode_ci DEFAULT NULL,
  PRIMARY KEY (`bID`)
) ENGINE=InnoDB DEFAULT CHARSET=utf8mb4 COLLATE=utf8mb4_unicode_ci;

INSERT INTO `btOrangetitle` (`bID`, `orangetitle`) VALUES
(221,	'COUNTDOWN TO CONFERENCE'),
(222,	'Message from the Conference Chair'),
(274,	'Workshops'),
(278,	'Scientific Topics'),
(293,	'Workshops');

DROP TABLE IF EXISTS `btOrangeTitleDesc`;
CREATE TABLE `btOrangeTitleDesc` (
  `bID` int(10) unsigned NOT NULL,
  `title` varchar(255) COLLATE utf8mb4_unicode_ci DEFAULT NULL,
  `desc_1` text COLLATE utf8mb4_unicode_ci,
  PRIMARY KEY (`bID`)
) ENGINE=InnoDB DEFAULT CHARSET=utf8mb4 COLLATE=utf8mb4_unicode_ci;

INSERT INTO `btOrangeTitleDesc` (`bID`, `title`, `desc_1`) VALUES
(326,	'About Dubai',	'Home to more than 150 nationalities, Dubai boasts the most modern amenities found anywhere in the world  both in its entrepreneurial business environment, and things to do, see and experience. As the Middle Easts fastest-growing, most dynamic and exciting cosmopolitan city, Dubai is a true melting pot of different cultures and lifestyles.'),
(409,	'CONTACT US',	'DXB LIVE has been selected by AL JALILA as the official Congress Organizer to process registrations, hotel reservations and excursions. Information on the commercial exhibition as well as organization and sponsorship of special events may also be obtained from DXB LIVE.');

DROP TABLE IF EXISTS `btOrangeTitleLarge`;
CREATE TABLE `btOrangeTitleLarge` (
  `bID` int(10) unsigned NOT NULL,
  `title` varchar(255) COLLATE utf8mb4_unicode_ci DEFAULT NULL,
  PRIMARY KEY (`bID`)
) ENGINE=InnoDB DEFAULT CHARSET=utf8mb4 COLLATE=utf8mb4_unicode_ci;

INSERT INTO `btOrangeTitleLarge` (`bID`, `title`) VALUES
(265,	'Heres What To Expect');

DROP TABLE IF EXISTS `btPageAttributeDisplay`;
CREATE TABLE `btPageAttributeDisplay` (
  `bID` int(10) unsigned NOT NULL,
  `attributeHandle` varchar(255) COLLATE utf8mb4_unicode_ci DEFAULT NULL,
  `attributeTitleText` varchar(255) COLLATE utf8mb4_unicode_ci DEFAULT NULL,
  `displayTag` varchar(255) COLLATE utf8mb4_unicode_ci DEFAULT NULL,
  `dateFormat` varchar(100) COLLATE utf8mb4_unicode_ci DEFAULT 'div',
  `thumbnailHeight` int(10) unsigned DEFAULT NULL,
  `thumbnailWidth` int(10) unsigned DEFAULT NULL,
  `delimiter` varchar(255) COLLATE utf8mb4_unicode_ci DEFAULT NULL,
  PRIMARY KEY (`bID`)
) ENGINE=InnoDB DEFAULT CHARSET=utf8mb4 COLLATE=utf8mb4_unicode_ci;

INSERT INTO `btPageAttributeDisplay` (`bID`, `attributeHandle`, `attributeTitleText`, `displayTag`, `dateFormat`, `thumbnailHeight`, `thumbnailWidth`, `delimiter`) VALUES
(34,	'job_posting_department',	'',	'p',	'm/d/y h:i:a',	250,	250,	NULL),
(36,	'job_location',	'',	'p',	'm/d/y h:i:a',	250,	250,	NULL),
(42,	'project_client',	'Client:',	'div',	'm/d/y h:i:a',	250,	250,	NULL),
(43,	'project_tasks',	'Task:',	'div',	'm/d/y h:i:a',	250,	250,	NULL),
(44,	'project_skills',	'Skills:',	'div',	'm/d/y h:i:a',	250,	250,	NULL);

DROP TABLE IF EXISTS `btPageList`;
CREATE TABLE `btPageList` (
  `bID` int(10) unsigned NOT NULL,
  `num` smallint(5) unsigned NOT NULL,
  `orderBy` varchar(32) COLLATE utf8mb4_unicode_ci DEFAULT NULL COMMENT 'Was enum, display_asc'',''display_desc'',''chrono_asc'',''chrono_desc'',''alpha_asc'',''alpha_desc'',''score_asc'',''score_desc''',
  `cParentID` int(10) unsigned NOT NULL DEFAULT '1',
  `cThis` tinyint(1) NOT NULL DEFAULT '0',
  `cThisParent` tinyint(1) NOT NULL DEFAULT '0',
  `useButtonForLink` tinyint(1) NOT NULL DEFAULT '0',
  `buttonLinkText` varchar(255) COLLATE utf8mb4_unicode_ci DEFAULT NULL,
  `pageListTitle` varchar(255) COLLATE utf8mb4_unicode_ci DEFAULT NULL,
  `filterByRelated` tinyint(1) NOT NULL DEFAULT '0',
  `filterByCustomTopic` tinyint(1) NOT NULL DEFAULT '0',
  `filterDateOption` varchar(25) COLLATE utf8mb4_unicode_ci DEFAULT 'all' COMMENT '(''all'',''today'',''past'',''future'',''between'')',
  `filterDateDays` int(10) unsigned NOT NULL DEFAULT '0',
  `filterDateStart` varchar(20) COLLATE utf8mb4_unicode_ci DEFAULT NULL,
  `filterDateEnd` varchar(20) COLLATE utf8mb4_unicode_ci DEFAULT NULL,
  `relatedTopicAttributeKeyHandle` varchar(255) COLLATE utf8mb4_unicode_ci DEFAULT NULL,
  `customTopicAttributeKeyHandle` varchar(255) COLLATE utf8mb4_unicode_ci DEFAULT NULL,
  `customTopicTreeNodeID` int(10) unsigned NOT NULL DEFAULT '0',
  `includeName` tinyint(1) NOT NULL DEFAULT '1',
  `includeDescription` tinyint(1) NOT NULL DEFAULT '1',
  `includeDate` tinyint(1) NOT NULL DEFAULT '0',
  `includeAllDescendents` tinyint(1) NOT NULL DEFAULT '0',
  `paginate` tinyint(1) NOT NULL DEFAULT '0',
  `displayAliases` tinyint(1) NOT NULL DEFAULT '1',
  `ignorePermissions` tinyint(1) NOT NULL DEFAULT '0',
  `enableExternalFiltering` tinyint(1) NOT NULL DEFAULT '0',
  `ptID` smallint(5) unsigned DEFAULT NULL,
  `pfID` int(11) DEFAULT '0',
  `truncateSummaries` int(11) DEFAULT '0',
  `displayFeaturedOnly` tinyint(1) DEFAULT '0',
  `noResultsMessage` varchar(255) COLLATE utf8mb4_unicode_ci DEFAULT NULL,
  `displayThumbnail` tinyint(1) DEFAULT '0',
  `truncateChars` int(11) DEFAULT '128',
  PRIMARY KEY (`bID`),
  KEY `ptID` (`ptID`)
) ENGINE=InnoDB DEFAULT CHARSET=utf8mb4 COLLATE=utf8mb4_unicode_ci;

INSERT INTO `btPageList` (`bID`, `num`, `orderBy`, `cParentID`, `cThis`, `cThisParent`, `useButtonForLink`, `buttonLinkText`, `pageListTitle`, `filterByRelated`, `filterByCustomTopic`, `filterDateOption`, `filterDateDays`, `filterDateStart`, `filterDateEnd`, `relatedTopicAttributeKeyHandle`, `customTopicAttributeKeyHandle`, `customTopicTreeNodeID`, `includeName`, `includeDescription`, `includeDate`, `includeAllDescendents`, `paginate`, `displayAliases`, `ignorePermissions`, `enableExternalFiltering`, `ptID`, `pfID`, `truncateSummaries`, `displayFeaturedOnly`, `noResultsMessage`, `displayThumbnail`, `truncateChars`) VALUES
(27,	3,	'random',	199,	0,	0,	0,	NULL,	'Related Posts',	0,	0,	'',	0,	NULL,	NULL,	'',	'',	0,	1,	0,	0,	0,	0,	0,	0,	0,	6,	0,	0,	0,	NULL,	0,	0),
(31,	0,	'chrono_desc',	215,	0,	0,	0,	NULL,	'Open Positions',	0,	0,	'',	0,	NULL,	NULL,	'',	'',	0,	1,	0,	0,	0,	0,	0,	0,	0,	0,	0,	0,	0,	NULL,	0,	0),
(47,	3,	'random',	0,	0,	0,	0,	NULL,	'Related Projects',	0,	0,	'',	0,	NULL,	NULL,	'',	'',	0,	1,	0,	0,	0,	0,	0,	0,	0,	8,	0,	0,	0,	'\n                                                    No related projects found.',	0,	0),
(50,	10,	'chrono_desc',	0,	0,	1,	0,	'',	NULL,	0,	0,	'',	0,	NULL,	NULL,	'',	'',	0,	1,	1,	1,	1,	1,	0,	0,	1,	6,	1,	0,	0,	'\n                                                                    No posts to this blog.',	0,	0),
(55,	0,	'chrono_desc',	0,	0,	0,	0,	'',	NULL,	0,	0,	'',	0,	NULL,	NULL,	'',	'',	0,	1,	0,	0,	0,	1,	0,	0,	1,	8,	0,	0,	0,	'No projects found.',	1,	0),
(71,	3,	'chrono_desc',	0,	0,	0,	1,	'View Project',	NULL,	0,	0,	'',	0,	NULL,	NULL,	'',	'',	0,	1,	1,	0,	0,	0,	0,	0,	0,	8,	0,	0,	1,	'',	1,	0),
(77,	1,	'chrono_desc',	0,	0,	0,	0,	'',	NULL,	0,	0,	'',	0,	NULL,	NULL,	'',	'',	0,	0,	0,	0,	0,	0,	0,	0,	0,	6,	0,	0,	0,	'',	1,	0),
(78,	1,	'chrono_desc',	0,	0,	0,	0,	'',	NULL,	0,	0,	'',	0,	NULL,	NULL,	'',	'',	0,	1,	1,	0,	0,	0,	0,	0,	0,	6,	0,	0,	0,	'',	0,	0),
(171,	0,	'chrono_desc',	215,	1,	0,	1,	'Apply Now',	NULL,	0,	0,	'',	0,	NULL,	NULL,	'',	'',	0,	1,	1,	0,	0,	0,	0,	0,	0,	7,	0,	0,	0,	NULL,	0,	0);

DROP TABLE IF EXISTS `btPageTitle`;
CREATE TABLE `btPageTitle` (
  `bID` int(10) unsigned NOT NULL,
  `useCustomTitle` int(10) unsigned DEFAULT '0',
  `useFilterTitle` int(10) unsigned DEFAULT '0',
  `useFilterTopic` int(10) unsigned DEFAULT '0',
  `useFilterTag` int(10) unsigned DEFAULT '0',
  `useFilterDate` int(10) unsigned DEFAULT '0',
  `topicTextFormat` varchar(255) COLLATE utf8mb4_unicode_ci DEFAULT NULL,
  `tagTextFormat` varchar(255) COLLATE utf8mb4_unicode_ci DEFAULT NULL,
  `dateTextFormat` varchar(255) COLLATE utf8mb4_unicode_ci DEFAULT NULL,
  `filterDateFormat` varchar(255) COLLATE utf8mb4_unicode_ci DEFAULT NULL,
  `titleText` varchar(255) COLLATE utf8mb4_unicode_ci DEFAULT NULL,
  `formatting` varchar(3) COLLATE utf8mb4_unicode_ci DEFAULT NULL,
  PRIMARY KEY (`bID`)
) ENGINE=InnoDB DEFAULT CHARSET=utf8mb4 COLLATE=utf8mb4_unicode_ci;

INSERT INTO `btPageTitle` (`bID`, `useCustomTitle`, `useFilterTitle`, `useFilterTopic`, `useFilterTag`, `useFilterDate`, `topicTextFormat`, `tagTextFormat`, `dateTextFormat`, `filterDateFormat`, `titleText`, `formatting`) VALUES
(22,	0,	0,	0,	0,	0,	NULL,	NULL,	NULL,	NULL,	'[Page Title]',	NULL),
(30,	0,	0,	0,	0,	0,	NULL,	NULL,	NULL,	NULL,	'[Page Title]',	NULL),
(40,	0,	0,	0,	0,	0,	NULL,	NULL,	NULL,	NULL,	'[Page Title]',	NULL),
(48,	0,	0,	0,	0,	0,	NULL,	NULL,	NULL,	NULL,	'[Page Title]',	NULL),
(53,	0,	0,	0,	0,	0,	NULL,	NULL,	NULL,	NULL,	'[Page Title]',	NULL),
(81,	1,	0,	0,	0,	0,	NULL,	NULL,	NULL,	NULL,	'Our Expertise',	NULL),
(109,	0,	0,	0,	0,	0,	NULL,	NULL,	NULL,	NULL,	'',	NULL),
(132,	0,	0,	0,	0,	0,	NULL,	NULL,	NULL,	NULL,	'',	NULL),
(143,	0,	0,	0,	0,	0,	NULL,	NULL,	NULL,	NULL,	'',	NULL),
(158,	1,	0,	0,	0,	0,	NULL,	NULL,	NULL,	NULL,	'Work with Us',	NULL),
(174,	0,	0,	0,	0,	0,	NULL,	NULL,	NULL,	NULL,	'Frequently Asked Questions',	NULL);

DROP TABLE IF EXISTS `btProgramblock`;
CREATE TABLE `btProgramblock` (
  `bID` int(10) unsigned NOT NULL,
  `blacktitle` varchar(255) COLLATE utf8mb4_unicode_ci DEFAULT NULL,
  `orangetitle` varchar(255) COLLATE utf8mb4_unicode_ci DEFAULT NULL,
  `description_1` text COLLATE utf8mb4_unicode_ci,
  `buttontitle` varchar(12) COLLATE utf8mb4_unicode_ci DEFAULT NULL,
  `buttontitle_Title` varchar(255) COLLATE utf8mb4_unicode_ci DEFAULT NULL,
  `buttontitle_Page` int(10) unsigned DEFAULT '0',
  `buttontitle_File` int(10) unsigned DEFAULT '0',
  `buttontitle_Image` int(10) unsigned DEFAULT '0',
  `buttontitle_URL` varchar(255) COLLATE utf8mb4_unicode_ci DEFAULT NULL,
  `buttontitle_Relative_URL` varchar(255) COLLATE utf8mb4_unicode_ci DEFAULT NULL,
  PRIMARY KEY (`bID`)
) ENGINE=InnoDB DEFAULT CHARSET=utf8mb4 COLLATE=utf8mb4_unicode_ci;

INSERT INTO `btProgramblock` (`bID`, `blacktitle`, `orangetitle`, `description_1`, `buttontitle`, `buttontitle_Title`, `buttontitle_Page`, `buttontitle_File`, `buttontitle_Image`, `buttontitle_URL`, `buttontitle_Relative_URL`) VALUES
(199,	'PROGRAM OVERVIEW',	'Child & Adolescent Mental Health: Shaping The Future',	'With the advent of modern technology, child mental health is on the verge of witnessing a revolution. Harnessing modern technology will indeed change every aspect of mental health practice and offer exceptional opportunities for patients, families, and the community at large. With advancements in brain imaging, genomics and personalized medicine, psychiatric diagnosis will become more specific and treatments more personalized, shaping the way for better outcomes. The spread of Telepsychiatry will allow access to patients who otherwise had no access to treatment.',	'url',	'Read more',	0,	0,	0,	'https://www.google.com',	''),
(300,	'UPCOMING IACAPAP WORLD CONGRESS 2022',	'Global conference of mental health professionals to be held fro',	'Dubai is first Arab city to host the prestigious biannual world congress The International Association of Child and Adolescent Psychiatrists and Allied Professionals (IACAPAP), in collaboration with Al Jalila Childrens Specialty Hospital (AJCH), has launched the logo for its 25th World Congress set to be held from 19 to 25 March 2022 in Dubai. To be held under the theme of Child and Adolescent Mental Health: Shaping the Future, IACAPAP 2022 Dubai will provide a platform for discussing the worlds latest research, exploring the current mental health challenges of children adolescents and highlighting new cutting-edge tools for improving mental health.',	'url',	'Read more',	0,	0,	0,	'https://www.google.com',	''),
(306,	'ABOUT IACAPAP',	'THE ORGANISATION',	'The International Association for Child and Adolescent Psychiatry and Allied Professions (IACAPAP) is registered as a not-for-profit association in Switzerland, and is recognised by the World Health Organization (WHO) as an official non-state actor in child & adolescent psychiatry and mental health.',	'url',	'Read more',	0,	0,	0,	'https://www.google.com',	'');

DROP TABLE IF EXISTS `btResponsiveImageContainer`;
CREATE TABLE `btResponsiveImageContainer` (
  `bID` int(10) unsigned NOT NULL,
  `img` int(10) unsigned DEFAULT '0',
  PRIMARY KEY (`bID`)
) ENGINE=InnoDB DEFAULT CHARSET=utf8mb4 COLLATE=utf8mb4_unicode_ci;

INSERT INTO `btResponsiveImageContainer` (`bID`, `img`) VALUES
(296,	41),
(317,	41),
(319,	65),
(327,	98),
(370,	97),
(410,	76);

DROP TABLE IF EXISTS `btResponsiveImgContainer`;
CREATE TABLE `btResponsiveImgContainer` (
  `bID` int(10) unsigned NOT NULL,
  `image` int(10) unsigned DEFAULT '0',
  PRIMARY KEY (`bID`)
) ENGINE=InnoDB DEFAULT CHARSET=utf8mb4 COLLATE=utf8mb4_unicode_ci;

INSERT INTO `btResponsiveImgContainer` (`bID`, `image`) VALUES
(289,	41),
(314,	41),
(365,	97);

DROP TABLE IF EXISTS `btRoundedVideo`;
CREATE TABLE `btRoundedVideo` (
  `bID` int(10) unsigned NOT NULL,
  `roundedvideo` varchar(255) COLLATE utf8mb4_unicode_ci DEFAULT NULL,
  PRIMARY KEY (`bID`)
) ENGINE=InnoDB DEFAULT CHARSET=utf8mb4 COLLATE=utf8mb4_unicode_ci;

INSERT INTO `btRoundedVideo` (`bID`, `roundedvideo`) VALUES
(202,	'https://player.vimeo.com/video/660651842?h=cfcb1c8f55');

DROP TABLE IF EXISTS `btRssDisplay`;
CREATE TABLE `btRssDisplay` (
  `bID` int(10) unsigned NOT NULL,
  `title` varchar(255) COLLATE utf8mb4_unicode_ci DEFAULT NULL,
  `url` varchar(255) COLLATE utf8mb4_unicode_ci DEFAULT NULL,
  `dateFormat` varchar(100) COLLATE utf8mb4_unicode_ci DEFAULT NULL,
  `itemsToDisplay` int(10) unsigned DEFAULT '5',
  `showSummary` tinyint(1) NOT NULL DEFAULT '1',
  `launchInNewWindow` tinyint(1) NOT NULL DEFAULT '1',
  PRIMARY KEY (`bID`)
) ENGINE=InnoDB DEFAULT CHARSET=utf8mb4 COLLATE=utf8mb4_unicode_ci;

INSERT INTO `btRssDisplay` (`bID`, `title`, `url`, `dateFormat`, `itemsToDisplay`, `showSummary`, `launchInNewWindow`) VALUES
(7,	'Tutorials',	'https://documentation.concretecms.org/rss/tutorials',	'',	1,	1,	1),
(13,	'News from concretecms.com',	'https://www.concretecms.com/rss/blog',	'',	3,	1,	1);

DROP TABLE IF EXISTS `btScientificimgblock`;
CREATE TABLE `btScientificimgblock` (
  `bID` int(10) unsigned NOT NULL,
  `image` int(10) unsigned DEFAULT '0',
  `icon` int(10) unsigned DEFAULT '0',
  `title` varchar(255) COLLATE utf8mb4_unicode_ci DEFAULT NULL,
  `desc_1` text COLLATE utf8mb4_unicode_ci,
  `btn` varchar(12) COLLATE utf8mb4_unicode_ci DEFAULT NULL,
  `btn_Title` varchar(255) COLLATE utf8mb4_unicode_ci DEFAULT NULL,
  `btn_Page` int(10) unsigned DEFAULT '0',
  `btn_File` int(10) unsigned DEFAULT '0',
  `btn_Image` int(10) unsigned DEFAULT '0',
  `btn_URL` varchar(255) COLLATE utf8mb4_unicode_ci DEFAULT NULL,
  `btn_Relative_URL` varchar(255) COLLATE utf8mb4_unicode_ci DEFAULT NULL,
  PRIMARY KEY (`bID`)
) ENGINE=InnoDB DEFAULT CHARSET=utf8mb4 COLLATE=utf8mb4_unicode_ci;

INSERT INTO `btScientificimgblock` (`bID`, `image`, `icon`, `title`, `desc_1`, `btn`, `btn_Title`, `btn_Page`, `btn_File`, `btn_Image`, `btn_URL`, `btn_Relative_URL`) VALUES
(212,	1,	2,	'faf er er rewr er',	' eqw woiru sa dioasdasd asod  eqw woiru sa dioasdasd asod eqw woiru sa dioasdasd asod eqw woiru sa dioasdasd asod eqw woiru sa dioasdasd asod eqw woiru sa dioasdasd asod',	'url',	'Read more',	0,	0,	0,	'https://www.google.com',	''),
(213,	2,	2,	'faf er er rewr er',	' eqw woiru sa dioasdasd asod  eqw woiru sa dioasdasd asod eqw woiru sa dioasdasd asod eqw woiru sa dioasdasd asod eqw woiru sa dioasdasd asod eqw woiru sa dioasdasd asod',	'url',	'Read more',	0,	0,	0,	'https://www.google.com',	''),
(216,	44,	2,	'fasdf ewrre werwerwer',	'fasdf ewrre werwerwerfasdf ewrre werwerwerfasdf ewrre werwerwerfasdf ewrre werwerwerfasdf ewrre werwerwerfasdf ewrre werwerwerfasdf ewrre werwerwerfasdf ewrre werwerwerfasdf ewrre werwerwer',	'url',	'Read more',	0,	0,	0,	'https://www.google.com',	''),
(280,	44,	25,	'Information of Registration',	'Lorem Ipsum has been the industry\'s standard dummy ever since the 1500s, when an unknown printer',	'url',	'Discover Now',	0,	0,	0,	'https://www.google.com',	''),
(283,	44,	25,	'Informationof Registration',	'Lorem Ipsum has been the industry\'s standard dummy ever since the 1500s, when an unknown printer',	'url',	'Discover Now',	0,	0,	0,	'https://www.google.com',	''),
(290,	50,	26,	'Online Registration',	'Lorem Ipsum has been the industry\'s standard dummy ever since the 1500s, when an unknown printer',	'url',	'Discover Now',	0,	0,	0,	'https://www.google.com',	''),
(291,	53,	27,	'Registration T&C',	'Lorem Ipsum has been the industry\'s standard dummy ever since the 1500s, when an unknown printer',	'url',	'Discover Now',	0,	0,	0,	'https://www.google.com',	'');

DROP TABLE IF EXISTS `btSearch`;
CREATE TABLE `btSearch` (
  `bID` int(10) unsigned NOT NULL,
  `title` varchar(255) COLLATE utf8mb4_unicode_ci DEFAULT NULL,
  `buttonText` varchar(128) COLLATE utf8mb4_unicode_ci DEFAULT NULL,
  `baseSearchPath` varchar(255) COLLATE utf8mb4_unicode_ci DEFAULT NULL,
  `search_all` tinyint(1) DEFAULT NULL,
  `allow_user_options` tinyint(1) DEFAULT NULL,
  `postTo_cID` int(10) unsigned DEFAULT NULL,
  `resultsURL` varchar(255) COLLATE utf8mb4_unicode_ci DEFAULT NULL,
  PRIMARY KEY (`bID`)
) ENGINE=InnoDB DEFAULT CHARSET=utf8mb4 COLLATE=utf8mb4_unicode_ci;

INSERT INTO `btSearch` (`bID`, `title`, `buttonText`, `baseSearchPath`, `search_all`, `allow_user_options`, `postTo_cID`, `resultsURL`) VALUES
(62,	'',	'',	'',	0,	0,	200,	''),
(131,	'Search',	'Search',	'',	0,	0,	NULL,	'');

DROP TABLE IF EXISTS `btServicebox`;
CREATE TABLE `btServicebox` (
  `bID` int(10) unsigned NOT NULL,
  `icon` int(10) unsigned DEFAULT '0',
  `title` varchar(255) COLLATE utf8mb4_unicode_ci DEFAULT NULL,
  `description_1` varchar(255) COLLATE utf8mb4_unicode_ci DEFAULT NULL,
  `cta` varchar(12) COLLATE utf8mb4_unicode_ci DEFAULT NULL,
  `cta_Title` varchar(255) COLLATE utf8mb4_unicode_ci DEFAULT NULL,
  `cta_Page` int(10) unsigned DEFAULT '0',
  `cta_File` int(10) unsigned DEFAULT '0',
  `cta_Image` int(10) unsigned DEFAULT '0',
  `cta_URL` varchar(255) COLLATE utf8mb4_unicode_ci DEFAULT NULL,
  `cta_Relative_URL` varchar(255) COLLATE utf8mb4_unicode_ci DEFAULT NULL,
  PRIMARY KEY (`bID`)
) ENGINE=InnoDB DEFAULT CHARSET=utf8mb4 COLLATE=utf8mb4_unicode_ci;

INSERT INTO `btServicebox` (`bID`, `icon`, `title`, `description_1`, `cta`, `cta_Title`, `cta_Page`, `cta_File`, `cta_Image`, `cta_URL`, `cta_Relative_URL`) VALUES
(178,	0,	'asdgbajdbnkaj',	'jkasdhkjhdkahskdkjas',	'url',	'fsdfsd',	0,	0,	0,	'https://www.google.com',	''),
(179,	0,	'djsklfjsdlqOK',	'OJFSDFJOJFLD',	'url',	'Read more',	0,	0,	0,	'https://www.google.com',	''),
(180,	0,	'safasf',	'asfasfafsfasfasf',	'url',	'Read more',	0,	0,	0,	'https://www.google.com',	'');

DROP TABLE IF EXISTS `btServiceboxtwo`;
CREATE TABLE `btServiceboxtwo` (
  `bID` int(10) unsigned NOT NULL,
  `icon` int(10) unsigned DEFAULT '0',
  `title` varchar(255) COLLATE utf8mb4_unicode_ci DEFAULT NULL,
  `description_1` varchar(255) COLLATE utf8mb4_unicode_ci DEFAULT NULL,
  `cta` varchar(12) COLLATE utf8mb4_unicode_ci DEFAULT NULL,
  `cta_Title` varchar(255) COLLATE utf8mb4_unicode_ci DEFAULT NULL,
  `cta_Page` int(10) unsigned DEFAULT '0',
  `cta_File` int(10) unsigned DEFAULT '0',
  `cta_Image` int(10) unsigned DEFAULT '0',
  `cta_URL` varchar(255) COLLATE utf8mb4_unicode_ci DEFAULT NULL,
  `cta_Relative_URL` varchar(255) COLLATE utf8mb4_unicode_ci DEFAULT NULL,
  PRIMARY KEY (`bID`)
) ENGINE=InnoDB DEFAULT CHARSET=utf8mb4 COLLATE=utf8mb4_unicode_ci;


DROP TABLE IF EXISTS `btServicesbox`;
CREATE TABLE `btServicesbox` (
  `bID` int(10) unsigned NOT NULL,
  `Icon` int(10) unsigned DEFAULT '0',
  `Tiltle` varchar(255) COLLATE utf8mb4_unicode_ci DEFAULT NULL,
  `Description_1` varchar(255) COLLATE utf8mb4_unicode_ci DEFAULT NULL,
  `cta` varchar(12) COLLATE utf8mb4_unicode_ci DEFAULT NULL,
  `cta_Title` varchar(255) COLLATE utf8mb4_unicode_ci DEFAULT NULL,
  `cta_Page` int(10) unsigned DEFAULT '0',
  `cta_File` int(10) unsigned DEFAULT '0',
  `cta_Image` int(10) unsigned DEFAULT '0',
  `cta_URL` varchar(255) COLLATE utf8mb4_unicode_ci DEFAULT NULL,
  `cta_Relative_URL` varchar(255) COLLATE utf8mb4_unicode_ci DEFAULT NULL,
  PRIMARY KEY (`bID`)
) ENGINE=InnoDB DEFAULT CHARSET=utf8mb4 COLLATE=utf8mb4_unicode_ci;

INSERT INTO `btServicesbox` (`bID`, `Icon`, `Tiltle`, `Description_1`, `cta`, `cta_Title`, `cta_Page`, `cta_File`, `cta_Image`, `cta_URL`, `cta_Relative_URL`) VALUES
(185,	0,	'Hello world',	'ads hsadh doasjdoasjd as sjdljas',	'url',	'#',	0,	0,	0,	'https://www.google.com',	''),
(186,	0,	'Hello world',	'djkasopjdkasopjdasopdjpadjpasd',	'url',	'Read more',	0,	0,	0,	'https://www.google.com',	''),
(194,	19,	'About IACAPAP 2022',	'Lorem Ipsum has been the industry\'s standard dummy',	'url',	'Read more',	0,	0,	0,	'https://www.google.com',	''),
(195,	18,	'Program',	'Lorem Ipsum has been the industry\'s standard dummy',	'url',	'Read more',	0,	0,	0,	'https://www.google.com',	''),
(196,	20,	'Travel To Dubai',	'Lorem Ipsum has been the industry\'s standard dummy',	'url',	'Read more',	0,	0,	0,	'https://www.google.com',	'');

DROP TABLE IF EXISTS `btShareThisPage`;
CREATE TABLE `btShareThisPage` (
  `btShareThisPageID` int(10) unsigned NOT NULL AUTO_INCREMENT,
  `bID` int(10) unsigned DEFAULT '0',
  `service` varchar(255) COLLATE utf8mb4_unicode_ci DEFAULT NULL,
  `displayOrder` int(10) unsigned DEFAULT '0',
  PRIMARY KEY (`btShareThisPageID`)
) ENGINE=InnoDB DEFAULT CHARSET=utf8mb4 COLLATE=utf8mb4_unicode_ci;

INSERT INTO `btShareThisPage` (`btShareThisPageID`, `bID`, `service`, `displayOrder`) VALUES
(1,	25,	'facebook',	0),
(2,	25,	'twitter',	1),
(3,	25,	'linkedin',	2),
(4,	25,	'email',	3);

DROP TABLE IF EXISTS `btSocialLinks`;
CREATE TABLE `btSocialLinks` (
  `btSocialLinkID` int(10) unsigned NOT NULL AUTO_INCREMENT,
  `bID` int(10) unsigned DEFAULT '0',
  `slID` int(10) unsigned DEFAULT '0',
  `displayOrder` int(10) unsigned DEFAULT '0',
  PRIMARY KEY (`btSocialLinkID`),
  KEY `bID` (`bID`,`displayOrder`),
  KEY `slID` (`slID`)
) ENGINE=InnoDB DEFAULT CHARSET=utf8mb4 COLLATE=utf8mb4_unicode_ci;

INSERT INTO `btSocialLinks` (`btSocialLinkID`, `bID`, `slID`, `displayOrder`) VALUES
(1,	60,	3,	0),
(2,	60,	2,	1),
(3,	60,	1,	2);

DROP TABLE IF EXISTS `btSponsorSection`;
CREATE TABLE `btSponsorSection` (
  `bID` int(10) unsigned NOT NULL,
  `title` text COLLATE utf8mb4_unicode_ci,
  `Description_1` varchar(255) COLLATE utf8mb4_unicode_ci DEFAULT NULL,
  PRIMARY KEY (`bID`)
) ENGINE=InnoDB DEFAULT CHARSET=utf8mb4 COLLATE=utf8mb4_unicode_ci;

INSERT INTO `btSponsorSection` (`bID`, `title`, `Description_1`) VALUES
(288,	'Become A Sponsor',	'If you are interested in becoming a sponsor or exhibitor at IACAPAP 2022, contact us on: IACAPAP2022@dwtc.com');

DROP TABLE IF EXISTS `btSurvey`;
CREATE TABLE `btSurvey` (
  `bID` int(10) unsigned NOT NULL,
  `question` varchar(255) COLLATE utf8mb4_unicode_ci DEFAULT '',
  `requiresRegistration` int(11) DEFAULT '0',
  `showResults` int(11) DEFAULT '0',
  `customMessage` varchar(255) COLLATE utf8mb4_unicode_ci DEFAULT '',
  PRIMARY KEY (`bID`)
) ENGINE=InnoDB DEFAULT CHARSET=utf8mb4 COLLATE=utf8mb4_unicode_ci;


DROP TABLE IF EXISTS `btSurveyOptions`;
CREATE TABLE `btSurveyOptions` (
  `optionID` int(10) unsigned NOT NULL AUTO_INCREMENT,
  `bID` int(11) DEFAULT NULL,
  `optionName` varchar(255) COLLATE utf8mb4_unicode_ci DEFAULT NULL,
  `displayOrder` int(11) DEFAULT '0',
  PRIMARY KEY (`optionID`),
  KEY `bID` (`bID`,`displayOrder`)
) ENGINE=InnoDB DEFAULT CHARSET=utf8mb4 COLLATE=utf8mb4_unicode_ci;


DROP TABLE IF EXISTS `btSurveyResults`;
CREATE TABLE `btSurveyResults` (
  `resultID` int(10) unsigned NOT NULL AUTO_INCREMENT,
  `optionID` int(10) unsigned DEFAULT '0',
  `uID` int(10) unsigned DEFAULT '0',
  `bID` int(11) DEFAULT NULL,
  `cID` int(11) DEFAULT NULL,
  `ipAddress` varchar(128) COLLATE utf8mb4_unicode_ci DEFAULT NULL,
  `timestamp` timestamp NOT NULL DEFAULT CURRENT_TIMESTAMP,
  PRIMARY KEY (`resultID`),
  KEY `optionID` (`optionID`),
  KEY `cID` (`cID`,`optionID`,`bID`),
  KEY `bID` (`bID`,`cID`,`uID`),
  KEY `uID` (`uID`)
) ENGINE=InnoDB DEFAULT CHARSET=utf8mb4 COLLATE=utf8mb4_unicode_ci;


DROP TABLE IF EXISTS `btSwitchLanguage`;
CREATE TABLE `btSwitchLanguage` (
  `bID` int(10) unsigned NOT NULL,
  `label` varchar(255) COLLATE utf8mb4_unicode_ci DEFAULT '',
  PRIMARY KEY (`bID`)
) ENGINE=InnoDB DEFAULT CHARSET=utf8mb4 COLLATE=utf8mb4_unicode_ci;


DROP TABLE IF EXISTS `btTags`;
CREATE TABLE `btTags` (
  `bID` int(10) unsigned NOT NULL,
  `title` varchar(255) COLLATE utf8mb4_unicode_ci DEFAULT NULL,
  `targetCID` int(11) DEFAULT NULL,
  `displayMode` varchar(20) COLLATE utf8mb4_unicode_ci DEFAULT 'page',
  `cloudCount` int(11) DEFAULT '10',
  PRIMARY KEY (`bID`)
) ENGINE=InnoDB DEFAULT CHARSET=utf8mb4 COLLATE=utf8mb4_unicode_ci;


DROP TABLE IF EXISTS `btTestimonial`;
CREATE TABLE `btTestimonial` (
  `bID` int(10) unsigned NOT NULL,
  `fID` int(10) unsigned DEFAULT '0',
  `name` varchar(255) COLLATE utf8mb4_unicode_ci DEFAULT NULL,
  `position` varchar(255) COLLATE utf8mb4_unicode_ci DEFAULT NULL,
  `company` varchar(255) COLLATE utf8mb4_unicode_ci DEFAULT NULL,
  `companyURL` varchar(255) COLLATE utf8mb4_unicode_ci DEFAULT NULL,
  `paragraph` text COLLATE utf8mb4_unicode_ci,
  PRIMARY KEY (`bID`)
) ENGINE=InnoDB DEFAULT CHARSET=utf8mb4 COLLATE=utf8mb4_unicode_ci;

INSERT INTO `btTestimonial` (`bID`, `fID`, `name`, `position`, `company`, `companyURL`, `paragraph`) VALUES
(93,	2,	'Franz Maruna',	'CEO & Founder',	'concrete5',	'http://concrete5.org',	'\n                                                    Curabitur sagittis elementum felis at sodales. Nullam fermentum at urna quis accumsan. Nam bibendum leo nisi, lacinia molestie arcu consequat quis. Morbi at suscipit risus.'),
(94,	2,	'John Doe',	'Marketing Directory',	'CompanyCo',	'',	'\n                                                    Curabitur sagittis elementum felis at sodales. Nullam fermentum at urna quis accumsan. Nam bibendum leo nisi, lacinia molestie arcu consequat quis. Morbi at suscipit risus.'),
(95,	2,	'Andrew Embler',	'CTO & Founder',	'concrete5',	'http://concrete5.org',	'\n                                                    Curabitur sagittis elementum felis at sodales. Nullam fermentum at urna quis accumsan. Nam bibendum leo nisi, lacinia molestie arcu consequat quis. Morbi at suscipit risus.'),
(96,	2,	'Jane Doe',	'IT Manager',	'CompanyCo',	'',	'\n                                                    Curabitur sagittis elementum felis at sodales. Nullam fermentum at urna quis accumsan. Nam bibendum leo nisi, lacinia molestie arcu consequat quis. Morbi at suscipit risus.'),
(111,	4,	'John Smith',	'Co-Founder / CEO',	'',	'',	'\n                                                    Curabitur sagittis elementum felis at sodales. Nullam fermentum at urna quis accumsan. Nam bibendum leo nisi, lacinia molestie arcu consequat quis.'),
(112,	4,	'Bob Smith',	'Co-Founder / CTO',	'',	'',	'\n                                                    Curabitur sagittis elementum felis at sodales. Nullam fermentum at urna quis accumsan. Nam bibendum leo nisi, lacinia molestie arcu consequat quis.'),
(115,	4,	'John Smith',	'Art Director',	'',	'',	'\n                                                    Curabitur sagittis elementum felis at sodales. Nullam fermentum at urna quis accumsan. Nam bibendum leo nisi, lacinia molestie arcu consequat quis.'),
(116,	4,	'John Smith',	'Art Director',	'',	'',	'\n                                                    Curabitur sagittis elementum felis at sodales. Nullam fermentum at urna quis accumsan. Nam bibendum leo nisi, lacinia molestie arcu consequat quis.'),
(117,	4,	'Bob Smith',	'Art Director',	'',	'',	'\n                                                    Curabitur sagittis elementum felis at sodales. Nullam fermentum at urna quis accumsan. Nam bibendum leo nisi, lacinia molestie arcu consequat quis.'),
(118,	4,	'Bob Smith',	'Art Director',	'',	'',	'\n                                                    Curabitur sagittis elementum felis at sodales. Nullam fermentum at urna quis accumsan. Nam bibendum leo nisi, lacinia molestie arcu consequat quis.'),
(119,	4,	'Bob Smith',	'Art Director',	'',	'',	'\n                                                    Curabitur sagittis elementum felis at sodales. Nullam fermentum at urna quis accumsan. Nam bibendum leo nisi, lacinia molestie arcu consequat quis.'),
(120,	4,	'Bob Smith',	'Art Director',	'',	'',	'\n                                                    Curabitur sagittis elementum felis at sodales. Nullam fermentum at urna quis accumsan. Nam bibendum leo nisi, lacinia molestie arcu consequat quis.');

DROP TABLE IF EXISTS `btTextImgWithGreyBg`;
CREATE TABLE `btTextImgWithGreyBg` (
  `bID` int(10) unsigned NOT NULL,
  `title` varchar(255) COLLATE utf8mb4_unicode_ci DEFAULT NULL,
  `desc_1` text COLLATE utf8mb4_unicode_ci,
  `img` int(10) unsigned DEFAULT '0',
  PRIMARY KEY (`bID`)
) ENGINE=InnoDB DEFAULT CHARSET=utf8mb4 COLLATE=utf8mb4_unicode_ci;

INSERT INTO `btTextImgWithGreyBg` (`bID`, `title`, `desc_1`, `img`) VALUES
(219,	'asf f f efefef',	'asf f f efefefasf f f efefefasf f f efefefasf f f efefefasf f f efefefasf f f efefefasf f f efefefasf f f efefefasf f f efefefasf f f efefefasf f f efefefasf f f efefefasf f f efefefasf f f efefefasf f f efefefasf f f efefefasf f f efefefasf f f efefef',	1),
(286,	'Who Should Attend?',	'Open for members of IACAPAP only. If you are a member of Full Member organisation, please contact your national organisation to obtain the webinar registration link.',	69);

DROP TABLE IF EXISTS `btTopicList`;
CREATE TABLE `btTopicList` (
  `bID` int(10) unsigned NOT NULL,
  `mode` varchar(1) COLLATE utf8mb4_unicode_ci NOT NULL DEFAULT 'S' COMMENT 'S = Search, P = Page',
  `topicAttributeKeyHandle` varchar(255) COLLATE utf8mb4_unicode_ci NOT NULL DEFAULT '',
  `topicTreeID` int(10) unsigned NOT NULL DEFAULT '0',
  `cParentID` int(10) unsigned NOT NULL DEFAULT '0',
  `title` varchar(255) COLLATE utf8mb4_unicode_ci NOT NULL DEFAULT '',
  PRIMARY KEY (`bID`)
) ENGINE=InnoDB DEFAULT CHARSET=utf8mb4 COLLATE=utf8mb4_unicode_ci;

INSERT INTO `btTopicList` (`bID`, `mode`, `topicAttributeKeyHandle`, `topicTreeID`, `cParentID`, `title`) VALUES
(26,	'P',	'blog_entry_topics',	4,	199,	'Topics'),
(51,	'S',	'',	4,	0,	'Topics'),
(54,	'S',	'',	5,	0,	'');

DROP TABLE IF EXISTS `btVideo`;
CREATE TABLE `btVideo` (
  `bID` int(10) unsigned NOT NULL,
  `webmfID` int(10) unsigned DEFAULT '0',
  `oggfID` int(10) unsigned DEFAULT '0',
  `posterfID` int(10) unsigned DEFAULT '0',
  `mp4fID` int(10) unsigned DEFAULT '0',
  `videoSize` int(10) unsigned DEFAULT '0',
  `width` int(10) unsigned DEFAULT NULL,
  PRIMARY KEY (`bID`)
) ENGINE=InnoDB DEFAULT CHARSET=utf8mb4 COLLATE=utf8mb4_unicode_ci;


DROP TABLE IF EXISTS `btVisaCards`;
CREATE TABLE `btVisaCards` (
  `bID` int(10) unsigned NOT NULL,
  `title` longtext COLLATE utf8mb4_unicode_ci,
  PRIMARY KEY (`bID`)
) ENGINE=InnoDB DEFAULT CHARSET=utf8mb4 COLLATE=utf8mb4_unicode_ci;

INSERT INTO `btVisaCards` (`bID`, `title`) VALUES
(353,	'<p>APPLY FOR YOUR VISA</p>\r\n'),
(357,	'<p>VISA ON ARRIVAL</p>\r\n'),
(358,	'<p>Visa on Arrival (90-day visit eligibility)</p>\r\n'),
(359,	'<p>VISA FOR GCC CITIZEN &amp; RESIDENTS</p>\r\n');

DROP TABLE IF EXISTS `btWorkshopcards`;
CREATE TABLE `btWorkshopcards` (
  `bID` int(10) unsigned NOT NULL,
  `bgimg` int(10) unsigned DEFAULT '0',
  `title` varchar(255) COLLATE utf8mb4_unicode_ci DEFAULT NULL,
  `desc_1` text COLLATE utf8mb4_unicode_ci,
  `btn` varchar(12) COLLATE utf8mb4_unicode_ci DEFAULT NULL,
  `btn_Title` varchar(255) COLLATE utf8mb4_unicode_ci DEFAULT NULL,
  `btn_Page` int(10) unsigned DEFAULT '0',
  `btn_File` int(10) unsigned DEFAULT '0',
  `btn_Image` int(10) unsigned DEFAULT '0',
  `btn_URL` varchar(255) COLLATE utf8mb4_unicode_ci DEFAULT NULL,
  `btn_Relative_URL` varchar(255) COLLATE utf8mb4_unicode_ci DEFAULT NULL,
  PRIMARY KEY (`bID`)
) ENGINE=InnoDB DEFAULT CHARSET=utf8mb4 COLLATE=utf8mb4_unicode_ci;

INSERT INTO `btWorkshopcards` (`bID`, `bgimg`, `title`, `desc_1`, `btn`, `btn_Title`, `btn_Page`, `btn_File`, `btn_Image`, `btn_URL`, `btn_Relative_URL`) VALUES
(210,	3,	'asfaff qrqr qrqw qrqwr',	'jwqlr qjr qr reqwh rqwrourr jriqwhroiq hrqkwr r  ryhqirhqorh oirhqow rhqwi hoirh oqwr h rioqwh roirh ',	'url',	'Read more',	0,	0,	0,	'https://www.google.com',	''),
(270,	7,	'hdsakhd ad dsjahdi dsadh',	'hdsakhd ad dsjahdi dsadhhdsakhd ad dsjahdi dsadhhdsakhd ad dsjahdi dsadhhdsakhd ad dsjahdi dsadhhdsakhd ad dsjahdi dsadhhdsakhd ad dsjahdi dsadhhdsakhd ad dsjahdi dsadh',	'url',	'Read more',	0,	0,	0,	'https://www.google.com',	''),
(275,	70,	'Lorem Ipsum Dummy',	'Lorem Ipsum has been the industry\'s standard dummy text ever since the 1500s, when an unknown printer took a galley of type and scrambled it to make a type specimen book.',	'url',	'Read more',	0,	0,	0,	'https://www.google.com',	''),
(277,	71,	'Lorem Ipsum Dummy',	'Lorem Ipsum has been the industry\'s standard dummy text ever since the 1500s, when an unknown printer took a galley of type and scrambled it to make a type specimen book.',	'url',	'Read more',	0,	0,	0,	'https://www.google.com',	'');

DROP TABLE IF EXISTS `btYouTube`;
CREATE TABLE `btYouTube` (
  `bID` int(10) unsigned NOT NULL,
  `title` varchar(255) COLLATE utf8mb4_unicode_ci DEFAULT NULL,
  `videoURL` varchar(255) COLLATE utf8mb4_unicode_ci DEFAULT NULL,
  `vHeight` varchar(255) COLLATE utf8mb4_unicode_ci DEFAULT NULL,
  `vWidth` varchar(255) COLLATE utf8mb4_unicode_ci DEFAULT NULL,
  `sizing` varchar(10) COLLATE utf8mb4_unicode_ci DEFAULT NULL,
  `startTimeEnabled` tinyint(1) DEFAULT NULL,
  `startTime` varchar(10) COLLATE utf8mb4_unicode_ci DEFAULT NULL,
  `noCookie` tinyint(1) DEFAULT NULL,
  `autoplay` tinyint(1) NOT NULL DEFAULT '0',
  `color` varchar(10) COLLATE utf8mb4_unicode_ci DEFAULT NULL,
  `controls` int(10) unsigned DEFAULT NULL,
  `iv_load_policy` int(10) unsigned DEFAULT NULL,
  `loopEnd` tinyint(1) NOT NULL DEFAULT '0',
  `modestbranding` tinyint(1) NOT NULL DEFAULT '0',
  `lazyLoad` tinyint(1) NOT NULL DEFAULT '0',
  `rel` tinyint(1) NOT NULL DEFAULT '0',
  `showCaptions` tinyint(1) NOT NULL DEFAULT '0',
  PRIMARY KEY (`bID`)
) ENGINE=InnoDB DEFAULT CHARSET=utf8mb4 COLLATE=utf8mb4_unicode_ci;


DROP TABLE IF EXISTS `CalendarEventAttributeKeys`;
CREATE TABLE `CalendarEventAttributeKeys` (
  `akID` int(10) unsigned NOT NULL,
  PRIMARY KEY (`akID`),
  CONSTRAINT `FK_27F477CCB6561A7E` FOREIGN KEY (`akID`) REFERENCES `AttributeKeys` (`akID`) ON DELETE CASCADE
) ENGINE=InnoDB DEFAULT CHARSET=utf8mb4 COLLATE=utf8mb4_unicode_ci;

INSERT INTO `CalendarEventAttributeKeys` (`akID`) VALUES
(26);

DROP TABLE IF EXISTS `CalendarEventOccurrences`;
CREATE TABLE `CalendarEventOccurrences` (
  `occurrenceID` int(10) unsigned NOT NULL AUTO_INCREMENT,
  `startTime` int(11) NOT NULL,
  `endTime` int(11) NOT NULL,
  `cancelled` tinyint(1) NOT NULL,
  `repetitionID` int(10) unsigned DEFAULT NULL,
  PRIMARY KEY (`occurrenceID`),
  KEY `IDX_7DD686EC31391E00` (`repetitionID`),
  KEY `eventdates` (`occurrenceID`,`startTime`,`endTime`),
  CONSTRAINT `FK_7DD686EC31391E00` FOREIGN KEY (`repetitionID`) REFERENCES `CalendarEventRepetitions` (`repetitionID`)
) ENGINE=InnoDB DEFAULT CHARSET=utf8mb4 COLLATE=utf8mb4_unicode_ci;


DROP TABLE IF EXISTS `CalendarEventRepetitions`;
CREATE TABLE `CalendarEventRepetitions` (
  `repetitionID` int(10) unsigned NOT NULL AUTO_INCREMENT,
  `repetitionObject` longtext COLLATE utf8mb4_unicode_ci NOT NULL COMMENT '(DC2Type:object)',
  PRIMARY KEY (`repetitionID`)
) ENGINE=InnoDB DEFAULT CHARSET=utf8mb4 COLLATE=utf8mb4_unicode_ci;


DROP TABLE IF EXISTS `CalendarEvents`;
CREATE TABLE `CalendarEvents` (
  `eventID` int(10) unsigned NOT NULL AUTO_INCREMENT,
  `caID` int(10) unsigned DEFAULT NULL,
  PRIMARY KEY (`eventID`),
  KEY `IDX_7F23C55611C85723` (`caID`),
  CONSTRAINT `FK_7F23C55611C85723` FOREIGN KEY (`caID`) REFERENCES `Calendars` (`caID`)
) ENGINE=InnoDB DEFAULT CHARSET=utf8mb4 COLLATE=utf8mb4_unicode_ci;


DROP TABLE IF EXISTS `CalendarEventSearchIndexAttributes`;
CREATE TABLE `CalendarEventSearchIndexAttributes` (
  `eventID` int(10) unsigned NOT NULL DEFAULT '0',
  `ak_event_categories` longtext COLLATE utf8mb4_unicode_ci,
  PRIMARY KEY (`eventID`)
) ENGINE=InnoDB DEFAULT CHARSET=utf8mb4 COLLATE=utf8mb4_unicode_ci;


DROP TABLE IF EXISTS `CalendarEventVersionAttributeValues`;
CREATE TABLE `CalendarEventVersionAttributeValues` (
  `eventVersionID` int(10) unsigned NOT NULL,
  `akID` int(10) unsigned NOT NULL,
  `avID` int(10) unsigned DEFAULT NULL,
  PRIMARY KEY (`eventVersionID`,`akID`),
  KEY `IDX_8C835B05403F5D6` (`eventVersionID`),
  KEY `IDX_8C835B05B6561A7E` (`akID`),
  KEY `IDX_8C835B05A2A82A5D` (`avID`),
  CONSTRAINT `FK_8C835B05403F5D6` FOREIGN KEY (`eventVersionID`) REFERENCES `CalendarEventVersions` (`eventVersionID`),
  CONSTRAINT `FK_8C835B05A2A82A5D` FOREIGN KEY (`avID`) REFERENCES `AttributeValues` (`avID`),
  CONSTRAINT `FK_8C835B05B6561A7E` FOREIGN KEY (`akID`) REFERENCES `AttributeKeys` (`akID`)
) ENGINE=InnoDB DEFAULT CHARSET=utf8mb4 COLLATE=utf8mb4_unicode_ci;


DROP TABLE IF EXISTS `CalendarEventVersionOccurrences`;
CREATE TABLE `CalendarEventVersionOccurrences` (
  `versionOccurrenceID` int(10) unsigned NOT NULL AUTO_INCREMENT,
  `eventVersionID` int(10) unsigned DEFAULT NULL,
  `occurrenceID` int(10) unsigned DEFAULT NULL,
  PRIMARY KEY (`versionOccurrenceID`),
  KEY `IDX_60310489403F5D6` (`eventVersionID`),
  KEY `IDX_60310489B4FDDC0F` (`occurrenceID`),
  CONSTRAINT `FK_60310489403F5D6` FOREIGN KEY (`eventVersionID`) REFERENCES `CalendarEventVersions` (`eventVersionID`),
  CONSTRAINT `FK_60310489B4FDDC0F` FOREIGN KEY (`occurrenceID`) REFERENCES `CalendarEventOccurrences` (`occurrenceID`)
) ENGINE=InnoDB DEFAULT CHARSET=utf8mb4 COLLATE=utf8mb4_unicode_ci;


DROP TABLE IF EXISTS `CalendarEventVersionRepetitions`;
CREATE TABLE `CalendarEventVersionRepetitions` (
  `versionRepetitionID` int(10) unsigned NOT NULL AUTO_INCREMENT,
  `eventVersionID` int(10) unsigned DEFAULT NULL,
  `repetitionID` int(10) unsigned DEFAULT NULL,
  PRIMARY KEY (`versionRepetitionID`),
  KEY `IDX_C1C3D3DB403F5D6` (`eventVersionID`),
  KEY `IDX_C1C3D3DB31391E00` (`repetitionID`),
  CONSTRAINT `FK_C1C3D3DB31391E00` FOREIGN KEY (`repetitionID`) REFERENCES `CalendarEventRepetitions` (`repetitionID`),
  CONSTRAINT `FK_C1C3D3DB403F5D6` FOREIGN KEY (`eventVersionID`) REFERENCES `CalendarEventVersions` (`eventVersionID`)
) ENGINE=InnoDB DEFAULT CHARSET=utf8mb4 COLLATE=utf8mb4_unicode_ci;


DROP TABLE IF EXISTS `CalendarEventVersions`;
CREATE TABLE `CalendarEventVersions` (
  `eventVersionID` int(10) unsigned NOT NULL AUTO_INCREMENT,
  `evDateAdded` datetime NOT NULL,
  `evActivateDateTime` datetime DEFAULT NULL,
  `evIsApproved` tinyint(1) NOT NULL,
  `evDescription` longtext COLLATE utf8mb4_unicode_ci,
  `evName` longtext COLLATE utf8mb4_unicode_ci,
  `evRelatedPageRelationType` varchar(1) COLLATE utf8mb4_unicode_ci DEFAULT NULL,
  `cID` int(10) unsigned NOT NULL DEFAULT '0',
  `eventID` int(10) unsigned DEFAULT NULL,
  `uID` int(10) unsigned DEFAULT NULL,
  PRIMARY KEY (`eventVersionID`),
  KEY `IDX_8E26027410409BA4` (`eventID`),
  KEY `IDX_8E260274FD71026C` (`uID`),
  CONSTRAINT `FK_8E26027410409BA4` FOREIGN KEY (`eventID`) REFERENCES `CalendarEvents` (`eventID`),
  CONSTRAINT `FK_8E260274FD71026C` FOREIGN KEY (`uID`) REFERENCES `Users` (`uID`)
) ENGINE=InnoDB DEFAULT CHARSET=utf8mb4 COLLATE=utf8mb4_unicode_ci;


DROP TABLE IF EXISTS `CalendarEventWorkflowProgress`;
CREATE TABLE `CalendarEventWorkflowProgress` (
  `wpID` int(10) unsigned NOT NULL DEFAULT '0',
  `eventID` int(10) unsigned NOT NULL,
  PRIMARY KEY (`eventID`,`wpID`),
  KEY `IDX_C5EAACF910409BA4` (`eventID`),
  KEY `wpID` (`wpID`),
  CONSTRAINT `FK_C5EAACF910409BA4` FOREIGN KEY (`eventID`) REFERENCES `CalendarEvents` (`eventID`)
) ENGINE=InnoDB DEFAULT CHARSET=utf8mb4 COLLATE=utf8mb4_unicode_ci;


DROP TABLE IF EXISTS `CalendarPermissionAssignments`;
CREATE TABLE `CalendarPermissionAssignments` (
  `pkID` int(10) unsigned NOT NULL,
  `paID` int(10) unsigned NOT NULL,
  `caID` int(10) unsigned NOT NULL,
  PRIMARY KEY (`caID`,`pkID`,`paID`),
  KEY `IDX_5AD546AA11C85723` (`caID`),
  KEY `paID` (`paID`),
  KEY `pkID` (`pkID`),
  CONSTRAINT `FK_5AD546AA11C85723` FOREIGN KEY (`caID`) REFERENCES `Calendars` (`caID`)
) ENGINE=InnoDB DEFAULT CHARSET=utf8mb4 COLLATE=utf8mb4_unicode_ci;


DROP TABLE IF EXISTS `CalendarRelatedEvents`;
CREATE TABLE `CalendarRelatedEvents` (
  `relatedEventID` int(10) unsigned NOT NULL AUTO_INCREMENT,
  `relationID` int(10) unsigned NOT NULL,
  `relationType` varchar(1) COLLATE utf8mb4_unicode_ci DEFAULT NULL,
  `eventID` int(10) unsigned DEFAULT NULL,
  PRIMARY KEY (`relatedEventID`),
  KEY `IDX_310130E910409BA4` (`eventID`),
  CONSTRAINT `FK_310130E910409BA4` FOREIGN KEY (`eventID`) REFERENCES `CalendarEvents` (`eventID`)
) ENGINE=InnoDB DEFAULT CHARSET=utf8mb4 COLLATE=utf8mb4_unicode_ci;


DROP TABLE IF EXISTS `Calendars`;
CREATE TABLE `Calendars` (
  `caID` int(10) unsigned NOT NULL AUTO_INCREMENT,
  `caName` varchar(255) COLLATE utf8mb4_unicode_ci DEFAULT NULL,
  `caOverridePermissions` tinyint(1) NOT NULL DEFAULT '0',
  `eventPageAttributeKeyHandle` varchar(255) COLLATE utf8mb4_unicode_ci DEFAULT NULL,
  `enableMoreDetails` varchar(1) COLLATE utf8mb4_unicode_ci DEFAULT NULL,
  `eventPageParentID` int(10) unsigned DEFAULT '0',
  `eventPageTypeID` int(10) unsigned DEFAULT '0',
  `eventPageAssociatedID` int(10) unsigned DEFAULT '0',
  `siteID` int(10) unsigned DEFAULT NULL,
  PRIMARY KEY (`caID`),
  KEY `IDX_62E00AC521D8435` (`siteID`),
  CONSTRAINT `FK_62E00AC521D8435` FOREIGN KEY (`siteID`) REFERENCES `Sites` (`siteID`)
) ENGINE=InnoDB DEFAULT CHARSET=utf8mb4 COLLATE=utf8mb4_unicode_ci;


DROP TABLE IF EXISTS `CollectionAttributeKeys`;
CREATE TABLE `CollectionAttributeKeys` (
  `akID` int(10) unsigned NOT NULL,
  PRIMARY KEY (`akID`),
  CONSTRAINT `FK_1E3E5B79B6561A7E` FOREIGN KEY (`akID`) REFERENCES `AttributeKeys` (`akID`) ON DELETE CASCADE
) ENGINE=InnoDB DEFAULT CHARSET=utf8mb4 COLLATE=utf8mb4_unicode_ci;

INSERT INTO `CollectionAttributeKeys` (`akID`) VALUES
(1),
(2),
(3),
(4),
(5),
(6),
(7),
(8),
(9),
(10),
(11),
(12),
(13),
(20),
(21),
(22),
(23),
(24),
(25),
(27),
(28),
(29);

DROP TABLE IF EXISTS `CollectionAttributeValues`;
CREATE TABLE `CollectionAttributeValues` (
  `cID` int(10) unsigned NOT NULL,
  `cvID` int(10) unsigned NOT NULL,
  `akID` int(10) unsigned NOT NULL,
  `avID` int(10) unsigned DEFAULT NULL,
  PRIMARY KEY (`cID`,`cvID`,`akID`),
  KEY `IDX_BB9995FCB6561A7E` (`akID`),
  KEY `IDX_BB9995FCA2A82A5D` (`avID`),
  CONSTRAINT `FK_BB9995FCA2A82A5D` FOREIGN KEY (`avID`) REFERENCES `AttributeValues` (`avID`),
  CONSTRAINT `FK_BB9995FCB6561A7E` FOREIGN KEY (`akID`) REFERENCES `AttributeKeys` (`akID`)
) ENGINE=InnoDB DEFAULT CHARSET=utf8mb4 COLLATE=utf8mb4_unicode_ci;

INSERT INTO `CollectionAttributeValues` (`cID`, `cvID`, `akID`, `avID`) VALUES
(2,	1,	6,	1),
(3,	1,	3,	2),
(4,	1,	3,	3),
(5,	1,	3,	4),
(6,	1,	3,	5),
(8,	1,	3,	6),
(9,	1,	3,	7),
(10,	1,	3,	8),
(11,	1,	7,	9),
(11,	1,	3,	10),
(12,	1,	3,	11),
(13,	1,	3,	12),
(14,	1,	3,	13),
(15,	1,	3,	14),
(16,	1,	3,	15),
(17,	1,	3,	16),
(17,	1,	7,	17),
(18,	1,	3,	18),
(18,	1,	7,	19),
(20,	1,	3,	20),
(21,	1,	3,	21),
(23,	1,	3,	22),
(26,	1,	3,	23),
(27,	1,	3,	24),
(28,	1,	7,	25),
(28,	1,	12,	26),
(29,	1,	3,	27),
(30,	1,	3,	28),
(31,	1,	3,	29),
(33,	1,	3,	30),
(34,	1,	3,	31),
(34,	1,	7,	32),
(36,	1,	7,	33),
(37,	1,	7,	34),
(38,	1,	7,	35),
(39,	1,	7,	36),
(40,	1,	7,	37),
(41,	1,	7,	38),
(43,	1,	7,	39),
(44,	1,	3,	40),
(45,	1,	3,	41),
(46,	1,	3,	42),
(49,	1,	7,	43),
(49,	1,	12,	44),
(51,	1,	7,	45),
(51,	1,	12,	46),
(54,	1,	6,	47),
(56,	1,	3,	48),
(58,	1,	7,	49),
(58,	1,	12,	50),
(58,	1,	3,	51),
(59,	1,	3,	52),
(60,	1,	3,	53),
(61,	1,	3,	54),
(62,	1,	3,	55),
(63,	1,	3,	56),
(64,	1,	3,	57),
(65,	1,	3,	58),
(66,	1,	3,	59),
(68,	1,	3,	60),
(69,	1,	3,	61),
(70,	1,	3,	62),
(71,	1,	3,	63),
(72,	1,	3,	64),
(73,	1,	3,	65),
(74,	1,	3,	66),
(74,	1,	7,	67),
(75,	1,	3,	68),
(76,	1,	3,	69),
(76,	1,	7,	70),
(76,	1,	12,	71),
(77,	1,	3,	72),
(80,	1,	7,	73),
(80,	1,	12,	74),
(81,	1,	7,	75),
(81,	1,	12,	76),
(82,	1,	7,	77),
(82,	1,	12,	78),
(83,	1,	7,	79),
(83,	1,	12,	80),
(84,	1,	7,	81),
(84,	1,	12,	82),
(90,	1,	3,	83),
(96,	1,	3,	84),
(97,	1,	3,	85),
(98,	1,	3,	86),
(99,	1,	3,	87),
(100,	1,	3,	88),
(102,	1,	3,	89),
(103,	1,	3,	90),
(104,	1,	3,	91),
(105,	1,	7,	92),
(105,	1,	3,	93),
(106,	1,	3,	94),
(107,	1,	3,	95),
(108,	1,	3,	96),
(110,	1,	3,	97),
(111,	1,	3,	98),
(112,	1,	3,	99),
(114,	1,	3,	100),
(115,	1,	3,	101),
(119,	1,	3,	102),
(120,	1,	7,	103),
(121,	1,	7,	104),
(122,	1,	3,	105),
(123,	1,	3,	106),
(124,	1,	3,	107),
(125,	1,	3,	108),
(127,	1,	3,	109),
(128,	1,	3,	110),
(129,	1,	3,	111),
(130,	1,	3,	112),
(131,	1,	3,	113),
(134,	1,	3,	114),
(135,	1,	3,	115),
(136,	1,	3,	116),
(137,	1,	3,	117),
(138,	1,	3,	118),
(139,	1,	3,	119),
(140,	1,	3,	120),
(141,	1,	3,	121),
(147,	1,	3,	122),
(148,	1,	3,	123),
(149,	1,	3,	124),
(150,	1,	3,	125),
(152,	1,	3,	126),
(153,	1,	3,	127),
(154,	1,	3,	128),
(155,	1,	3,	129),
(157,	1,	12,	130),
(158,	1,	3,	131),
(159,	1,	3,	132),
(160,	1,	3,	133),
(161,	1,	3,	134),
(162,	1,	3,	135),
(163,	1,	3,	136),
(164,	1,	3,	137),
(166,	1,	3,	138),
(168,	1,	3,	139),
(169,	1,	7,	140),
(169,	1,	12,	141),
(170,	1,	4,	142),
(170,	1,	5,	143),
(170,	1,	7,	144),
(172,	1,	6,	145),
(174,	1,	6,	146),
(175,	1,	12,	147),
(177,	1,	6,	148),
(183,	1,	6,	149),
(184,	1,	4,	150),
(184,	1,	5,	151),
(184,	1,	7,	152),
(1,	1,	7,	185),
(1,	2,	7,	185),
(1,	3,	7,	185),
(1,	4,	7,	185),
(1,	5,	7,	185),
(1,	6,	7,	185),
(1,	7,	7,	185),
(1,	8,	7,	185),
(1,	9,	7,	185),
(1,	10,	7,	185),
(1,	11,	7,	185),
(1,	12,	7,	185),
(1,	13,	7,	185),
(1,	14,	7,	185),
(1,	15,	7,	185),
(1,	16,	7,	185),
(1,	17,	7,	185),
(1,	18,	7,	185),
(1,	19,	7,	185),
(1,	20,	7,	185),
(1,	21,	7,	185),
(1,	22,	7,	185),
(196,	1,	22,	186),
(204,	1,	11,	187),
(204,	1,	23,	188),
(204,	1,	25,	189),
(204,	1,	27,	190),
(204,	1,	28,	191),
(204,	1,	29,	192),
(205,	1,	23,	193),
(205,	1,	25,	194),
(205,	1,	27,	195),
(205,	1,	28,	196),
(205,	1,	29,	197),
(206,	1,	11,	198),
(206,	1,	23,	199),
(206,	1,	25,	200),
(206,	1,	27,	201),
(206,	1,	28,	202),
(206,	1,	29,	203),
(207,	1,	11,	204),
(207,	1,	23,	205),
(207,	1,	25,	206),
(207,	1,	27,	207),
(207,	1,	28,	208),
(207,	1,	29,	209),
(208,	1,	23,	210),
(208,	1,	25,	211),
(208,	1,	27,	212),
(208,	1,	28,	213),
(208,	1,	29,	214),
(209,	1,	23,	215),
(209,	1,	25,	216),
(209,	1,	27,	217),
(209,	1,	28,	218),
(209,	1,	29,	219),
(199,	1,	22,	220),
(211,	1,	1,	221),
(211,	1,	2,	222),
(211,	1,	3,	223),
(211,	1,	9,	224),
(211,	1,	13,	225),
(211,	1,	23,	226),
(211,	1,	24,	227),
(212,	1,	23,	228),
(212,	1,	24,	229),
(213,	1,	23,	230),
(213,	1,	24,	231),
(200,	1,	1,	232),
(200,	1,	2,	233),
(200,	1,	3,	234),
(200,	1,	7,	235),
(200,	1,	9,	236),
(200,	1,	13,	237),
(202,	1,	7,	238),
(202,	2,	7,	238),
(202,	3,	7,	238),
(202,	4,	7,	238),
(202,	5,	7,	238),
(202,	6,	7,	238),
(202,	7,	7,	238),
(202,	8,	7,	238),
(202,	9,	7,	238),
(202,	10,	7,	238),
(202,	11,	7,	238),
(202,	12,	7,	238),
(202,	13,	7,	238),
(218,	1,	1,	239),
(218,	1,	2,	240),
(218,	1,	3,	241),
(218,	1,	9,	242),
(218,	1,	13,	243),
(218,	1,	20,	244),
(218,	1,	21,	245),
(219,	1,	1,	246),
(219,	1,	2,	247),
(219,	1,	3,	248),
(219,	1,	9,	249),
(219,	1,	13,	250),
(219,	1,	20,	251),
(219,	1,	21,	252);

DROP TABLE IF EXISTS `Collections`;
CREATE TABLE `Collections` (
  `cID` int(10) unsigned NOT NULL AUTO_INCREMENT,
  `cDateAdded` datetime NOT NULL DEFAULT '1000-01-01 00:00:00',
  `cDateModified` datetime NOT NULL DEFAULT '1000-01-01 00:00:00',
  `cHandle` varchar(255) COLLATE utf8mb4_unicode_ci DEFAULT NULL,
  PRIMARY KEY (`cID`),
  KEY `cIDDateModified` (`cID`,`cDateModified`),
  KEY `cDateModified` (`cDateModified`),
  KEY `cDateAdded` (`cDateAdded`)
) ENGINE=InnoDB DEFAULT CHARSET=utf8mb4 COLLATE=utf8mb4_unicode_ci;

INSERT INTO `Collections` (`cID`, `cDateAdded`, `cDateModified`, `cHandle`) VALUES
(1,	'2021-12-05 08:54:22',	'2022-01-04 16:21:17',	NULL),
(2,	'2021-12-05 08:55:31',	'2021-12-05 08:55:31',	'dashboard'),
(3,	'2021-12-05 08:55:31',	'2021-12-05 08:55:31',	'sitemap'),
(4,	'2021-12-05 08:55:31',	'2021-12-05 08:55:31',	'full'),
(5,	'2021-12-05 08:55:31',	'2021-12-05 08:55:31',	'explore'),
(6,	'2021-12-05 08:55:31',	'2021-12-05 08:55:31',	'search'),
(7,	'2021-12-05 08:55:31',	'2021-12-05 08:55:31',	'files'),
(8,	'2021-12-05 08:55:31',	'2021-12-05 08:55:31',	'search'),
(9,	'2021-12-05 08:55:31',	'2021-12-05 08:55:32',	'attributes'),
(10,	'2021-12-05 08:55:32',	'2021-12-05 08:55:32',	'sets'),
(11,	'2021-12-05 08:55:32',	'2021-12-05 08:55:32',	'add_set'),
(12,	'2021-12-05 08:55:32',	'2021-12-05 08:55:32',	'users'),
(13,	'2021-12-05 08:55:32',	'2021-12-05 08:55:32',	'search'),
(14,	'2021-12-05 08:55:32',	'2021-12-05 08:55:32',	'groups'),
(15,	'2021-12-05 08:55:32',	'2021-12-05 08:55:32',	'message'),
(16,	'2021-12-05 08:55:32',	'2021-12-05 08:55:32',	'attributes'),
(17,	'2021-12-05 08:55:32',	'2021-12-05 08:55:32',	'add'),
(18,	'2021-12-05 08:55:32',	'2021-12-05 08:55:32',	'add_group'),
(19,	'2021-12-05 08:55:32',	'2021-12-05 08:55:32',	'bulkupdate'),
(20,	'2021-12-05 08:55:32',	'2021-12-05 08:55:32',	'group_sets'),
(21,	'2021-12-05 08:55:32',	'2021-12-05 08:55:32',	'points'),
(22,	'2021-12-05 08:55:32',	'2021-12-05 08:55:32',	'assign'),
(23,	'2021-12-05 08:55:32',	'2021-12-05 08:55:32',	'actions'),
(24,	'2021-12-05 08:55:33',	'2021-12-05 08:55:33',	'express'),
(25,	'2021-12-05 08:55:33',	'2021-12-05 08:55:33',	'entries'),
(26,	'2021-12-05 08:55:33',	'2021-12-05 08:55:33',	'reports'),
(27,	'2021-12-05 08:55:33',	'2021-12-05 08:55:33',	'forms'),
(28,	'2021-12-05 08:55:33',	'2021-12-05 08:55:33',	'legacy'),
(29,	'2021-12-05 08:55:33',	'2021-12-05 08:55:33',	'surveys'),
(30,	'2021-12-05 08:55:33',	'2021-12-05 08:55:33',	'logs'),
(31,	'2021-12-05 08:55:33',	'2021-12-05 08:55:33',	'page_changes'),
(32,	'2021-12-05 08:55:33',	'2021-12-05 08:55:33',	'pages'),
(33,	'2021-12-05 08:55:33',	'2021-12-05 08:55:33',	'themes'),
(34,	'2021-12-05 08:55:33',	'2021-12-05 08:55:33',	'inspect'),
(35,	'2021-12-05 08:55:33',	'2021-12-05 08:55:33',	'types'),
(36,	'2021-12-05 08:55:33',	'2021-12-05 08:55:33',	'organize'),
(37,	'2021-12-05 08:55:33',	'2021-12-05 08:55:33',	'add'),
(38,	'2021-12-05 08:55:33',	'2021-12-05 08:55:34',	'form'),
(39,	'2021-12-05 08:55:34',	'2021-12-05 08:55:34',	'output'),
(40,	'2021-12-05 08:55:34',	'2021-12-05 08:55:34',	'attributes'),
(41,	'2021-12-05 08:55:34',	'2021-12-05 08:55:34',	'permissions'),
(42,	'2021-12-05 08:55:34',	'2021-12-05 08:55:34',	'templates'),
(43,	'2021-12-05 08:55:34',	'2021-12-05 08:55:34',	'add'),
(44,	'2021-12-05 08:55:34',	'2021-12-05 08:55:34',	'attributes'),
(45,	'2021-12-05 08:55:34',	'2021-12-05 08:55:34',	'single'),
(46,	'2021-12-05 08:55:34',	'2021-12-05 08:55:34',	'feeds'),
(47,	'2021-12-05 08:55:34',	'2021-12-05 08:55:34',	'calendar'),
(48,	'2021-12-05 08:55:34',	'2021-12-05 08:55:34',	'events'),
(49,	'2021-12-05 08:55:34',	'2021-12-05 08:55:34',	'event_list'),
(50,	'2021-12-05 08:55:34',	'2021-12-05 08:55:34',	'add'),
(51,	'2021-12-05 08:55:34',	'2021-12-05 08:55:34',	'permissions'),
(52,	'2021-12-05 08:55:34',	'2021-12-05 08:55:35',	'attributes'),
(53,	'2021-12-05 08:55:35',	'2021-12-05 08:55:35',	'conversations'),
(54,	'2021-12-05 08:55:35',	'2021-12-05 08:55:35',	'messages'),
(55,	'2021-12-05 08:55:35',	'2021-12-05 08:55:35',	'blocks'),
(56,	'2021-12-05 08:55:35',	'2021-12-05 08:55:35',	'stacks'),
(57,	'2021-12-05 08:55:35',	'2021-12-05 08:55:35',	'permissions'),
(58,	'2021-12-05 08:55:35',	'2021-12-05 08:55:35',	'list'),
(59,	'2021-12-05 08:55:35',	'2021-12-05 08:55:35',	'types'),
(60,	'2021-12-05 08:55:35',	'2021-12-05 08:55:35',	'extend'),
(61,	'2021-12-05 08:55:35',	'2021-12-05 08:55:35',	'install'),
(62,	'2021-12-05 08:55:35',	'2021-12-05 08:55:35',	'update'),
(63,	'2021-12-05 08:55:35',	'2021-12-05 08:55:35',	'connect'),
(64,	'2021-12-05 08:55:35',	'2021-12-05 08:55:35',	'themes'),
(65,	'2021-12-05 08:55:35',	'2021-12-05 08:55:35',	'addons'),
(66,	'2021-12-05 08:55:35',	'2021-12-05 08:55:36',	'system'),
(67,	'2021-12-05 08:55:36',	'2021-12-05 08:55:36',	'basics'),
(68,	'2021-12-05 08:55:36',	'2021-12-05 08:55:36',	'name'),
(69,	'2021-12-05 08:55:36',	'2021-12-05 08:55:36',	'accessibility'),
(70,	'2021-12-05 08:55:36',	'2021-12-05 08:55:36',	'social'),
(71,	'2021-12-05 08:55:36',	'2021-12-05 08:55:36',	'icons'),
(72,	'2021-12-05 08:55:36',	'2021-12-05 08:55:36',	'editor'),
(73,	'2021-12-05 08:55:36',	'2021-12-05 08:55:36',	'multilingual'),
(74,	'2021-12-05 08:55:36',	'2021-12-05 08:55:36',	'update'),
(75,	'2021-12-05 08:55:36',	'2021-12-05 08:55:36',	'timezone'),
(76,	'2021-12-05 08:55:36',	'2021-12-05 08:55:36',	'attributes'),
(77,	'2021-12-05 08:55:36',	'2021-12-05 08:55:36',	'reset_edit_mode'),
(78,	'2021-12-05 08:55:36',	'2021-12-05 08:55:36',	'express'),
(79,	'2021-12-05 08:55:36',	'2021-12-05 08:55:36',	'entities'),
(80,	'2021-12-05 08:55:36',	'2021-12-05 08:55:37',	'attributes'),
(81,	'2021-12-05 08:55:37',	'2021-12-05 08:55:37',	'associations'),
(82,	'2021-12-05 08:55:37',	'2021-12-05 08:55:37',	'forms'),
(83,	'2021-12-05 08:55:37',	'2021-12-05 08:55:37',	'customize_search'),
(84,	'2021-12-05 08:55:37',	'2021-12-05 08:55:37',	'order_entries'),
(85,	'2021-12-05 08:55:37',	'2021-12-05 08:55:37',	'entries'),
(86,	'2021-12-05 08:55:37',	'2021-12-05 08:55:37',	'multisite'),
(87,	'2021-12-05 08:55:37',	'2021-12-05 08:55:37',	'sites'),
(88,	'2021-12-05 08:55:37',	'2021-12-05 08:55:37',	'types'),
(89,	'2021-12-05 08:55:37',	'2021-12-05 08:55:37',	'settings'),
(90,	'2021-12-05 08:55:37',	'2021-12-05 08:55:37',	'multilingual'),
(91,	'2021-12-05 08:55:37',	'2021-12-05 08:55:37',	'setup'),
(92,	'2021-12-05 08:55:37',	'2021-12-05 08:55:37',	'copy'),
(93,	'2021-12-05 08:55:37',	'2021-12-05 08:55:37',	'page_report'),
(94,	'2021-12-05 08:55:37',	'2021-12-05 08:55:37',	'translate_interface'),
(95,	'2021-12-05 08:55:38',	'2021-12-05 08:55:38',	'seo'),
(96,	'2021-12-05 08:55:38',	'2021-12-05 08:55:38',	'urls'),
(97,	'2021-12-05 08:55:38',	'2021-12-05 08:55:38',	'bulk'),
(98,	'2021-12-05 08:55:38',	'2021-12-05 08:55:38',	'codes'),
(99,	'2021-12-05 08:55:38',	'2021-12-05 08:55:38',	'excluded'),
(100,	'2021-12-05 08:55:38',	'2021-12-05 08:55:38',	'searchindex'),
(101,	'2021-12-05 08:55:38',	'2021-12-05 08:55:38',	'files'),
(102,	'2021-12-05 08:55:38',	'2021-12-05 08:55:38',	'filetypes'),
(103,	'2021-12-05 08:55:38',	'2021-12-05 08:55:38',	'permissions'),
(104,	'2021-12-05 08:55:38',	'2021-12-05 08:55:38',	'thumbnails'),
(105,	'2021-12-05 08:55:38',	'2021-12-05 08:55:38',	'options'),
(106,	'2021-12-05 08:55:38',	'2021-12-05 08:55:38',	'image_uploading'),
(107,	'2021-12-05 08:55:38',	'2021-12-05 08:55:38',	'storage'),
(108,	'2021-12-05 08:55:38',	'2021-12-05 08:55:38',	'export_options'),
(109,	'2021-12-05 08:55:39',	'2021-12-05 08:55:39',	'optimization'),
(110,	'2021-12-05 08:55:39',	'2021-12-05 08:55:39',	'cache'),
(111,	'2021-12-05 08:55:39',	'2021-12-05 08:55:39',	'clearcache'),
(112,	'2021-12-05 08:55:39',	'2021-12-05 08:55:39',	'jobs'),
(113,	'2021-12-05 08:55:39',	'2021-12-05 08:55:39',	'permissions'),
(114,	'2021-12-05 08:55:39',	'2021-12-05 08:55:39',	'site'),
(115,	'2021-12-05 08:55:39',	'2021-12-05 08:55:39',	'tasks'),
(116,	'2021-12-05 08:55:39',	'2021-12-05 08:55:39',	'users'),
(117,	'2021-12-05 08:55:39',	'2021-12-05 08:55:39',	'advanced'),
(118,	'2021-12-05 08:55:39',	'2021-12-05 08:55:39',	'workflows'),
(119,	'2021-12-05 08:55:39',	'2021-12-05 08:55:39',	'blacklist'),
(120,	'2021-12-05 08:55:39',	'2021-12-05 08:55:39',	'configure'),
(121,	'2021-12-05 08:55:39',	'2021-12-05 08:55:39',	'range'),
(122,	'2021-12-05 08:55:39',	'2021-12-05 08:55:39',	'captcha'),
(123,	'2021-12-05 08:55:39',	'2021-12-05 08:55:40',	'antispam'),
(124,	'2021-12-05 08:55:40',	'2021-12-05 08:55:40',	'maintenance'),
(125,	'2021-12-05 08:55:40',	'2021-12-05 08:55:40',	'trusted_proxies'),
(126,	'2021-12-05 08:55:40',	'2021-12-05 08:55:40',	'registration'),
(127,	'2021-12-05 08:55:40',	'2021-12-05 08:55:40',	'open'),
(128,	'2021-12-05 08:55:40',	'2021-12-05 08:55:40',	'postlogin'),
(129,	'2021-12-05 08:55:40',	'2021-12-05 08:55:40',	'profiles'),
(130,	'2021-12-05 08:55:40',	'2021-12-05 08:55:40',	'authentication'),
(131,	'2021-12-05 08:55:40',	'2021-12-05 08:55:40',	'global_password_reset'),
(132,	'2021-12-05 08:55:40',	'2021-12-05 08:55:40',	'notification'),
(133,	'2021-12-05 08:55:40',	'2021-12-05 08:55:40',	'deactivation'),
(134,	'2021-12-05 08:55:40',	'2021-12-05 08:55:40',	'automated_logout'),
(135,	'2021-12-05 08:55:40',	'2021-12-05 08:55:41',	'password_requirements'),
(136,	'2021-12-05 08:55:41',	'2021-12-05 08:55:41',	'session_options'),
(137,	'2021-12-05 08:55:41',	'2021-12-05 08:55:41',	'mail'),
(138,	'2021-12-05 08:55:41',	'2021-12-05 08:55:41',	'method'),
(139,	'2021-12-05 08:55:41',	'2021-12-05 08:55:41',	'test'),
(140,	'2021-12-05 08:55:41',	'2021-12-05 08:55:41',	'importers'),
(141,	'2021-12-05 08:55:41',	'2021-12-05 08:55:41',	'addresses'),
(142,	'2021-12-05 08:55:41',	'2021-12-05 08:55:41',	'calendar'),
(143,	'2021-12-05 08:55:41',	'2021-12-05 08:55:41',	'settings'),
(144,	'2021-12-05 08:55:41',	'2021-12-05 08:55:41',	'colors'),
(145,	'2021-12-05 08:55:41',	'2021-12-05 08:55:41',	'permissions'),
(146,	'2021-12-05 08:55:41',	'2021-12-05 08:55:41',	'import'),
(147,	'2021-12-05 08:55:41',	'2021-12-05 08:55:41',	'conversations'),
(148,	'2021-12-05 08:55:41',	'2021-12-05 08:55:42',	'settings'),
(149,	'2021-12-05 08:55:42',	'2021-12-05 08:55:42',	'points'),
(150,	'2021-12-05 08:55:42',	'2021-12-05 08:55:42',	'bannedwords'),
(151,	'2021-12-05 08:55:42',	'2021-12-05 08:55:42',	'permissions'),
(152,	'2021-12-05 08:55:42',	'2021-12-05 08:55:42',	'attributes'),
(153,	'2021-12-05 08:55:42',	'2021-12-05 08:55:42',	'types'),
(154,	'2021-12-05 08:55:42',	'2021-12-05 08:55:42',	'sets'),
(155,	'2021-12-05 08:55:42',	'2021-12-05 08:55:42',	'topics'),
(156,	'2021-12-05 08:55:42',	'2021-12-05 08:55:42',	'add'),
(157,	'2021-12-05 08:55:42',	'2021-12-05 08:55:42',	'environment'),
(158,	'2021-12-05 08:55:42',	'2021-12-05 08:55:42',	'info'),
(159,	'2021-12-05 08:55:42',	'2021-12-05 08:55:42',	'debug'),
(160,	'2021-12-05 08:55:42',	'2021-12-05 08:55:42',	'logging'),
(161,	'2021-12-05 08:55:42',	'2021-12-05 08:55:42',	'proxy'),
(162,	'2021-12-05 08:55:43',	'2021-12-05 08:55:43',	'entities'),
(163,	'2021-12-05 08:55:43',	'2021-12-05 08:55:43',	'database_charset'),
(164,	'2021-12-05 08:55:43',	'2021-12-05 08:55:43',	'geolocation'),
(165,	'2021-12-05 08:55:43',	'2021-12-05 08:55:43',	'update'),
(166,	'2021-12-05 08:55:43',	'2021-12-05 08:55:43',	'update'),
(167,	'2021-12-05 08:55:43',	'2021-12-05 08:55:43',	'api'),
(168,	'2021-12-05 08:55:43',	'2021-12-05 08:55:43',	'settings'),
(169,	'2021-12-05 08:55:43',	'2021-12-05 08:55:43',	'integrations'),
(170,	'2021-12-05 08:55:43',	'2021-12-05 08:55:43',	'welcome'),
(171,	'2021-12-05 08:55:44',	'2021-12-05 08:55:44',	'me'),
(172,	'2021-12-05 08:55:51',	'2021-12-05 08:55:52',	'!stacks'),
(173,	'2021-12-05 08:55:52',	'2021-12-05 08:55:52',	'page_not_found'),
(174,	'2021-12-05 08:55:52',	'2021-12-05 08:55:52',	'!trash'),
(175,	'2021-12-05 08:55:52',	'2021-12-05 08:55:52',	'login'),
(176,	'2021-12-05 08:55:52',	'2021-12-05 08:55:52',	'register'),
(177,	'2021-12-05 08:55:52',	'2021-12-05 08:55:52',	'account'),
(178,	'2021-12-05 08:55:52',	'2021-12-05 08:55:52',	'edit_profile'),
(179,	'2021-12-05 08:55:52',	'2021-12-05 08:55:52',	'avatar'),
(180,	'2021-12-05 08:55:52',	'2021-12-05 08:55:52',	'messages'),
(181,	'2021-12-05 08:55:52',	'2021-12-05 08:55:52',	'page_forbidden'),
(182,	'2021-12-05 08:55:52',	'2021-12-05 08:55:52',	'download_file'),
(183,	'2021-12-05 08:55:52',	'2021-12-05 08:55:52',	'!drafts'),
(184,	'2021-12-05 08:55:52',	'2021-12-05 08:55:52',	'desktop'),
(185,	'2021-12-05 08:55:59',	'2021-12-05 08:55:59',	'footer-contact'),
(186,	'2021-12-05 08:55:59',	'2021-12-05 08:55:59',	'footer-legal'),
(187,	'2021-12-05 08:55:59',	'2021-12-05 08:55:59',	'footer-navigation'),
(188,	'2021-12-05 08:55:59',	'2021-12-05 08:55:59',	'footer-site-title'),
(189,	'2021-12-05 08:56:00',	'2021-12-05 08:56:00',	'footer-social'),
(190,	'2021-12-05 08:56:00',	'2021-12-05 08:56:00',	'header-navigation'),
(191,	'2021-12-05 08:56:00',	'2021-12-05 08:56:00',	'header-search'),
(192,	'2021-12-05 08:56:00',	'2021-12-05 08:56:00',	'header-site-title'),
(193,	'2021-12-05 08:56:03',	'2021-12-05 08:56:03',	NULL),
(194,	'2021-12-05 08:56:03',	'2021-12-05 08:56:03',	'services'),
(195,	'2021-12-05 08:56:03',	'2021-12-05 08:56:03',	NULL),
(196,	'2021-12-05 08:56:03',	'2021-12-05 08:56:04',	'portfolio'),
(197,	'2021-12-05 08:56:04',	'2021-12-05 08:56:04',	'team'),
(198,	'2021-12-05 08:56:04',	'2021-12-05 08:56:04',	NULL),
(199,	'2021-12-05 08:56:04',	'2021-12-05 08:56:04',	'blog'),
(200,	'2021-12-05 08:56:04',	'2021-12-05 08:56:04',	'search'),
(201,	'2021-12-05 08:56:04',	'2021-12-05 08:56:04',	'contact'),
(202,	'2021-12-05 08:56:04',	'2021-12-29 16:39:40',	'blank-page'),
(203,	'2021-12-05 08:56:04',	'2021-12-05 08:56:04',	NULL),
(204,	'2021-12-05 08:56:04',	'2021-12-05 08:56:04',	'project-title'),
(205,	'2021-12-05 08:56:04',	'2021-12-05 08:56:04',	'project-title-2'),
(206,	'2021-12-05 08:56:04',	'2021-12-05 08:56:04',	'project-title-3'),
(207,	'2021-12-05 08:56:04',	'2021-12-05 08:56:04',	'project-title-4'),
(208,	'2021-12-05 08:56:04',	'2021-12-05 08:56:04',	'project-title-5'),
(209,	'2021-12-05 08:56:04',	'2021-12-05 08:56:04',	'project-title-6'),
(210,	'2021-12-05 08:56:04',	'2021-12-05 08:56:04',	NULL),
(211,	'2021-12-05 08:56:04',	'2021-12-05 08:56:04',	'hello-world'),
(212,	'2021-12-05 08:56:04',	'2021-12-05 08:56:04',	'another-blog-post'),
(213,	'2021-12-05 08:56:04',	'2021-12-05 08:56:04',	'a-beautiful-blog'),
(214,	'2021-12-05 08:56:04',	'2022-01-04 16:44:34',	'about'),
(215,	'2021-12-05 08:56:05',	'2021-12-05 08:56:05',	'careers'),
(216,	'2021-12-05 08:56:05',	'2021-12-05 08:56:05',	'faq'),
(217,	'2021-12-05 08:56:05',	'2021-12-05 08:56:05',	NULL),
(218,	'2021-12-05 08:56:05',	'2021-12-05 08:56:05',	'web-developer'),
(219,	'2021-12-05 08:56:05',	'2021-12-05 08:56:05',	'sales-associate'),
(220,	'2021-12-05 08:56:05',	'2021-12-05 08:56:05',	NULL),
(221,	'2021-12-05 08:56:05',	'2021-12-05 08:56:05',	NULL),
(222,	'2021-12-05 08:56:05',	'2021-12-05 08:56:05',	NULL),
(224,	'2021-12-08 10:31:52',	'2021-12-08 10:31:52',	'block_order'),
(225,	'2021-12-08 10:31:53',	'2021-12-08 10:31:53',	'block_designer'),
(226,	'2021-12-08 10:31:53',	'2021-12-08 10:31:53',	'block_config'),
(227,	'2021-12-08 10:31:53',	'2021-12-08 10:31:53',	'settings'),
(228,	'2021-12-08 11:01:47',	'2021-12-08 11:01:47',	''),
(229,	'2021-12-08 11:34:58',	'2021-12-08 11:34:58',	''),
(230,	'2021-12-30 16:14:22',	'2022-01-04 14:46:04',	''),
(231,	'2021-12-30 17:25:53',	'2022-01-04 15:34:27',	''),
(232,	'2022-01-01 13:07:42',	'2022-01-01 13:07:42',	NULL),
(233,	'2022-01-04 15:34:37',	'2022-01-04 15:34:37',	NULL);

DROP TABLE IF EXISTS `CollectionSearchIndexAttributes`;
CREATE TABLE `CollectionSearchIndexAttributes` (
  `cID` int(10) unsigned NOT NULL,
  `ak_meta_title` longtext COLLATE utf8mb4_unicode_ci,
  `ak_meta_description` longtext COLLATE utf8mb4_unicode_ci,
  `ak_meta_keywords` longtext COLLATE utf8mb4_unicode_ci,
  `ak_desktop_priority` decimal(14,4) DEFAULT '0.0000',
  `ak_is_desktop` tinyint(1) DEFAULT '0',
  `ak_icon_dashboard` longtext COLLATE utf8mb4_unicode_ci,
  `ak_exclude_nav` tinyint(1) DEFAULT '0',
  `ak_exclude_page_list` tinyint(1) DEFAULT '0',
  `ak_header_extra_content` longtext COLLATE utf8mb4_unicode_ci,
  `ak_tags` longtext COLLATE utf8mb4_unicode_ci,
  `ak_is_featured` tinyint(1) DEFAULT '0',
  `ak_exclude_search_index` tinyint(1) DEFAULT '0',
  `ak_exclude_sitemapxml` tinyint(1) DEFAULT '0',
  `ak_job_posting_department` longtext COLLATE utf8mb4_unicode_ci,
  `ak_job_location` longtext COLLATE utf8mb4_unicode_ci,
  `ak_exclude_subpages_from_nav` tinyint(1) DEFAULT '0',
  `ak_thumbnail` int(11) DEFAULT '0',
  `ak_blog_entry_topics` longtext COLLATE utf8mb4_unicode_ci,
  `ak_project_topics` longtext COLLATE utf8mb4_unicode_ci,
  `ak_project_client` longtext COLLATE utf8mb4_unicode_ci,
  `ak_project_tasks` longtext COLLATE utf8mb4_unicode_ci,
  `ak_project_skills` longtext COLLATE utf8mb4_unicode_ci,
  PRIMARY KEY (`cID`),
  CONSTRAINT `FK_FD84E56FE5DADDAE` FOREIGN KEY (`cID`) REFERENCES `Collections` (`cID`) ON DELETE CASCADE ON UPDATE CASCADE
) ENGINE=InnoDB DEFAULT CHARSET=utf8mb4 COLLATE=utf8mb4_unicode_ci;

INSERT INTO `CollectionSearchIndexAttributes` (`cID`, `ak_meta_title`, `ak_meta_description`, `ak_meta_keywords`, `ak_desktop_priority`, `ak_is_desktop`, `ak_icon_dashboard`, `ak_exclude_nav`, `ak_exclude_page_list`, `ak_header_extra_content`, `ak_tags`, `ak_is_featured`, `ak_exclude_search_index`, `ak_exclude_sitemapxml`, `ak_job_posting_department`, `ak_job_location`, `ak_exclude_subpages_from_nav`, `ak_thumbnail`, `ak_blog_entry_topics`, `ak_project_topics`, `ak_project_client`, `ak_project_tasks`, `ak_project_skills`) VALUES
(1,	NULL,	NULL,	NULL,	0.0000,	0,	NULL,	1,	0,	NULL,	NULL,	0,	0,	0,	NULL,	NULL,	0,	0,	NULL,	NULL,	NULL,	NULL,	NULL),
(2,	NULL,	NULL,	NULL,	0.0000,	0,	'fa fa-th-large',	0,	0,	NULL,	NULL,	0,	0,	0,	NULL,	NULL,	0,	0,	NULL,	NULL,	NULL,	NULL,	NULL),
(3,	NULL,	NULL,	'pages, add page, delete page, copy, move, alias',	0.0000,	0,	NULL,	0,	0,	NULL,	NULL,	0,	0,	0,	NULL,	NULL,	0,	0,	NULL,	NULL,	NULL,	NULL,	NULL),
(4,	NULL,	NULL,	'pages, add page, delete page, copy, move, alias',	0.0000,	0,	NULL,	0,	0,	NULL,	NULL,	0,	0,	0,	NULL,	NULL,	0,	0,	NULL,	NULL,	NULL,	NULL,	NULL),
(5,	NULL,	NULL,	'pages, add page, delete page, copy, move, alias, bulk',	0.0000,	0,	NULL,	0,	0,	NULL,	NULL,	0,	0,	0,	NULL,	NULL,	0,	0,	NULL,	NULL,	NULL,	NULL,	NULL),
(6,	NULL,	NULL,	'find page, search page, search, find, pages, sitemap',	0.0000,	0,	NULL,	0,	0,	NULL,	NULL,	0,	0,	0,	NULL,	NULL,	0,	0,	NULL,	NULL,	NULL,	NULL,	NULL),
(8,	NULL,	NULL,	'add file, delete file, copy, move, alias, resize, crop, rename, images, title, attribute',	0.0000,	0,	NULL,	0,	0,	NULL,	NULL,	0,	0,	0,	NULL,	NULL,	0,	0,	NULL,	NULL,	NULL,	NULL,	NULL),
(9,	NULL,	NULL,	'file, file attributes, title, attribute, description, rename',	0.0000,	0,	NULL,	0,	0,	NULL,	NULL,	0,	0,	0,	NULL,	NULL,	0,	0,	NULL,	NULL,	NULL,	NULL,	NULL),
(10,	NULL,	NULL,	'files, category, categories',	0.0000,	0,	NULL,	0,	0,	NULL,	NULL,	0,	0,	0,	NULL,	NULL,	0,	0,	NULL,	NULL,	NULL,	NULL,	NULL),
(11,	NULL,	NULL,	'new file set',	0.0000,	0,	NULL,	1,	0,	NULL,	NULL,	0,	0,	0,	NULL,	NULL,	0,	0,	NULL,	NULL,	NULL,	NULL,	NULL),
(12,	NULL,	NULL,	'users, groups, people, find, delete user, remove user, change password, password',	0.0000,	0,	NULL,	0,	0,	NULL,	NULL,	0,	0,	0,	NULL,	NULL,	0,	0,	NULL,	NULL,	NULL,	NULL,	NULL),
(13,	NULL,	NULL,	'find, search, people, delete user, remove user, change password, password',	0.0000,	0,	NULL,	0,	0,	NULL,	NULL,	0,	0,	0,	NULL,	NULL,	0,	0,	NULL,	NULL,	NULL,	NULL,	NULL),
(14,	NULL,	NULL,	'user, group, people, permissions, expire, badges',	0.0000,	0,	NULL,	0,	0,	NULL,	NULL,	0,	0,	0,	NULL,	NULL,	0,	0,	NULL,	NULL,	NULL,	NULL,	NULL),
(15,	NULL,	NULL,	'user, group, people, messages',	0.0000,	0,	NULL,	0,	0,	NULL,	NULL,	0,	0,	0,	NULL,	NULL,	0,	0,	NULL,	NULL,	NULL,	NULL,	NULL),
(16,	NULL,	NULL,	'user attributes, user data, gather data, registration data',	0.0000,	0,	NULL,	0,	0,	NULL,	NULL,	0,	0,	0,	NULL,	NULL,	0,	0,	NULL,	NULL,	NULL,	NULL,	NULL),
(17,	NULL,	NULL,	'new user, create',	0.0000,	0,	NULL,	1,	0,	NULL,	NULL,	0,	0,	0,	NULL,	NULL,	0,	0,	NULL,	NULL,	NULL,	NULL,	NULL),
(18,	NULL,	NULL,	'new user group, new group, group, create',	0.0000,	0,	NULL,	1,	0,	NULL,	NULL,	0,	0,	0,	NULL,	NULL,	0,	0,	NULL,	NULL,	NULL,	NULL,	NULL),
(20,	NULL,	NULL,	'group set',	0.0000,	0,	NULL,	0,	0,	NULL,	NULL,	0,	0,	0,	NULL,	NULL,	0,	0,	NULL,	NULL,	NULL,	NULL,	NULL),
(21,	NULL,	NULL,	'community, points, karma',	0.0000,	0,	NULL,	0,	0,	NULL,	NULL,	0,	0,	0,	NULL,	NULL,	0,	0,	NULL,	NULL,	NULL,	NULL,	NULL),
(23,	NULL,	NULL,	'action, community actions',	0.0000,	0,	NULL,	0,	0,	NULL,	NULL,	0,	0,	0,	NULL,	NULL,	0,	0,	NULL,	NULL,	NULL,	NULL,	NULL),
(26,	NULL,	NULL,	'forms, log, error, email, mysql, exception, survey',	0.0000,	0,	NULL,	0,	0,	NULL,	NULL,	0,	0,	0,	NULL,	NULL,	0,	0,	NULL,	NULL,	NULL,	NULL,	NULL),
(27,	NULL,	NULL,	'forms, questions, response, data',	0.0000,	0,	NULL,	0,	0,	NULL,	NULL,	0,	0,	0,	NULL,	NULL,	0,	0,	NULL,	NULL,	NULL,	NULL,	NULL),
(28,	NULL,	NULL,	NULL,	0.0000,	0,	NULL,	1,	0,	NULL,	NULL,	0,	1,	0,	NULL,	NULL,	0,	0,	NULL,	NULL,	NULL,	NULL,	NULL),
(29,	NULL,	NULL,	'questions, quiz, response',	0.0000,	0,	NULL,	0,	0,	NULL,	NULL,	0,	0,	0,	NULL,	NULL,	0,	0,	NULL,	NULL,	NULL,	NULL,	NULL),
(30,	NULL,	NULL,	'forms, log, error, email, mysql, exception, survey, history',	0.0000,	0,	NULL,	0,	0,	NULL,	NULL,	0,	0,	0,	NULL,	NULL,	0,	0,	NULL,	NULL,	NULL,	NULL,	NULL),
(31,	NULL,	NULL,	'changes, csv, report',	0.0000,	0,	NULL,	0,	0,	NULL,	NULL,	0,	0,	0,	NULL,	NULL,	0,	0,	NULL,	NULL,	NULL,	NULL,	NULL),
(33,	NULL,	NULL,	'new theme, theme, active theme, change theme, template, css',	0.0000,	0,	NULL,	0,	0,	NULL,	NULL,	0,	0,	0,	NULL,	NULL,	0,	0,	NULL,	NULL,	NULL,	NULL,	NULL),
(34,	NULL,	NULL,	'page types',	0.0000,	0,	NULL,	1,	0,	NULL,	NULL,	0,	0,	0,	NULL,	NULL,	0,	0,	NULL,	NULL,	NULL,	NULL,	NULL),
(36,	NULL,	NULL,	NULL,	0.0000,	0,	NULL,	1,	0,	NULL,	NULL,	0,	0,	0,	NULL,	NULL,	0,	0,	NULL,	NULL,	NULL,	NULL,	NULL),
(37,	NULL,	NULL,	NULL,	0.0000,	0,	NULL,	1,	0,	NULL,	NULL,	0,	0,	0,	NULL,	NULL,	0,	0,	NULL,	NULL,	NULL,	NULL,	NULL),
(38,	NULL,	NULL,	NULL,	0.0000,	0,	NULL,	1,	0,	NULL,	NULL,	0,	0,	0,	NULL,	NULL,	0,	0,	NULL,	NULL,	NULL,	NULL,	NULL),
(39,	NULL,	NULL,	NULL,	0.0000,	0,	NULL,	1,	0,	NULL,	NULL,	0,	0,	0,	NULL,	NULL,	0,	0,	NULL,	NULL,	NULL,	NULL,	NULL),
(40,	NULL,	NULL,	NULL,	0.0000,	0,	NULL,	1,	0,	NULL,	NULL,	0,	0,	0,	NULL,	NULL,	0,	0,	NULL,	NULL,	NULL,	NULL,	NULL),
(41,	NULL,	NULL,	NULL,	0.0000,	0,	NULL,	1,	0,	NULL,	NULL,	0,	0,	0,	NULL,	NULL,	0,	0,	NULL,	NULL,	NULL,	NULL,	NULL),
(43,	NULL,	NULL,	NULL,	0.0000,	0,	NULL,	1,	0,	NULL,	NULL,	0,	0,	0,	NULL,	NULL,	0,	0,	NULL,	NULL,	NULL,	NULL,	NULL),
(44,	NULL,	NULL,	'page attributes, custom',	0.0000,	0,	NULL,	0,	0,	NULL,	NULL,	0,	0,	0,	NULL,	NULL,	0,	0,	NULL,	NULL,	NULL,	NULL,	NULL),
(45,	NULL,	NULL,	'single, page, custom, application',	0.0000,	0,	NULL,	0,	0,	NULL,	NULL,	0,	0,	0,	NULL,	NULL,	0,	0,	NULL,	NULL,	NULL,	NULL,	NULL),
(46,	NULL,	NULL,	'atom, rss, feed, syndication',	0.0000,	0,	NULL,	0,	0,	NULL,	NULL,	0,	0,	0,	NULL,	NULL,	0,	0,	NULL,	NULL,	NULL,	NULL,	NULL),
(49,	NULL,	NULL,	NULL,	0.0000,	0,	NULL,	1,	0,	NULL,	NULL,	0,	1,	0,	NULL,	NULL,	0,	0,	NULL,	NULL,	NULL,	NULL,	NULL),
(51,	NULL,	NULL,	NULL,	0.0000,	0,	NULL,	1,	0,	NULL,	NULL,	0,	1,	0,	NULL,	NULL,	0,	0,	NULL,	NULL,	NULL,	NULL,	NULL),
(54,	NULL,	NULL,	NULL,	0.0000,	0,	'icon-bullhorn',	0,	0,	NULL,	NULL,	0,	0,	0,	NULL,	NULL,	0,	0,	NULL,	NULL,	NULL,	NULL,	NULL),
(56,	NULL,	NULL,	'stacks, global areas, reusable content, scrapbook, copy, paste, paste block, copy block, site name, logo',	0.0000,	0,	NULL,	0,	0,	NULL,	NULL,	0,	0,	0,	NULL,	NULL,	0,	0,	NULL,	NULL,	NULL,	NULL,	NULL),
(58,	NULL,	NULL,	'edit stacks, view stacks, all stacks',	0.0000,	0,	NULL,	1,	0,	NULL,	NULL,	0,	1,	0,	NULL,	NULL,	0,	0,	NULL,	NULL,	NULL,	NULL,	NULL),
(59,	NULL,	NULL,	'block, refresh, custom',	0.0000,	0,	NULL,	0,	0,	NULL,	NULL,	0,	0,	0,	NULL,	NULL,	0,	0,	NULL,	NULL,	NULL,	NULL,	NULL),
(60,	NULL,	NULL,	'add-on, addon, add on, package, app, ecommerce, discussions, forums, themes, templates, blocks',	0.0000,	0,	NULL,	0,	0,	NULL,	NULL,	0,	0,	0,	NULL,	NULL,	0,	0,	NULL,	NULL,	NULL,	NULL,	NULL),
(61,	NULL,	NULL,	'add-on, addon, ecommerce, install, discussions, forums, themes, templates, blocks',	0.0000,	0,	NULL,	0,	0,	NULL,	NULL,	0,	0,	0,	NULL,	NULL,	0,	0,	NULL,	NULL,	NULL,	NULL,	NULL),
(62,	NULL,	NULL,	'update, upgrade',	0.0000,	0,	NULL,	0,	0,	NULL,	NULL,	0,	0,	0,	NULL,	NULL,	0,	0,	NULL,	NULL,	NULL,	NULL,	NULL),
(63,	NULL,	NULL,	'concretecms.org, my account, marketplace',	0.0000,	0,	NULL,	0,	0,	NULL,	NULL,	0,	0,	0,	NULL,	NULL,	0,	0,	NULL,	NULL,	NULL,	NULL,	NULL),
(64,	NULL,	NULL,	'buy theme, new theme, marketplace, template',	0.0000,	0,	NULL,	0,	0,	NULL,	NULL,	0,	0,	0,	NULL,	NULL,	0,	0,	NULL,	NULL,	NULL,	NULL,	NULL),
(65,	NULL,	NULL,	'buy addon, buy add on, buy add-on, purchase addon, purchase add on, purchase add-on, find addon, new addon, marketplace',	0.0000,	0,	NULL,	0,	0,	NULL,	NULL,	0,	0,	0,	NULL,	NULL,	0,	0,	NULL,	NULL,	NULL,	NULL,	NULL),
(66,	NULL,	NULL,	'dashboard, configuration',	0.0000,	0,	NULL,	0,	0,	NULL,	NULL,	0,	0,	0,	NULL,	NULL,	0,	0,	NULL,	NULL,	NULL,	NULL,	NULL),
(68,	NULL,	NULL,	'website name, title',	0.0000,	0,	NULL,	0,	0,	NULL,	NULL,	0,	0,	0,	NULL,	NULL,	0,	0,	NULL,	NULL,	NULL,	NULL,	NULL),
(69,	NULL,	NULL,	'accessibility, easy mode',	0.0000,	0,	NULL,	0,	0,	NULL,	NULL,	0,	0,	0,	NULL,	NULL,	0,	0,	NULL,	NULL,	NULL,	NULL,	NULL),
(70,	NULL,	NULL,	'sharing, facebook, twitter',	0.0000,	0,	NULL,	0,	0,	NULL,	NULL,	0,	0,	0,	NULL,	NULL,	0,	0,	NULL,	NULL,	NULL,	NULL,	NULL),
(71,	NULL,	NULL,	'logo, favicon, iphone, icon, bookmark',	0.0000,	0,	NULL,	0,	0,	NULL,	NULL,	0,	0,	0,	NULL,	NULL,	0,	0,	NULL,	NULL,	NULL,	NULL,	NULL),
(72,	NULL,	NULL,	'tinymce, content block, fonts, editor, content, overlay',	0.0000,	0,	NULL,	0,	0,	NULL,	NULL,	0,	0,	0,	NULL,	NULL,	0,	0,	NULL,	NULL,	NULL,	NULL,	NULL),
(73,	NULL,	NULL,	'translate, translation, internationalization, multilingual',	0.0000,	0,	NULL,	0,	0,	NULL,	NULL,	0,	0,	0,	NULL,	NULL,	0,	0,	NULL,	NULL,	NULL,	NULL,	NULL),
(74,	NULL,	NULL,	'languages, update, gettext, translation, translate',	0.0000,	0,	NULL,	1,	0,	NULL,	NULL,	0,	0,	0,	NULL,	NULL,	0,	0,	NULL,	NULL,	NULL,	NULL,	NULL),
(75,	NULL,	NULL,	'timezone, profile, locale',	0.0000,	0,	NULL,	0,	0,	NULL,	NULL,	0,	0,	0,	NULL,	NULL,	0,	0,	NULL,	NULL,	NULL,	NULL,	NULL),
(76,	NULL,	NULL,	'site attributes',	0.0000,	0,	NULL,	1,	0,	NULL,	NULL,	0,	1,	0,	NULL,	NULL,	0,	0,	NULL,	NULL,	NULL,	NULL,	NULL),
(77,	NULL,	NULL,	'checkin, check-in, check, force',	0.0000,	0,	NULL,	0,	0,	NULL,	NULL,	0,	0,	0,	NULL,	NULL,	0,	0,	NULL,	NULL,	NULL,	NULL,	NULL),
(80,	NULL,	NULL,	NULL,	0.0000,	0,	NULL,	1,	0,	NULL,	NULL,	0,	1,	0,	NULL,	NULL,	0,	0,	NULL,	NULL,	NULL,	NULL,	NULL),
(81,	NULL,	NULL,	NULL,	0.0000,	0,	NULL,	1,	0,	NULL,	NULL,	0,	1,	0,	NULL,	NULL,	0,	0,	NULL,	NULL,	NULL,	NULL,	NULL),
(82,	NULL,	NULL,	NULL,	0.0000,	0,	NULL,	1,	0,	NULL,	NULL,	0,	1,	0,	NULL,	NULL,	0,	0,	NULL,	NULL,	NULL,	NULL,	NULL),
(83,	NULL,	NULL,	NULL,	0.0000,	0,	NULL,	1,	0,	NULL,	NULL,	0,	1,	0,	NULL,	NULL,	0,	0,	NULL,	NULL,	NULL,	NULL,	NULL),
(84,	NULL,	NULL,	NULL,	0.0000,	0,	NULL,	1,	0,	NULL,	NULL,	0,	1,	0,	NULL,	NULL,	0,	0,	NULL,	NULL,	NULL,	NULL,	NULL),
(90,	NULL,	NULL,	'multilingual, localization, internationalization, i18n',	0.0000,	0,	NULL,	0,	0,	NULL,	NULL,	0,	0,	0,	NULL,	NULL,	0,	0,	NULL,	NULL,	NULL,	NULL,	NULL),
(96,	NULL,	NULL,	'vanity, pretty url, redirection, hostname, canonical, seo, pageview, view',	0.0000,	0,	NULL,	0,	0,	NULL,	NULL,	0,	0,	0,	NULL,	NULL,	0,	0,	NULL,	NULL,	NULL,	NULL,	NULL),
(97,	NULL,	NULL,	'bulk, seo, change keywords, engine, optimization, search',	0.0000,	0,	NULL,	0,	0,	NULL,	NULL,	0,	0,	0,	NULL,	NULL,	0,	0,	NULL,	NULL,	NULL,	NULL,	NULL),
(98,	NULL,	NULL,	'traffic, statistics, google analytics, quant, pageviews, hits',	0.0000,	0,	NULL,	0,	0,	NULL,	NULL,	0,	0,	0,	NULL,	NULL,	0,	0,	NULL,	NULL,	NULL,	NULL,	NULL),
(99,	NULL,	NULL,	'pretty, slug',	0.0000,	0,	NULL,	0,	0,	NULL,	NULL,	0,	0,	0,	NULL,	NULL,	0,	0,	NULL,	NULL,	NULL,	NULL,	NULL),
(100,	NULL,	NULL,	'configure search, site search, search option',	0.0000,	0,	NULL,	0,	0,	NULL,	NULL,	0,	0,	0,	NULL,	NULL,	0,	0,	NULL,	NULL,	NULL,	NULL,	NULL),
(102,	NULL,	NULL,	'security, files, media, extension, manager, upload',	0.0000,	0,	NULL,	0,	0,	NULL,	NULL,	0,	0,	0,	NULL,	NULL,	0,	0,	NULL,	NULL,	NULL,	NULL,	NULL),
(103,	NULL,	NULL,	'file options, file manager, upload, modify',	0.0000,	0,	NULL,	0,	0,	NULL,	NULL,	0,	0,	0,	NULL,	NULL,	0,	0,	NULL,	NULL,	NULL,	NULL,	NULL),
(104,	NULL,	NULL,	'images, picture, responsive, retina',	0.0000,	0,	NULL,	0,	0,	NULL,	NULL,	0,	0,	0,	NULL,	NULL,	0,	0,	NULL,	NULL,	NULL,	NULL,	NULL),
(105,	NULL,	NULL,	'thumbnail, format, png, jpg, jpeg, quality, compression, gd, imagick, imagemagick, transparency',	0.0000,	0,	NULL,	1,	0,	NULL,	NULL,	0,	0,	0,	NULL,	NULL,	0,	0,	NULL,	NULL,	NULL,	NULL,	NULL),
(106,	NULL,	NULL,	'uploading, upload, images, image, resizing, manager, exif, rotation, rotate, quality, compression, png, jpg, jpeg',	0.0000,	0,	NULL,	0,	0,	NULL,	NULL,	0,	0,	0,	NULL,	NULL,	0,	0,	NULL,	NULL,	NULL,	NULL,	NULL),
(107,	NULL,	NULL,	'security, alternate storage, hide files',	0.0000,	0,	NULL,	0,	0,	NULL,	NULL,	0,	0,	0,	NULL,	NULL,	0,	0,	NULL,	NULL,	NULL,	NULL,	NULL),
(108,	NULL,	NULL,	'files, export, csv, bom, encoding',	0.0000,	0,	NULL,	0,	0,	NULL,	NULL,	0,	0,	0,	NULL,	NULL,	0,	0,	NULL,	NULL,	NULL,	NULL,	NULL),
(110,	NULL,	NULL,	'cache option, change cache, override, turn on cache, turn off cache, no cache, page cache, caching',	0.0000,	0,	NULL,	0,	0,	NULL,	NULL,	0,	0,	0,	NULL,	NULL,	0,	0,	NULL,	NULL,	NULL,	NULL,	NULL),
(111,	NULL,	NULL,	'cache option, turn off cache, no cache, page cache, caching',	0.0000,	0,	NULL,	0,	0,	NULL,	NULL,	0,	0,	0,	NULL,	NULL,	0,	0,	NULL,	NULL,	NULL,	NULL,	NULL),
(112,	NULL,	NULL,	'index search, reindex search, build sitemap, sitemap.xml, clear old versions, page versions, remove old',	0.0000,	0,	NULL,	0,	0,	NULL,	NULL,	0,	0,	0,	NULL,	NULL,	0,	0,	NULL,	NULL,	NULL,	NULL,	NULL),
(114,	NULL,	NULL,	'editors, hide site, offline, private, public, access',	0.0000,	0,	NULL,	0,	0,	NULL,	NULL,	0,	0,	0,	NULL,	NULL,	0,	0,	NULL,	NULL,	NULL,	NULL,	NULL),
(115,	NULL,	NULL,	'security, actions, administrator, admin, package, marketplace, search',	0.0000,	0,	NULL,	0,	0,	NULL,	NULL,	0,	0,	0,	NULL,	NULL,	0,	0,	NULL,	NULL,	NULL,	NULL,	NULL),
(119,	NULL,	NULL,	'security, lock ip, lock out, block ip, address, restrict, access',	0.0000,	0,	NULL,	0,	0,	NULL,	NULL,	0,	0,	0,	NULL,	NULL,	0,	0,	NULL,	NULL,	NULL,	NULL,	NULL),
(120,	NULL,	NULL,	NULL,	0.0000,	0,	NULL,	1,	0,	NULL,	NULL,	0,	0,	0,	NULL,	NULL,	0,	0,	NULL,	NULL,	NULL,	NULL,	NULL),
(121,	NULL,	NULL,	NULL,	0.0000,	0,	NULL,	1,	0,	NULL,	NULL,	0,	0,	0,	NULL,	NULL,	0,	0,	NULL,	NULL,	NULL,	NULL,	NULL),
(122,	NULL,	NULL,	'security, registration',	0.0000,	0,	NULL,	0,	0,	NULL,	NULL,	0,	0,	0,	NULL,	NULL,	0,	0,	NULL,	NULL,	NULL,	NULL,	NULL),
(123,	NULL,	NULL,	'antispam, block spam, security',	0.0000,	0,	NULL,	0,	0,	NULL,	NULL,	0,	0,	0,	NULL,	NULL,	0,	0,	NULL,	NULL,	NULL,	NULL,	NULL),
(124,	NULL,	NULL,	'lock site, under construction, hide, hidden',	0.0000,	0,	NULL,	0,	0,	NULL,	NULL,	0,	0,	0,	NULL,	NULL,	0,	0,	NULL,	NULL,	NULL,	NULL,	NULL),
(125,	NULL,	NULL,	'trusted, proxy, proxies, ip, header, cloudflare',	0.0000,	0,	NULL,	0,	0,	NULL,	NULL,	0,	0,	0,	NULL,	NULL,	0,	0,	NULL,	NULL,	NULL,	NULL,	NULL),
(127,	NULL,	NULL,	'signup, new user, community, public registration, public, registration',	0.0000,	0,	NULL,	0,	0,	NULL,	NULL,	0,	0,	0,	NULL,	NULL,	0,	0,	NULL,	NULL,	NULL,	NULL,	NULL),
(128,	NULL,	NULL,	'profile, login, redirect, specific, dashboard, administrators',	0.0000,	0,	NULL,	0,	0,	NULL,	NULL,	0,	0,	0,	NULL,	NULL,	0,	0,	NULL,	NULL,	NULL,	NULL,	NULL),
(129,	NULL,	NULL,	'member profile, member page, community, forums, social, avatar',	0.0000,	0,	NULL,	0,	0,	NULL,	NULL,	0,	0,	0,	NULL,	NULL,	0,	0,	NULL,	NULL,	NULL,	NULL,	NULL),
(130,	NULL,	NULL,	'auth, authentication, types, oauth, facebook, login, registration',	0.0000,	0,	NULL,	0,	0,	NULL,	NULL,	0,	0,	0,	NULL,	NULL,	0,	0,	NULL,	NULL,	NULL,	NULL,	NULL),
(131,	NULL,	NULL,	'global, password, reset, change password, force, sign out',	0.0000,	0,	NULL,	0,	0,	NULL,	NULL,	0,	0,	0,	NULL,	NULL,	0,	0,	NULL,	NULL,	NULL,	NULL,	NULL),
(134,	NULL,	NULL,	'login, logout, user, agent, ip, change, security, session, invalidation, invalid',	0.0000,	0,	NULL,	0,	0,	NULL,	NULL,	0,	0,	0,	NULL,	NULL,	0,	0,	NULL,	NULL,	NULL,	NULL,	NULL),
(135,	NULL,	NULL,	'password, requirements, code, key, login, registration, security, nist',	0.0000,	0,	NULL,	0,	0,	NULL,	NULL,	0,	0,	0,	NULL,	NULL,	0,	0,	NULL,	NULL,	NULL,	NULL,	NULL),
(136,	NULL,	NULL,	'session, options',	0.0000,	0,	NULL,	0,	0,	NULL,	NULL,	0,	0,	0,	NULL,	NULL,	0,	0,	NULL,	NULL,	NULL,	NULL,	NULL),
(137,	NULL,	NULL,	'smtp, mail settings',	0.0000,	0,	NULL,	0,	0,	NULL,	NULL,	0,	0,	0,	NULL,	NULL,	0,	0,	NULL,	NULL,	NULL,	NULL,	NULL),
(138,	NULL,	NULL,	'email server, mail settings, mail configuration, external, internal',	0.0000,	0,	NULL,	0,	0,	NULL,	NULL,	0,	0,	0,	NULL,	NULL,	0,	0,	NULL,	NULL,	NULL,	NULL,	NULL),
(139,	NULL,	NULL,	'test smtp, test mail',	0.0000,	0,	NULL,	0,	0,	NULL,	NULL,	0,	0,	0,	NULL,	NULL,	0,	0,	NULL,	NULL,	NULL,	NULL,	NULL),
(140,	NULL,	NULL,	'email server, mail settings, mail configuration, private message, message system, import, email, message',	0.0000,	0,	NULL,	0,	0,	NULL,	NULL,	0,	0,	0,	NULL,	NULL,	0,	0,	NULL,	NULL,	NULL,	NULL,	NULL),
(141,	NULL,	NULL,	'mail settings, mail configuration, email, sender',	0.0000,	0,	NULL,	0,	0,	NULL,	NULL,	0,	0,	0,	NULL,	NULL,	0,	0,	NULL,	NULL,	NULL,	NULL,	NULL),
(147,	NULL,	NULL,	'conversations',	0.0000,	0,	NULL,	0,	0,	NULL,	NULL,	0,	0,	0,	NULL,	NULL,	0,	0,	NULL,	NULL,	NULL,	NULL,	NULL),
(148,	NULL,	NULL,	'conversations',	0.0000,	0,	NULL,	0,	0,	NULL,	NULL,	0,	0,	0,	NULL,	NULL,	0,	0,	NULL,	NULL,	NULL,	NULL,	NULL),
(149,	NULL,	NULL,	'conversations ratings, ratings, community, community points',	0.0000,	0,	NULL,	0,	0,	NULL,	NULL,	0,	0,	0,	NULL,	NULL,	0,	0,	NULL,	NULL,	NULL,	NULL,	NULL),
(150,	NULL,	NULL,	'conversations bad words, banned words, banned, bad words, bad, words, list',	0.0000,	0,	NULL,	0,	0,	NULL,	NULL,	0,	0,	0,	NULL,	NULL,	0,	0,	NULL,	NULL,	NULL,	NULL,	NULL),
(152,	NULL,	NULL,	'attribute configuration',	0.0000,	0,	NULL,	0,	0,	NULL,	NULL,	0,	0,	0,	NULL,	NULL,	0,	0,	NULL,	NULL,	NULL,	NULL,	NULL),
(153,	NULL,	NULL,	'attributes, types',	0.0000,	0,	NULL,	0,	0,	NULL,	NULL,	0,	0,	0,	NULL,	NULL,	0,	0,	NULL,	NULL,	NULL,	NULL,	NULL),
(154,	NULL,	NULL,	'attributes, sets',	0.0000,	0,	NULL,	0,	0,	NULL,	NULL,	0,	0,	0,	NULL,	NULL,	0,	0,	NULL,	NULL,	NULL,	NULL,	NULL),
(155,	NULL,	NULL,	'topics, tags, taxonomy',	0.0000,	0,	NULL,	0,	0,	NULL,	NULL,	0,	0,	0,	NULL,	NULL,	0,	0,	NULL,	NULL,	NULL,	NULL,	NULL),
(157,	NULL,	NULL,	NULL,	0.0000,	0,	NULL,	0,	0,	NULL,	NULL,	0,	1,	0,	NULL,	NULL,	0,	0,	NULL,	NULL,	NULL,	NULL,	NULL),
(158,	NULL,	NULL,	'overrides, system info, debug, support, help',	0.0000,	0,	NULL,	0,	0,	NULL,	NULL,	0,	0,	0,	NULL,	NULL,	0,	0,	NULL,	NULL,	NULL,	NULL,	NULL),
(159,	NULL,	NULL,	'errors, exceptions, develop, support, help',	0.0000,	0,	NULL,	0,	0,	NULL,	NULL,	0,	0,	0,	NULL,	NULL,	0,	0,	NULL,	NULL,	NULL,	NULL,	NULL),
(160,	NULL,	NULL,	'email, logging, logs, smtp, pop, errors, mysql, log',	0.0000,	0,	NULL,	0,	0,	NULL,	NULL,	0,	0,	0,	NULL,	NULL,	0,	0,	NULL,	NULL,	NULL,	NULL,	NULL),
(161,	NULL,	NULL,	'network, proxy server',	0.0000,	0,	NULL,	0,	0,	NULL,	NULL,	0,	0,	0,	NULL,	NULL,	0,	0,	NULL,	NULL,	NULL,	NULL,	NULL),
(162,	NULL,	NULL,	'database, entities, doctrine, orm',	0.0000,	0,	NULL,	0,	0,	NULL,	NULL,	0,	0,	0,	NULL,	NULL,	0,	0,	NULL,	NULL,	NULL,	NULL,	NULL),
(163,	NULL,	NULL,	'database, character set, charset, collation, utf8',	0.0000,	0,	NULL,	0,	0,	NULL,	NULL,	0,	0,	0,	NULL,	NULL,	0,	0,	NULL,	NULL,	NULL,	NULL,	NULL),
(164,	NULL,	NULL,	'geolocation, ip, address, country, nation, place, locate',	0.0000,	0,	NULL,	0,	0,	NULL,	NULL,	0,	0,	0,	NULL,	NULL,	0,	0,	NULL,	NULL,	NULL,	NULL,	NULL),
(166,	NULL,	NULL,	'upgrade, new version, update',	0.0000,	0,	NULL,	0,	0,	NULL,	NULL,	0,	0,	0,	NULL,	NULL,	0,	0,	NULL,	NULL,	NULL,	NULL,	NULL),
(168,	NULL,	NULL,	'API, programming, public, app',	0.0000,	0,	NULL,	0,	0,	NULL,	NULL,	0,	0,	0,	NULL,	NULL,	0,	0,	NULL,	NULL,	NULL,	NULL,	NULL),
(169,	NULL,	NULL,	NULL,	0.0000,	0,	NULL,	1,	0,	NULL,	NULL,	0,	1,	0,	NULL,	NULL,	0,	0,	NULL,	NULL,	NULL,	NULL,	NULL),
(170,	NULL,	NULL,	NULL,	2.0000,	1,	NULL,	0,	0,	NULL,	NULL,	0,	0,	0,	NULL,	NULL,	0,	0,	NULL,	NULL,	NULL,	NULL,	NULL),
(172,	NULL,	NULL,	NULL,	0.0000,	0,	'fa fa-th',	0,	0,	NULL,	NULL,	0,	0,	0,	NULL,	NULL,	0,	0,	NULL,	NULL,	NULL,	NULL,	NULL),
(174,	NULL,	NULL,	NULL,	0.0000,	0,	'fa fa-trash-o',	0,	0,	NULL,	NULL,	0,	0,	0,	NULL,	NULL,	0,	0,	NULL,	NULL,	NULL,	NULL,	NULL),
(175,	NULL,	NULL,	NULL,	0.0000,	0,	NULL,	0,	0,	NULL,	NULL,	0,	1,	0,	NULL,	NULL,	0,	0,	NULL,	NULL,	NULL,	NULL,	NULL),
(177,	NULL,	NULL,	NULL,	0.0000,	0,	'fa fa-briefcase',	0,	0,	NULL,	NULL,	0,	0,	0,	NULL,	NULL,	0,	0,	NULL,	NULL,	NULL,	NULL,	NULL),
(183,	NULL,	NULL,	NULL,	0.0000,	0,	'fa fa-edit',	0,	0,	NULL,	NULL,	0,	0,	0,	NULL,	NULL,	0,	0,	NULL,	NULL,	NULL,	NULL,	NULL),
(184,	NULL,	NULL,	NULL,	1.0000,	1,	NULL,	1,	0,	NULL,	NULL,	0,	0,	0,	NULL,	NULL,	0,	0,	NULL,	NULL,	NULL,	NULL,	NULL),
(196,	NULL,	NULL,	NULL,	0.0000,	0,	NULL,	0,	0,	NULL,	NULL,	0,	0,	0,	NULL,	NULL,	1,	0,	NULL,	NULL,	NULL,	NULL,	NULL),
(199,	NULL,	NULL,	NULL,	0.0000,	0,	NULL,	0,	0,	NULL,	NULL,	0,	0,	0,	NULL,	NULL,	1,	0,	NULL,	NULL,	NULL,	NULL,	NULL),
(200,	'',	'',	'',	0.0000,	0,	NULL,	1,	0,	'',	NULL,	0,	0,	0,	NULL,	NULL,	0,	0,	NULL,	NULL,	NULL,	NULL,	NULL),
(202,	NULL,	NULL,	NULL,	0.0000,	0,	NULL,	1,	0,	NULL,	NULL,	0,	0,	0,	NULL,	NULL,	0,	0,	NULL,	NULL,	NULL,	NULL,	NULL),
(204,	NULL,	NULL,	NULL,	0.0000,	0,	NULL,	0,	0,	NULL,	NULL,	1,	0,	0,	NULL,	NULL,	0,	7,	NULL,	'||/Homework||',	'Test Client',	'\nArchitecture\nDesign\nProduction\n',	'\nHTML\nJavaScript\nPHP\n'),
(205,	NULL,	NULL,	NULL,	0.0000,	0,	NULL,	0,	0,	NULL,	NULL,	0,	0,	0,	NULL,	NULL,	0,	9,	NULL,	'||/Activities||',	'Test Client',	'\nArchitecture\n',	'\nPHP\n'),
(206,	NULL,	NULL,	NULL,	0.0000,	0,	NULL,	0,	0,	NULL,	NULL,	1,	0,	0,	NULL,	NULL,	0,	16,	NULL,	'||/Homework||',	'Test Client 2',	'\nMultimedia\nProduction\nDevelopment\n',	'\nPHP\nHTML\nCSS\nJavaScript\n'),
(207,	NULL,	NULL,	NULL,	0.0000,	0,	NULL,	0,	0,	NULL,	NULL,	1,	0,	0,	NULL,	NULL,	0,	15,	NULL,	'||/Homework||',	'Test Client 2',	'\nDesign\n',	'\nPhotoshop\n'),
(208,	NULL,	NULL,	NULL,	0.0000,	0,	NULL,	0,	0,	NULL,	NULL,	0,	0,	0,	NULL,	NULL,	0,	12,	NULL,	'||/Homework||',	'Test Client 2',	'\nDesign\n',	'\nPhotoshop\n'),
(209,	NULL,	NULL,	NULL,	0.0000,	0,	NULL,	0,	0,	NULL,	NULL,	0,	0,	0,	NULL,	NULL,	0,	11,	NULL,	'||/Homework||',	'Test Client 2',	'\nDesign\n',	'\nPhotoshop\n'),
(211,	'',	'',	'',	0.0000,	0,	NULL,	0,	0,	'',	NULL,	0,	0,	0,	NULL,	NULL,	0,	3,	'||/Projects||',	NULL,	NULL,	NULL,	NULL),
(212,	NULL,	NULL,	NULL,	0.0000,	0,	NULL,	0,	0,	NULL,	NULL,	0,	0,	0,	NULL,	NULL,	0,	8,	'||/Humor||',	NULL,	NULL,	NULL,	NULL),
(213,	NULL,	NULL,	NULL,	0.0000,	0,	NULL,	0,	0,	NULL,	NULL,	0,	0,	0,	NULL,	NULL,	0,	1,	'||/Projects||',	NULL,	NULL,	NULL,	NULL),
(218,	'',	'',	'',	0.0000,	0,	NULL,	0,	0,	'',	NULL,	0,	0,	0,	'\nTechnical and Operations\n',	'\n                        Lorem ipsum dolor sit amet, consectetur adipiscing elit. Nulla massa lacus, vehicula eu interdum convallis, laoreet id lectus. Nunc turpis elit, aliquam sit amet aliquam tincidunt, dapibus vel tellus. ',	0,	0,	NULL,	NULL,	NULL,	NULL,	NULL),
(219,	'',	'',	'',	0.0000,	0,	NULL,	0,	0,	'',	NULL,	0,	0,	0,	'\nMarketing and Sales\n',	'\n                        Lorem ipsum dolor sit amet, consectetur adipiscing elit. Nulla massa lacus, vehicula eu interdum convallis, laoreet id lectus. Nunc turpis elit, aliquam sit amet aliquam tincidunt, dapibus vel tellus. ',	0,	0,	NULL,	NULL,	NULL,	NULL,	NULL);

DROP TABLE IF EXISTS `CollectionVersionAreaStyles`;
CREATE TABLE `CollectionVersionAreaStyles` (
  `cID` int(10) unsigned NOT NULL DEFAULT '0',
  `cvID` int(10) unsigned NOT NULL DEFAULT '0',
  `arHandle` varchar(255) COLLATE utf8mb4_unicode_ci NOT NULL,
  `issID` int(10) unsigned NOT NULL DEFAULT '0',
  PRIMARY KEY (`cID`,`cvID`,`arHandle`),
  KEY `issID` (`issID`)
) ENGINE=InnoDB DEFAULT CHARSET=utf8mb4 COLLATE=utf8mb4_unicode_ci;

INSERT INTO `CollectionVersionAreaStyles` (`cID`, `cvID`, `arHandle`, `issID`) VALUES
(1,	1,	'Page Footer',	15),
(1,	2,	'Page Footer',	15),
(1,	3,	'Page Footer',	15),
(1,	4,	'Page Footer',	15),
(1,	5,	'Page Footer',	15),
(1,	6,	'Page Footer',	15),
(1,	7,	'Page Footer',	15),
(1,	8,	'Page Footer',	15),
(1,	9,	'Page Footer',	15),
(1,	10,	'Page Footer',	15),
(1,	11,	'Page Footer',	15),
(1,	12,	'Page Footer',	15),
(1,	13,	'Page Footer',	15),
(1,	14,	'Page Footer',	15),
(1,	15,	'Page Footer',	15),
(1,	16,	'Page Footer',	15),
(1,	17,	'Page Footer',	15),
(1,	18,	'Page Footer',	15),
(1,	19,	'Page Footer',	15),
(1,	20,	'Page Footer',	15),
(1,	21,	'Page Footer',	15),
(1,	22,	'Page Footer',	15),
(194,	1,	'Page Footer',	16);

DROP TABLE IF EXISTS `CollectionVersionBlocks`;
CREATE TABLE `CollectionVersionBlocks` (
  `cID` int(10) unsigned NOT NULL DEFAULT '0',
  `cvID` int(10) unsigned NOT NULL DEFAULT '1',
  `bID` int(10) unsigned NOT NULL DEFAULT '0',
  `arHandle` varchar(255) COLLATE utf8mb4_unicode_ci NOT NULL,
  `cbRelationID` int(10) unsigned DEFAULT '0',
  `cbDisplayOrder` int(10) unsigned NOT NULL DEFAULT '0',
  `isOriginal` tinyint(1) NOT NULL DEFAULT '0',
  `cbOverrideAreaPermissions` tinyint(1) NOT NULL DEFAULT '0',
  `cbIncludeAll` tinyint(1) NOT NULL DEFAULT '0',
  `cbOverrideBlockTypeCacheSettings` tinyint(1) NOT NULL DEFAULT '0',
  `cbOverrideBlockTypeContainerSettings` tinyint(1) NOT NULL DEFAULT '0',
  `cbEnableBlockContainer` tinyint(1) NOT NULL DEFAULT '0',
  PRIMARY KEY (`cID`,`cvID`,`bID`,`arHandle`),
  KEY `bID` (`bID`,`cID`),
  KEY `cbRelationID` (`cbRelationID`)
) ENGINE=InnoDB DEFAULT CHARSET=utf8mb4 COLLATE=utf8mb4_unicode_ci;

INSERT INTO `CollectionVersionBlocks` (`cID`, `cvID`, `bID`, `arHandle`, `cbRelationID`, `cbDisplayOrder`, `isOriginal`, `cbOverrideAreaPermissions`, `cbIncludeAll`, `cbOverrideBlockTypeCacheSettings`, `cbOverrideBlockTypeContainerSettings`, `cbEnableBlockContainer`) VALUES
(1,	1,	64,	'Main',	64,	0,	1,	0,	0,	0,	0,	0),
(1,	1,	65,	'Main',	65,	1,	1,	0,	0,	0,	0,	0),
(1,	1,	66,	'Main : 15',	66,	0,	1,	0,	0,	0,	0,	0),
(1,	1,	67,	'Main : 16',	67,	0,	1,	0,	0,	0,	0,	0),
(1,	1,	68,	'Main : 17',	68,	0,	1,	0,	0,	0,	0,	0),
(1,	1,	69,	'Main',	69,	2,	1,	0,	0,	0,	0,	0),
(1,	1,	70,	'Main',	70,	3,	1,	0,	0,	0,	0,	0),
(1,	1,	71,	'Main',	71,	4,	1,	0,	0,	0,	0,	0),
(1,	1,	72,	'Main',	72,	5,	1,	0,	0,	0,	0,	0),
(1,	1,	73,	'Main',	73,	6,	1,	0,	0,	0,	0,	0),
(1,	1,	74,	'Main : 18',	74,	0,	1,	0,	0,	0,	0,	0),
(1,	1,	75,	'Main : 19',	75,	0,	1,	0,	0,	0,	0,	0),
(1,	1,	76,	'Main',	76,	7,	1,	0,	0,	0,	0,	0),
(1,	1,	77,	'Main : 20',	77,	0,	1,	0,	0,	0,	0,	0),
(1,	1,	78,	'Main : 21',	78,	0,	1,	0,	0,	0,	0,	0),
(1,	1,	79,	'Main : 22',	79,	0,	1,	0,	0,	0,	0,	0),
(1,	1,	80,	'Page Footer',	80,	0,	1,	0,	0,	0,	0,	0),
(1,	2,	64,	'Main',	64,	0,	0,	0,	0,	0,	0,	0),
(1,	2,	65,	'Main',	65,	1,	0,	0,	0,	0,	0,	0),
(1,	2,	66,	'Main : 15',	66,	0,	0,	0,	0,	0,	0,	0),
(1,	2,	67,	'Main : 16',	67,	0,	0,	0,	0,	0,	0,	0),
(1,	2,	68,	'Main : 17',	68,	0,	0,	0,	0,	0,	0,	0),
(1,	2,	69,	'Main',	69,	2,	0,	0,	0,	0,	0,	0),
(1,	2,	70,	'Main',	70,	3,	0,	0,	0,	0,	0,	0),
(1,	2,	71,	'Main',	71,	4,	0,	0,	0,	0,	0,	0),
(1,	2,	72,	'Main',	72,	5,	0,	0,	0,	0,	0,	0),
(1,	2,	73,	'Main',	73,	6,	0,	0,	0,	0,	0,	0),
(1,	2,	74,	'Main : 18',	74,	0,	0,	0,	0,	0,	0,	0),
(1,	2,	75,	'Main : 19',	75,	0,	0,	0,	0,	0,	0,	0),
(1,	2,	76,	'Main',	76,	7,	0,	0,	0,	0,	0,	0),
(1,	2,	77,	'Main : 20',	77,	0,	0,	0,	0,	0,	0,	0),
(1,	2,	78,	'Main : 21',	78,	0,	0,	0,	0,	0,	0,	0),
(1,	2,	79,	'Main : 22',	79,	0,	0,	0,	0,	0,	0,	0),
(1,	2,	80,	'Page Footer',	80,	0,	0,	0,	0,	0,	0,	0),
(1,	3,	64,	'Main',	64,	0,	0,	0,	0,	0,	0,	0),
(1,	3,	65,	'Main',	65,	1,	0,	0,	0,	0,	0,	0),
(1,	3,	66,	'Main : 15',	66,	0,	0,	0,	0,	0,	0,	0),
(1,	3,	67,	'Main : 16',	67,	0,	0,	0,	0,	0,	0,	0),
(1,	3,	68,	'Main : 17',	68,	0,	0,	0,	0,	0,	0,	0),
(1,	3,	69,	'Main',	69,	2,	0,	0,	0,	0,	0,	0),
(1,	3,	70,	'Main',	70,	3,	0,	0,	0,	0,	0,	0),
(1,	3,	71,	'Main',	71,	4,	0,	0,	0,	0,	0,	0),
(1,	3,	72,	'Main',	72,	5,	0,	0,	0,	0,	0,	0),
(1,	3,	73,	'Main',	73,	6,	0,	0,	0,	0,	0,	0),
(1,	3,	74,	'Main : 18',	74,	0,	0,	0,	0,	0,	0,	0),
(1,	3,	75,	'Main : 19',	75,	0,	0,	0,	0,	0,	0,	0),
(1,	3,	76,	'Main',	76,	7,	0,	0,	0,	0,	0,	0),
(1,	3,	77,	'Main : 20',	77,	0,	0,	0,	0,	0,	0,	0),
(1,	3,	78,	'Main : 21',	78,	0,	0,	0,	0,	0,	0,	0),
(1,	3,	79,	'Main : 22',	79,	0,	0,	0,	0,	0,	0,	0),
(1,	3,	80,	'Page Footer',	80,	0,	0,	0,	0,	0,	0,	0),
(1,	3,	193,	'Services',	184,	0,	1,	0,	0,	0,	0,	0),
(1,	3,	194,	'Services : 54',	185,	0,	1,	0,	0,	0,	0,	0),
(1,	3,	195,	'Services : 55',	186,	0,	1,	0,	0,	0,	0,	0),
(1,	3,	196,	'Services : 56',	187,	0,	1,	0,	0,	0,	0,	0),
(1,	4,	64,	'Main',	64,	0,	0,	0,	0,	0,	0,	0),
(1,	4,	65,	'Main',	65,	1,	0,	0,	0,	0,	0,	0),
(1,	4,	66,	'Main : 15',	66,	0,	0,	0,	0,	0,	0,	0),
(1,	4,	67,	'Main : 16',	67,	0,	0,	0,	0,	0,	0,	0),
(1,	4,	68,	'Main : 17',	68,	0,	0,	0,	0,	0,	0,	0),
(1,	4,	69,	'Main',	69,	2,	0,	0,	0,	0,	0,	0),
(1,	4,	70,	'Main',	70,	3,	0,	0,	0,	0,	0,	0),
(1,	4,	71,	'Main',	71,	4,	0,	0,	0,	0,	0,	0),
(1,	4,	72,	'Main',	72,	5,	0,	0,	0,	0,	0,	0),
(1,	4,	73,	'Main',	73,	6,	0,	0,	0,	0,	0,	0),
(1,	4,	74,	'Main : 18',	74,	0,	0,	0,	0,	0,	0,	0),
(1,	4,	75,	'Main : 19',	75,	0,	0,	0,	0,	0,	0,	0),
(1,	4,	76,	'Main',	76,	7,	0,	0,	0,	0,	0,	0),
(1,	4,	77,	'Main : 20',	77,	0,	0,	0,	0,	0,	0,	0),
(1,	4,	78,	'Main : 21',	78,	0,	0,	0,	0,	0,	0,	0),
(1,	4,	79,	'Main : 22',	79,	0,	0,	0,	0,	0,	0,	0),
(1,	4,	80,	'Page Footer',	80,	0,	0,	0,	0,	0,	0,	0),
(1,	4,	193,	'Services',	184,	0,	0,	0,	0,	0,	0,	0),
(1,	4,	194,	'Services : 54',	185,	0,	0,	0,	0,	0,	0,	0),
(1,	4,	195,	'Services : 55',	186,	0,	0,	0,	0,	0,	0,	0),
(1,	4,	196,	'Services : 56',	187,	0,	0,	0,	0,	0,	0,	0),
(1,	4,	197,	'Program',	188,	1,	1,	0,	0,	0,	0,	0),
(1,	4,	198,	'Program : 57',	189,	0,	1,	0,	0,	0,	0,	0),
(1,	4,	199,	'Program : 57 : 58 : 61',	190,	0,	1,	0,	0,	0,	0,	0),
(1,	4,	200,	'Program : 57',	191,	2,	1,	0,	0,	0,	0,	0),
(1,	4,	201,	'Program : 57 : 58',	192,	0,	1,	0,	0,	0,	0,	0),
(1,	4,	202,	'Program : 57 : 58 : 62',	193,	0,	1,	0,	0,	0,	0,	0),
(1,	5,	64,	'Main',	64,	0,	0,	0,	0,	0,	0,	0),
(1,	5,	65,	'Main',	65,	1,	0,	0,	0,	0,	0,	0),
(1,	5,	66,	'Main : 15',	66,	0,	0,	0,	0,	0,	0,	0),
(1,	5,	67,	'Main : 16',	67,	0,	0,	0,	0,	0,	0,	0),
(1,	5,	68,	'Main : 17',	68,	0,	0,	0,	0,	0,	0,	0),
(1,	5,	69,	'Main',	69,	2,	0,	0,	0,	0,	0,	0),
(1,	5,	70,	'Main',	70,	3,	0,	0,	0,	0,	0,	0),
(1,	5,	71,	'Main',	71,	4,	0,	0,	0,	0,	0,	0),
(1,	5,	72,	'Main',	72,	5,	0,	0,	0,	0,	0,	0),
(1,	5,	73,	'Main',	73,	6,	0,	0,	0,	0,	0,	0),
(1,	5,	74,	'Main : 18',	74,	0,	0,	0,	0,	0,	0,	0),
(1,	5,	75,	'Main : 19',	75,	0,	0,	0,	0,	0,	0,	0),
(1,	5,	76,	'Main',	76,	7,	0,	0,	0,	0,	0,	0),
(1,	5,	77,	'Main : 20',	77,	0,	0,	0,	0,	0,	0,	0),
(1,	5,	78,	'Main : 21',	78,	0,	0,	0,	0,	0,	0,	0),
(1,	5,	79,	'Main : 22',	79,	0,	0,	0,	0,	0,	0,	0),
(1,	5,	80,	'Page Footer',	80,	0,	0,	0,	0,	0,	0,	0),
(1,	5,	193,	'Services',	184,	0,	0,	0,	0,	0,	0,	0),
(1,	5,	194,	'Services : 54',	185,	0,	0,	0,	0,	0,	0,	0),
(1,	5,	195,	'Services : 55',	186,	0,	0,	0,	0,	0,	0,	0),
(1,	5,	196,	'Services : 56',	187,	0,	0,	0,	0,	0,	0,	0),
(1,	5,	197,	'Program',	188,	1,	0,	0,	0,	0,	0,	0),
(1,	5,	198,	'Program : 57',	189,	0,	0,	0,	0,	0,	0,	0),
(1,	5,	199,	'Program : 57 : 59',	190,	0,	0,	0,	0,	0,	0,	0),
(1,	5,	200,	'Program : 57',	191,	2,	0,	0,	0,	0,	0,	0),
(1,	5,	201,	'Program : 57 : 58',	192,	0,	0,	0,	0,	0,	0,	0),
(1,	5,	202,	'Program : 57 : 60',	193,	0,	0,	0,	0,	0,	0,	0),
(1,	6,	64,	'Main',	64,	0,	0,	0,	0,	0,	0,	0),
(1,	6,	65,	'Main',	65,	1,	0,	0,	0,	0,	0,	0),
(1,	6,	66,	'Main : 15',	66,	0,	0,	0,	0,	0,	0,	0),
(1,	6,	67,	'Main : 16',	67,	0,	0,	0,	0,	0,	0,	0),
(1,	6,	68,	'Main : 17',	68,	0,	0,	0,	0,	0,	0,	0),
(1,	6,	69,	'Main',	69,	2,	0,	0,	0,	0,	0,	0),
(1,	6,	70,	'Main',	70,	3,	0,	0,	0,	0,	0,	0),
(1,	6,	71,	'Main',	71,	4,	0,	0,	0,	0,	0,	0),
(1,	6,	72,	'Main',	72,	5,	0,	0,	0,	0,	0,	0),
(1,	6,	73,	'Main',	73,	6,	0,	0,	0,	0,	0,	0),
(1,	6,	74,	'Main : 18',	74,	0,	0,	0,	0,	0,	0,	0),
(1,	6,	75,	'Main : 19',	75,	0,	0,	0,	0,	0,	0,	0),
(1,	6,	76,	'Main',	76,	7,	0,	0,	0,	0,	0,	0),
(1,	6,	77,	'Main : 20',	77,	0,	0,	0,	0,	0,	0,	0),
(1,	6,	78,	'Main : 21',	78,	0,	0,	0,	0,	0,	0,	0),
(1,	6,	79,	'Main : 22',	79,	0,	0,	0,	0,	0,	0,	0),
(1,	6,	80,	'Page Footer',	80,	0,	0,	0,	0,	0,	0,	0),
(1,	6,	193,	'Services',	184,	0,	0,	0,	0,	0,	0,	0),
(1,	6,	194,	'Services : 54',	185,	0,	0,	0,	0,	0,	0,	0),
(1,	6,	195,	'Services : 55',	186,	0,	0,	0,	0,	0,	0,	0),
(1,	6,	196,	'Services : 56',	187,	0,	0,	0,	0,	0,	0,	0),
(1,	6,	199,	'Program',	190,	0,	0,	0,	0,	0,	0,	0),
(1,	6,	201,	'Program : 57 : 58',	192,	0,	0,	0,	0,	0,	0,	0),
(1,	6,	202,	'Program : 57 : 60',	193,	0,	0,	0,	0,	0,	0,	0),
(1,	7,	64,	'Main',	64,	0,	0,	0,	0,	0,	0,	0),
(1,	7,	65,	'Main',	65,	1,	0,	0,	0,	0,	0,	0),
(1,	7,	66,	'Main : 15',	66,	0,	0,	0,	0,	0,	0,	0),
(1,	7,	67,	'Main : 16',	67,	0,	0,	0,	0,	0,	0,	0),
(1,	7,	68,	'Main : 17',	68,	0,	0,	0,	0,	0,	0,	0),
(1,	7,	69,	'Main',	69,	2,	0,	0,	0,	0,	0,	0),
(1,	7,	70,	'Main',	70,	3,	0,	0,	0,	0,	0,	0),
(1,	7,	71,	'Main',	71,	4,	0,	0,	0,	0,	0,	0),
(1,	7,	72,	'Main',	72,	5,	0,	0,	0,	0,	0,	0),
(1,	7,	73,	'Main',	73,	6,	0,	0,	0,	0,	0,	0),
(1,	7,	74,	'Main : 18',	74,	0,	0,	0,	0,	0,	0,	0),
(1,	7,	75,	'Main : 19',	75,	0,	0,	0,	0,	0,	0,	0),
(1,	7,	76,	'Main',	76,	7,	0,	0,	0,	0,	0,	0),
(1,	7,	77,	'Main : 20',	77,	0,	0,	0,	0,	0,	0,	0),
(1,	7,	78,	'Main : 21',	78,	0,	0,	0,	0,	0,	0,	0),
(1,	7,	79,	'Main : 22',	79,	0,	0,	0,	0,	0,	0,	0),
(1,	7,	80,	'Page Footer',	80,	0,	0,	0,	0,	0,	0,	0),
(1,	7,	193,	'Services',	184,	0,	0,	0,	0,	0,	0,	0),
(1,	7,	194,	'Services : 54',	185,	0,	0,	0,	0,	0,	0,	0),
(1,	7,	195,	'Services : 55',	186,	0,	0,	0,	0,	0,	0,	0),
(1,	7,	196,	'Services : 56',	187,	0,	0,	0,	0,	0,	0,	0),
(1,	7,	199,	'Program',	190,	0,	0,	0,	0,	0,	0,	0),
(1,	7,	201,	'Program : 57 : 58',	192,	0,	0,	0,	0,	0,	0,	0),
(1,	7,	202,	'Program : 57 : 60',	193,	0,	0,	0,	0,	0,	0,	0),
(1,	7,	220,	'countdown',	201,	0,	1,	0,	0,	0,	0,	0),
(1,	7,	221,	'countdown : 67',	202,	0,	1,	0,	0,	0,	0,	0),
(1,	8,	64,	'Main',	64,	0,	0,	0,	0,	0,	0,	0),
(1,	8,	65,	'Main',	65,	1,	0,	0,	0,	0,	0,	0),
(1,	8,	66,	'Main : 15',	66,	0,	0,	0,	0,	0,	0,	0),
(1,	8,	67,	'Main : 16',	67,	0,	0,	0,	0,	0,	0,	0),
(1,	8,	68,	'Main : 17',	68,	0,	0,	0,	0,	0,	0,	0),
(1,	8,	69,	'Main',	69,	2,	0,	0,	0,	0,	0,	0),
(1,	8,	70,	'Main',	70,	3,	0,	0,	0,	0,	0,	0),
(1,	8,	71,	'Main',	71,	4,	0,	0,	0,	0,	0,	0),
(1,	8,	72,	'Main',	72,	5,	0,	0,	0,	0,	0,	0),
(1,	8,	73,	'Main',	73,	6,	0,	0,	0,	0,	0,	0),
(1,	8,	74,	'Main : 18',	74,	0,	0,	0,	0,	0,	0,	0),
(1,	8,	75,	'Main : 19',	75,	0,	0,	0,	0,	0,	0,	0),
(1,	8,	76,	'Main',	76,	7,	0,	0,	0,	0,	0,	0),
(1,	8,	77,	'Main : 20',	77,	0,	0,	0,	0,	0,	0,	0),
(1,	8,	78,	'Main : 21',	78,	0,	0,	0,	0,	0,	0,	0),
(1,	8,	79,	'Main : 22',	79,	0,	0,	0,	0,	0,	0,	0),
(1,	8,	80,	'Page Footer',	80,	0,	0,	0,	0,	0,	0,	0),
(1,	8,	193,	'Services',	184,	0,	0,	0,	0,	0,	0,	0),
(1,	8,	194,	'Services : 54',	185,	0,	0,	0,	0,	0,	0,	0),
(1,	8,	195,	'Services : 55',	186,	0,	0,	0,	0,	0,	0,	0),
(1,	8,	196,	'Services : 56',	187,	0,	0,	0,	0,	0,	0,	0),
(1,	8,	199,	'Program',	190,	0,	0,	0,	0,	0,	0,	0),
(1,	8,	201,	'Program : 57 : 58',	192,	0,	0,	0,	0,	0,	0,	0),
(1,	8,	202,	'Program : 57 : 60',	193,	0,	0,	0,	0,	0,	0,	0),
(1,	8,	220,	'countdown',	201,	0,	0,	0,	0,	0,	0,	0),
(1,	8,	221,	'countdown : 67',	202,	0,	0,	0,	0,	0,	0,	0),
(1,	8,	222,	'Message',	203,	0,	1,	0,	0,	0,	0,	0),
(1,	8,	223,	'Message',	204,	1,	1,	0,	0,	0,	0,	0),
(1,	8,	224,	'Message : 68',	205,	0,	1,	0,	0,	0,	0,	0),
(1,	8,	225,	'Message : 69',	206,	0,	1,	0,	0,	0,	0,	0),
(1,	9,	64,	'Main',	64,	0,	0,	0,	0,	0,	0,	0),
(1,	9,	65,	'Main',	65,	1,	0,	0,	0,	0,	0,	0),
(1,	9,	66,	'Main : 15',	66,	0,	0,	0,	0,	0,	0,	0),
(1,	9,	67,	'Main : 16',	67,	0,	0,	0,	0,	0,	0,	0),
(1,	9,	68,	'Main : 17',	68,	0,	0,	0,	0,	0,	0,	0),
(1,	9,	69,	'Main',	69,	2,	0,	0,	0,	0,	0,	0),
(1,	9,	70,	'Main',	70,	3,	0,	0,	0,	0,	0,	0),
(1,	9,	71,	'Main',	71,	4,	0,	0,	0,	0,	0,	0),
(1,	9,	72,	'Main',	72,	5,	0,	0,	0,	0,	0,	0),
(1,	9,	73,	'Main',	73,	6,	0,	0,	0,	0,	0,	0),
(1,	9,	74,	'Main : 18',	74,	0,	0,	0,	0,	0,	0,	0),
(1,	9,	75,	'Main : 19',	75,	0,	0,	0,	0,	0,	0,	0),
(1,	9,	76,	'Main',	76,	7,	0,	0,	0,	0,	0,	0),
(1,	9,	77,	'Main : 20',	77,	0,	0,	0,	0,	0,	0,	0),
(1,	9,	78,	'Main : 21',	78,	0,	0,	0,	0,	0,	0,	0),
(1,	9,	79,	'Main : 22',	79,	0,	0,	0,	0,	0,	0,	0),
(1,	9,	80,	'Page Footer',	80,	0,	0,	0,	0,	0,	0,	0),
(1,	9,	193,	'Services',	184,	0,	0,	0,	0,	0,	0,	0),
(1,	9,	194,	'Services : 54',	185,	0,	0,	0,	0,	0,	0,	0),
(1,	9,	195,	'Services : 55',	186,	0,	0,	0,	0,	0,	0,	0),
(1,	9,	196,	'Services : 56',	187,	0,	0,	0,	0,	0,	0,	0),
(1,	9,	199,	'Program',	190,	0,	0,	0,	0,	0,	0,	0),
(1,	9,	201,	'Program : 57 : 58',	192,	0,	0,	0,	0,	0,	0,	0),
(1,	9,	202,	'Program : 57 : 60',	193,	0,	0,	0,	0,	0,	0,	0),
(1,	9,	220,	'countdown',	201,	0,	0,	0,	0,	0,	0,	0),
(1,	9,	221,	'countdown : 67',	202,	0,	0,	0,	0,	0,	0,	0),
(1,	9,	222,	'Message',	203,	0,	0,	0,	0,	0,	0,	0),
(1,	9,	223,	'Message',	204,	1,	0,	0,	0,	0,	0,	0),
(1,	9,	224,	'Message : 68',	205,	0,	0,	0,	0,	0,	0,	0),
(1,	9,	225,	'Message : 69',	206,	0,	0,	0,	0,	0,	0,	0),
(1,	9,	227,	'Message : 68',	207,	1,	1,	0,	0,	0,	0,	0),
(1,	9,	228,	'Message : 68 : 70',	208,	0,	1,	0,	0,	0,	0,	0),
(1,	10,	64,	'Main',	64,	0,	0,	0,	0,	0,	0,	0),
(1,	10,	65,	'Main',	65,	1,	0,	0,	0,	0,	0,	0),
(1,	10,	66,	'Main : 15',	66,	0,	0,	0,	0,	0,	0,	0),
(1,	10,	67,	'Main : 16',	67,	0,	0,	0,	0,	0,	0,	0),
(1,	10,	68,	'Main : 17',	68,	0,	0,	0,	0,	0,	0,	0),
(1,	10,	69,	'Main',	69,	2,	0,	0,	0,	0,	0,	0),
(1,	10,	70,	'Main',	70,	3,	0,	0,	0,	0,	0,	0),
(1,	10,	71,	'Main',	71,	4,	0,	0,	0,	0,	0,	0),
(1,	10,	72,	'Main',	72,	5,	0,	0,	0,	0,	0,	0),
(1,	10,	73,	'Main',	73,	6,	0,	0,	0,	0,	0,	0),
(1,	10,	74,	'Main : 18',	74,	0,	0,	0,	0,	0,	0,	0),
(1,	10,	75,	'Main : 19',	75,	0,	0,	0,	0,	0,	0,	0),
(1,	10,	76,	'Main',	76,	7,	0,	0,	0,	0,	0,	0),
(1,	10,	77,	'Main : 20',	77,	0,	0,	0,	0,	0,	0,	0),
(1,	10,	78,	'Main : 21',	78,	0,	0,	0,	0,	0,	0,	0),
(1,	10,	79,	'Main : 22',	79,	0,	0,	0,	0,	0,	0,	0),
(1,	10,	80,	'Page Footer',	80,	0,	0,	0,	0,	0,	0,	0),
(1,	10,	193,	'Services',	184,	0,	0,	0,	0,	0,	0,	0),
(1,	10,	194,	'Services : 54',	185,	0,	0,	0,	0,	0,	0,	0),
(1,	10,	195,	'Services : 55',	186,	0,	0,	0,	0,	0,	0,	0),
(1,	10,	196,	'Services : 56',	187,	0,	0,	0,	0,	0,	0,	0),
(1,	10,	199,	'Program',	190,	0,	0,	0,	0,	0,	0,	0),
(1,	10,	201,	'Program : 57 : 58',	192,	0,	0,	0,	0,	0,	0,	0),
(1,	10,	202,	'Program : 57 : 60',	193,	0,	0,	0,	0,	0,	0,	0),
(1,	10,	220,	'countdown',	201,	0,	0,	0,	0,	0,	0,	0),
(1,	10,	221,	'countdown : 67',	202,	0,	0,	0,	0,	0,	0,	0),
(1,	10,	222,	'Message',	203,	0,	0,	0,	0,	0,	0,	0),
(1,	10,	223,	'Message',	204,	1,	0,	0,	0,	0,	0,	0),
(1,	10,	224,	'Message : 68',	205,	0,	0,	0,	0,	0,	0,	0),
(1,	10,	225,	'Message : 69',	206,	0,	0,	0,	0,	0,	0,	0),
(1,	10,	227,	'Message : 68',	207,	1,	0,	0,	0,	0,	0,	0),
(1,	10,	228,	'Message : 68 : 70',	208,	0,	0,	0,	0,	0,	0,	0),
(1,	10,	229,	'expect1',	209,	0,	1,	0,	0,	0,	0,	0),
(1,	10,	230,	'expect2',	210,	0,	1,	0,	0,	0,	0,	0),
(1,	10,	232,	'expect4',	212,	0,	1,	0,	0,	0,	0,	0),
(1,	10,	233,	'expect3',	213,	0,	1,	0,	0,	0,	0,	0),
(1,	11,	64,	'Main',	64,	0,	0,	0,	0,	0,	0,	0),
(1,	11,	65,	'Main',	65,	1,	0,	0,	0,	0,	0,	0),
(1,	11,	66,	'Main : 15',	66,	0,	0,	0,	0,	0,	0,	0),
(1,	11,	67,	'Main : 16',	67,	0,	0,	0,	0,	0,	0,	0),
(1,	11,	68,	'Main : 17',	68,	0,	0,	0,	0,	0,	0,	0),
(1,	11,	69,	'Main',	69,	2,	0,	0,	0,	0,	0,	0),
(1,	11,	70,	'Main',	70,	3,	0,	0,	0,	0,	0,	0),
(1,	11,	71,	'Main',	71,	4,	0,	0,	0,	0,	0,	0),
(1,	11,	72,	'Main',	72,	5,	0,	0,	0,	0,	0,	0),
(1,	11,	73,	'Main',	73,	6,	0,	0,	0,	0,	0,	0),
(1,	11,	74,	'Main : 18',	74,	0,	0,	0,	0,	0,	0,	0),
(1,	11,	75,	'Main : 19',	75,	0,	0,	0,	0,	0,	0,	0),
(1,	11,	76,	'Main',	76,	7,	0,	0,	0,	0,	0,	0),
(1,	11,	77,	'Main : 20',	77,	0,	0,	0,	0,	0,	0,	0),
(1,	11,	78,	'Main : 21',	78,	0,	0,	0,	0,	0,	0,	0),
(1,	11,	79,	'Main : 22',	79,	0,	0,	0,	0,	0,	0,	0),
(1,	11,	80,	'Page Footer',	80,	0,	0,	0,	0,	0,	0,	0),
(1,	11,	193,	'Services',	184,	0,	0,	0,	0,	0,	0,	0),
(1,	11,	194,	'Services : 54',	185,	0,	0,	0,	0,	0,	0,	0),
(1,	11,	195,	'Services : 55',	186,	0,	0,	0,	0,	0,	0,	0),
(1,	11,	196,	'Services : 56',	187,	0,	0,	0,	0,	0,	0,	0),
(1,	11,	199,	'Program',	190,	0,	0,	0,	0,	0,	0,	0),
(1,	11,	201,	'Program : 57 : 58',	192,	0,	0,	0,	0,	0,	0,	0),
(1,	11,	202,	'Program : 57 : 60',	193,	0,	0,	0,	0,	0,	0,	0),
(1,	11,	220,	'countdown',	201,	0,	0,	0,	0,	0,	0,	0),
(1,	11,	221,	'countdown : 67',	202,	0,	0,	0,	0,	0,	0,	0),
(1,	11,	222,	'Message',	203,	0,	0,	0,	0,	0,	0,	0),
(1,	11,	223,	'Message',	204,	1,	0,	0,	0,	0,	0,	0),
(1,	11,	224,	'Message : 68',	205,	0,	0,	0,	0,	0,	0,	0),
(1,	11,	225,	'Message : 69',	206,	0,	0,	0,	0,	0,	0,	0),
(1,	11,	227,	'Message : 68',	207,	1,	0,	0,	0,	0,	0,	0),
(1,	11,	228,	'Message : 68 : 70',	208,	0,	0,	0,	0,	0,	0,	0),
(1,	11,	244,	'Message : 68',	214,	2,	1,	0,	0,	0,	0,	0),
(1,	11,	259,	'expect2',	217,	0,	1,	0,	0,	0,	0,	0),
(1,	11,	261,	'expect1',	219,	0,	1,	0,	0,	0,	0,	0),
(1,	11,	262,	'expect4',	220,	0,	1,	0,	0,	0,	0,	0),
(1,	11,	263,	'expect3',	221,	0,	1,	0,	0,	0,	0,	0),
(1,	12,	64,	'Main',	64,	0,	0,	0,	0,	0,	0,	0),
(1,	12,	65,	'Main',	65,	1,	0,	0,	0,	0,	0,	0),
(1,	12,	66,	'Main : 15',	66,	0,	0,	0,	0,	0,	0,	0),
(1,	12,	67,	'Main : 16',	67,	0,	0,	0,	0,	0,	0,	0),
(1,	12,	68,	'Main : 17',	68,	0,	0,	0,	0,	0,	0,	0),
(1,	12,	69,	'Main',	69,	2,	0,	0,	0,	0,	0,	0),
(1,	12,	70,	'Main',	70,	3,	0,	0,	0,	0,	0,	0),
(1,	12,	71,	'Main',	71,	4,	0,	0,	0,	0,	0,	0),
(1,	12,	72,	'Main',	72,	5,	0,	0,	0,	0,	0,	0),
(1,	12,	73,	'Main',	73,	6,	0,	0,	0,	0,	0,	0),
(1,	12,	74,	'Main : 18',	74,	0,	0,	0,	0,	0,	0,	0),
(1,	12,	75,	'Main : 19',	75,	0,	0,	0,	0,	0,	0,	0),
(1,	12,	76,	'Main',	76,	7,	0,	0,	0,	0,	0,	0),
(1,	12,	77,	'Main : 20',	77,	0,	0,	0,	0,	0,	0,	0),
(1,	12,	78,	'Main : 21',	78,	0,	0,	0,	0,	0,	0,	0),
(1,	12,	79,	'Main : 22',	79,	0,	0,	0,	0,	0,	0,	0),
(1,	12,	80,	'Page Footer',	80,	0,	0,	0,	0,	0,	0,	0),
(1,	12,	193,	'Services',	184,	0,	0,	0,	0,	0,	0,	0),
(1,	12,	194,	'Services : 54',	185,	0,	0,	0,	0,	0,	0,	0),
(1,	12,	195,	'Services : 55',	186,	0,	0,	0,	0,	0,	0,	0),
(1,	12,	196,	'Services : 56',	187,	0,	0,	0,	0,	0,	0,	0),
(1,	12,	199,	'Program',	190,	0,	0,	0,	0,	0,	0,	0),
(1,	12,	201,	'Program : 57 : 58',	192,	0,	0,	0,	0,	0,	0,	0),
(1,	12,	202,	'Program : 57 : 60',	193,	0,	0,	0,	0,	0,	0,	0),
(1,	12,	220,	'countdown',	201,	0,	0,	0,	0,	0,	0,	0),
(1,	12,	221,	'countdown : 67',	202,	0,	0,	0,	0,	0,	0,	0),
(1,	12,	222,	'Message',	203,	0,	0,	0,	0,	0,	0,	0),
(1,	12,	223,	'Message',	204,	1,	0,	0,	0,	0,	0,	0),
(1,	12,	224,	'Message : 68',	205,	0,	0,	0,	0,	0,	0,	0),
(1,	12,	225,	'Message : 69',	206,	0,	0,	0,	0,	0,	0,	0),
(1,	12,	227,	'Message : 68',	207,	1,	0,	0,	0,	0,	0,	0),
(1,	12,	228,	'Message : 68 : 70',	208,	0,	0,	0,	0,	0,	0,	0),
(1,	12,	244,	'Message : 68',	214,	2,	0,	0,	0,	0,	0,	0),
(1,	12,	259,	'expect2',	217,	0,	0,	0,	0,	0,	0,	0),
(1,	12,	261,	'expect1',	219,	0,	0,	0,	0,	0,	0,	0),
(1,	12,	262,	'expect4',	220,	0,	0,	0,	0,	0,	0,	0),
(1,	12,	263,	'expect3',	221,	0,	0,	0,	0,	0,	0,	0),
(1,	12,	265,	'expect text area',	222,	0,	1,	0,	0,	0,	0,	0),
(1,	12,	266,	'expect text area',	223,	1,	1,	0,	0,	0,	0,	0),
(1,	12,	267,	'expect text area : 73',	224,	0,	1,	0,	0,	0,	0,	0),
(1,	12,	268,	'expect text area',	225,	2,	1,	0,	0,	0,	0,	0),
(1,	13,	64,	'Main',	64,	0,	0,	0,	0,	0,	0,	0),
(1,	13,	65,	'Main',	65,	1,	0,	0,	0,	0,	0,	0),
(1,	13,	66,	'Main : 15',	66,	0,	0,	0,	0,	0,	0,	0),
(1,	13,	67,	'Main : 16',	67,	0,	0,	0,	0,	0,	0,	0),
(1,	13,	68,	'Main : 17',	68,	0,	0,	0,	0,	0,	0,	0),
(1,	13,	69,	'Main',	69,	2,	0,	0,	0,	0,	0,	0),
(1,	13,	70,	'Main',	70,	3,	0,	0,	0,	0,	0,	0),
(1,	13,	71,	'Main',	71,	4,	0,	0,	0,	0,	0,	0),
(1,	13,	72,	'Main',	72,	5,	0,	0,	0,	0,	0,	0),
(1,	13,	73,	'Main',	73,	6,	0,	0,	0,	0,	0,	0),
(1,	13,	74,	'Main : 18',	74,	0,	0,	0,	0,	0,	0,	0),
(1,	13,	75,	'Main : 19',	75,	0,	0,	0,	0,	0,	0,	0),
(1,	13,	76,	'Main',	76,	7,	0,	0,	0,	0,	0,	0),
(1,	13,	77,	'Main : 20',	77,	0,	0,	0,	0,	0,	0,	0),
(1,	13,	78,	'Main : 21',	78,	0,	0,	0,	0,	0,	0,	0),
(1,	13,	79,	'Main : 22',	79,	0,	0,	0,	0,	0,	0,	0),
(1,	13,	80,	'Page Footer',	80,	0,	0,	0,	0,	0,	0,	0),
(1,	13,	193,	'Services',	184,	0,	0,	0,	0,	0,	0,	0),
(1,	13,	194,	'Services : 54',	185,	0,	0,	0,	0,	0,	0,	0),
(1,	13,	195,	'Services : 55',	186,	0,	0,	0,	0,	0,	0,	0),
(1,	13,	196,	'Services : 56',	187,	0,	0,	0,	0,	0,	0,	0),
(1,	13,	199,	'Program',	190,	0,	0,	0,	0,	0,	0,	0),
(1,	13,	201,	'Program : 57 : 58',	192,	0,	0,	0,	0,	0,	0,	0),
(1,	13,	202,	'Program : 57 : 60',	193,	0,	0,	0,	0,	0,	0,	0),
(1,	13,	220,	'countdown',	201,	0,	0,	0,	0,	0,	0,	0),
(1,	13,	221,	'countdown : 67',	202,	0,	0,	0,	0,	0,	0,	0),
(1,	13,	222,	'Message',	203,	0,	0,	0,	0,	0,	0,	0),
(1,	13,	223,	'Message',	204,	1,	0,	0,	0,	0,	0,	0),
(1,	13,	224,	'Message : 68',	205,	0,	0,	0,	0,	0,	0,	0),
(1,	13,	225,	'Message : 69',	206,	0,	0,	0,	0,	0,	0,	0),
(1,	13,	227,	'Message : 68',	207,	1,	0,	0,	0,	0,	0,	0),
(1,	13,	228,	'Message : 68 : 70',	208,	0,	0,	0,	0,	0,	0,	0),
(1,	13,	244,	'Message : 68',	214,	2,	0,	0,	0,	0,	0,	0),
(1,	13,	259,	'expect2',	217,	0,	0,	0,	0,	0,	0,	0),
(1,	13,	261,	'expect1',	219,	0,	0,	0,	0,	0,	0,	0),
(1,	13,	262,	'expect4',	220,	0,	0,	0,	0,	0,	0,	0),
(1,	13,	263,	'expect3',	221,	0,	0,	0,	0,	0,	0,	0),
(1,	13,	265,	'expect text area',	222,	0,	0,	0,	0,	0,	0,	0),
(1,	13,	266,	'expect text area',	223,	1,	0,	0,	0,	0,	0,	0),
(1,	13,	267,	'expect text area : 73',	224,	0,	0,	0,	0,	0,	0,	0),
(1,	13,	268,	'expect text area',	225,	2,	0,	0,	0,	0,	0,	0),
(1,	13,	272,	'workshop',	227,	0,	1,	0,	0,	0,	0,	0),
(1,	13,	273,	'workshop',	228,	1,	1,	0,	0,	0,	0,	0),
(1,	13,	274,	'workshop : 74',	229,	0,	1,	0,	0,	0,	0,	0),
(1,	13,	275,	'workshop : 75',	230,	0,	1,	0,	0,	0,	0,	0),
(1,	13,	277,	'workshop : 76',	NULL,	0,	1,	0,	0,	0,	0,	0),
(1,	14,	64,	'Main',	64,	0,	0,	0,	0,	0,	0,	0),
(1,	14,	65,	'Main',	65,	1,	0,	0,	0,	0,	0,	0),
(1,	14,	66,	'Main : 15',	66,	0,	0,	0,	0,	0,	0,	0),
(1,	14,	67,	'Main : 16',	67,	0,	0,	0,	0,	0,	0,	0),
(1,	14,	68,	'Main : 17',	68,	0,	0,	0,	0,	0,	0,	0),
(1,	14,	69,	'Main',	69,	2,	0,	0,	0,	0,	0,	0),
(1,	14,	70,	'Main',	70,	3,	0,	0,	0,	0,	0,	0),
(1,	14,	71,	'Main',	71,	4,	0,	0,	0,	0,	0,	0),
(1,	14,	72,	'Main',	72,	5,	0,	0,	0,	0,	0,	0),
(1,	14,	73,	'Main',	73,	6,	0,	0,	0,	0,	0,	0),
(1,	14,	74,	'Main : 18',	74,	0,	0,	0,	0,	0,	0,	0),
(1,	14,	75,	'Main : 19',	75,	0,	0,	0,	0,	0,	0,	0),
(1,	14,	76,	'Main',	76,	7,	0,	0,	0,	0,	0,	0),
(1,	14,	77,	'Main : 20',	77,	0,	0,	0,	0,	0,	0,	0),
(1,	14,	78,	'Main : 21',	78,	0,	0,	0,	0,	0,	0,	0),
(1,	14,	79,	'Main : 22',	79,	0,	0,	0,	0,	0,	0,	0),
(1,	14,	80,	'Page Footer',	80,	0,	0,	0,	0,	0,	0,	0),
(1,	14,	193,	'Services',	184,	0,	0,	0,	0,	0,	0,	0),
(1,	14,	194,	'Services : 54',	185,	0,	0,	0,	0,	0,	0,	0),
(1,	14,	195,	'Services : 55',	186,	0,	0,	0,	0,	0,	0,	0),
(1,	14,	196,	'Services : 56',	187,	0,	0,	0,	0,	0,	0,	0),
(1,	14,	199,	'Program',	190,	0,	0,	0,	0,	0,	0,	0),
(1,	14,	201,	'Program : 57 : 58',	192,	0,	0,	0,	0,	0,	0,	0),
(1,	14,	202,	'Program : 57 : 60',	193,	0,	0,	0,	0,	0,	0,	0),
(1,	14,	220,	'countdown',	201,	0,	0,	0,	0,	0,	0,	0),
(1,	14,	221,	'countdown : 67',	202,	0,	0,	0,	0,	0,	0,	0),
(1,	14,	222,	'Message',	203,	0,	0,	0,	0,	0,	0,	0),
(1,	14,	223,	'Message',	204,	1,	0,	0,	0,	0,	0,	0),
(1,	14,	224,	'Message : 68',	205,	0,	0,	0,	0,	0,	0,	0),
(1,	14,	225,	'Message : 69',	206,	0,	0,	0,	0,	0,	0,	0),
(1,	14,	227,	'Message : 68',	207,	1,	0,	0,	0,	0,	0,	0),
(1,	14,	228,	'Message : 68 : 70',	208,	0,	0,	0,	0,	0,	0,	0),
(1,	14,	244,	'Message : 68',	214,	2,	0,	0,	0,	0,	0,	0),
(1,	14,	259,	'expect2',	217,	0,	0,	0,	0,	0,	0,	0),
(1,	14,	261,	'expect1',	219,	0,	0,	0,	0,	0,	0,	0),
(1,	14,	262,	'expect4',	220,	0,	0,	0,	0,	0,	0,	0),
(1,	14,	263,	'expect3',	221,	0,	0,	0,	0,	0,	0,	0),
(1,	14,	265,	'expect text area',	222,	0,	0,	0,	0,	0,	0,	0),
(1,	14,	266,	'expect text area',	223,	1,	0,	0,	0,	0,	0,	0),
(1,	14,	267,	'expect text area : 73',	224,	0,	0,	0,	0,	0,	0,	0),
(1,	14,	268,	'expect text area',	225,	2,	0,	0,	0,	0,	0,	0),
(1,	14,	272,	'workshop',	227,	1,	0,	0,	0,	0,	0,	0),
(1,	14,	273,	'workshop',	228,	2,	0,	0,	0,	0,	0,	0),
(1,	14,	274,	'workshop',	229,	0,	0,	0,	0,	0,	0,	0),
(1,	14,	275,	'workshop : 75',	230,	0,	0,	0,	0,	0,	0,	0),
(1,	14,	277,	'workshop : 76',	NULL,	0,	0,	0,	0,	0,	0,	0),
(1,	15,	64,	'Main',	64,	0,	0,	0,	0,	0,	0,	0),
(1,	15,	65,	'Main',	65,	1,	0,	0,	0,	0,	0,	0),
(1,	15,	66,	'Main : 15',	66,	0,	0,	0,	0,	0,	0,	0),
(1,	15,	67,	'Main : 16',	67,	0,	0,	0,	0,	0,	0,	0),
(1,	15,	68,	'Main : 17',	68,	0,	0,	0,	0,	0,	0,	0),
(1,	15,	69,	'Main',	69,	2,	0,	0,	0,	0,	0,	0),
(1,	15,	70,	'Main',	70,	3,	0,	0,	0,	0,	0,	0),
(1,	15,	71,	'Main',	71,	4,	0,	0,	0,	0,	0,	0),
(1,	15,	72,	'Main',	72,	5,	0,	0,	0,	0,	0,	0),
(1,	15,	73,	'Main',	73,	6,	0,	0,	0,	0,	0,	0),
(1,	15,	74,	'Main : 18',	74,	0,	0,	0,	0,	0,	0,	0),
(1,	15,	75,	'Main : 19',	75,	0,	0,	0,	0,	0,	0,	0),
(1,	15,	76,	'Main',	76,	7,	0,	0,	0,	0,	0,	0),
(1,	15,	77,	'Main : 20',	77,	0,	0,	0,	0,	0,	0,	0),
(1,	15,	78,	'Main : 21',	78,	0,	0,	0,	0,	0,	0,	0),
(1,	15,	79,	'Main : 22',	79,	0,	0,	0,	0,	0,	0,	0),
(1,	15,	80,	'Page Footer',	80,	0,	0,	0,	0,	0,	0,	0),
(1,	15,	193,	'Services',	184,	0,	0,	0,	0,	0,	0,	0),
(1,	15,	194,	'Services : 54',	185,	0,	0,	0,	0,	0,	0,	0),
(1,	15,	195,	'Services : 55',	186,	0,	0,	0,	0,	0,	0,	0),
(1,	15,	196,	'Services : 56',	187,	0,	0,	0,	0,	0,	0,	0),
(1,	15,	199,	'Program',	190,	0,	0,	0,	0,	0,	0,	0),
(1,	15,	201,	'Program : 57 : 58',	192,	0,	0,	0,	0,	0,	0,	0),
(1,	15,	202,	'Program : 57 : 60',	193,	0,	0,	0,	0,	0,	0,	0),
(1,	15,	220,	'countdown',	201,	0,	0,	0,	0,	0,	0,	0),
(1,	15,	221,	'countdown : 67',	202,	0,	0,	0,	0,	0,	0,	0),
(1,	15,	222,	'Message',	203,	0,	0,	0,	0,	0,	0,	0),
(1,	15,	223,	'Message',	204,	1,	0,	0,	0,	0,	0,	0),
(1,	15,	224,	'Message : 68',	205,	0,	0,	0,	0,	0,	0,	0),
(1,	15,	225,	'Message : 69',	206,	0,	0,	0,	0,	0,	0,	0),
(1,	15,	227,	'Message : 68',	207,	1,	0,	0,	0,	0,	0,	0),
(1,	15,	228,	'Message : 68 : 70',	208,	0,	0,	0,	0,	0,	0,	0),
(1,	15,	244,	'Message : 68',	214,	2,	0,	0,	0,	0,	0,	0),
(1,	15,	259,	'expect2',	217,	0,	0,	0,	0,	0,	0,	0),
(1,	15,	261,	'expect1',	219,	0,	0,	0,	0,	0,	0,	0),
(1,	15,	262,	'expect4',	220,	0,	0,	0,	0,	0,	0,	0),
(1,	15,	263,	'expect3',	221,	0,	0,	0,	0,	0,	0,	0),
(1,	15,	265,	'expect text area',	222,	0,	0,	0,	0,	0,	0,	0),
(1,	15,	266,	'expect text area',	223,	1,	0,	0,	0,	0,	0,	0),
(1,	15,	267,	'expect text area : 73',	224,	0,	0,	0,	0,	0,	0,	0),
(1,	15,	268,	'expect text area',	225,	2,	0,	0,	0,	0,	0,	0),
(1,	15,	272,	'workshop',	227,	0,	0,	0,	0,	0,	0,	0),
(1,	15,	273,	'workshop',	228,	2,	0,	0,	0,	0,	0,	0),
(1,	15,	274,	'workshop',	229,	1,	0,	0,	0,	0,	0,	0),
(1,	15,	275,	'workshop : 75',	230,	0,	0,	0,	0,	0,	0,	0),
(1,	15,	277,	'workshop : 76',	NULL,	0,	0,	0,	0,	0,	0,	0),
(1,	16,	64,	'Main',	64,	0,	0,	0,	0,	0,	0,	0),
(1,	16,	65,	'Main',	65,	1,	0,	0,	0,	0,	0,	0),
(1,	16,	66,	'Main : 15',	66,	0,	0,	0,	0,	0,	0,	0),
(1,	16,	67,	'Main : 16',	67,	0,	0,	0,	0,	0,	0,	0),
(1,	16,	68,	'Main : 17',	68,	0,	0,	0,	0,	0,	0,	0),
(1,	16,	69,	'Main',	69,	2,	0,	0,	0,	0,	0,	0),
(1,	16,	70,	'Main',	70,	3,	0,	0,	0,	0,	0,	0),
(1,	16,	71,	'Main',	71,	4,	0,	0,	0,	0,	0,	0),
(1,	16,	72,	'Main',	72,	5,	0,	0,	0,	0,	0,	0),
(1,	16,	73,	'Main',	73,	6,	0,	0,	0,	0,	0,	0),
(1,	16,	74,	'Main : 18',	74,	0,	0,	0,	0,	0,	0,	0),
(1,	16,	75,	'Main : 19',	75,	0,	0,	0,	0,	0,	0,	0),
(1,	16,	76,	'Main',	76,	7,	0,	0,	0,	0,	0,	0),
(1,	16,	77,	'Main : 20',	77,	0,	0,	0,	0,	0,	0,	0),
(1,	16,	78,	'Main : 21',	78,	0,	0,	0,	0,	0,	0,	0),
(1,	16,	79,	'Main : 22',	79,	0,	0,	0,	0,	0,	0,	0),
(1,	16,	80,	'Page Footer',	80,	0,	0,	0,	0,	0,	0,	0),
(1,	16,	193,	'Services',	184,	0,	0,	0,	0,	0,	0,	0),
(1,	16,	194,	'Services : 54',	185,	0,	0,	0,	0,	0,	0,	0),
(1,	16,	195,	'Services : 55',	186,	0,	0,	0,	0,	0,	0,	0),
(1,	16,	196,	'Services : 56',	187,	0,	0,	0,	0,	0,	0,	0),
(1,	16,	199,	'Program',	190,	0,	0,	0,	0,	0,	0,	0),
(1,	16,	201,	'Program : 57 : 58',	192,	0,	0,	0,	0,	0,	0,	0),
(1,	16,	202,	'Program : 57 : 60',	193,	0,	0,	0,	0,	0,	0,	0),
(1,	16,	220,	'countdown',	201,	0,	0,	0,	0,	0,	0,	0),
(1,	16,	221,	'countdown : 67',	202,	0,	0,	0,	0,	0,	0,	0),
(1,	16,	222,	'Message',	203,	0,	0,	0,	0,	0,	0,	0),
(1,	16,	223,	'Message',	204,	1,	0,	0,	0,	0,	0,	0),
(1,	16,	224,	'Message : 68',	205,	0,	0,	0,	0,	0,	0,	0),
(1,	16,	225,	'Message : 69',	206,	0,	0,	0,	0,	0,	0,	0),
(1,	16,	227,	'Message : 68',	207,	1,	0,	0,	0,	0,	0,	0),
(1,	16,	228,	'Message : 68 : 70',	208,	0,	0,	0,	0,	0,	0,	0),
(1,	16,	244,	'Message : 68',	214,	2,	0,	0,	0,	0,	0,	0),
(1,	16,	259,	'expect2',	217,	0,	0,	0,	0,	0,	0,	0),
(1,	16,	261,	'expect1',	219,	0,	0,	0,	0,	0,	0,	0),
(1,	16,	262,	'expect4',	220,	0,	0,	0,	0,	0,	0,	0),
(1,	16,	263,	'expect3',	221,	0,	0,	0,	0,	0,	0,	0),
(1,	16,	265,	'expect text area',	222,	0,	0,	0,	0,	0,	0,	0),
(1,	16,	266,	'expect text area',	223,	1,	0,	0,	0,	0,	0,	0),
(1,	16,	267,	'expect text area : 73',	224,	0,	0,	0,	0,	0,	0,	0),
(1,	16,	268,	'expect text area',	225,	2,	0,	0,	0,	0,	0,	0),
(1,	16,	272,	'workshop',	227,	0,	0,	0,	0,	0,	0,	0),
(1,	16,	273,	'workshop',	228,	2,	0,	0,	0,	0,	0,	0),
(1,	16,	274,	'workshop : 74',	229,	0,	0,	0,	0,	0,	0,	0),
(1,	16,	275,	'workshop : 75',	230,	0,	0,	0,	0,	0,	0,	0),
(1,	16,	277,	'workshop : 76',	NULL,	0,	0,	0,	0,	0,	0,	0),
(1,	17,	64,	'Main',	64,	0,	0,	0,	0,	0,	0,	0),
(1,	17,	65,	'Main',	65,	1,	0,	0,	0,	0,	0,	0),
(1,	17,	66,	'Main : 15',	66,	0,	0,	0,	0,	0,	0,	0),
(1,	17,	67,	'Main : 16',	67,	0,	0,	0,	0,	0,	0,	0),
(1,	17,	68,	'Main : 17',	68,	0,	0,	0,	0,	0,	0,	0),
(1,	17,	69,	'Main',	69,	2,	0,	0,	0,	0,	0,	0),
(1,	17,	70,	'Main',	70,	3,	0,	0,	0,	0,	0,	0),
(1,	17,	71,	'Main',	71,	4,	0,	0,	0,	0,	0,	0),
(1,	17,	72,	'Main',	72,	5,	0,	0,	0,	0,	0,	0),
(1,	17,	73,	'Main',	73,	6,	0,	0,	0,	0,	0,	0),
(1,	17,	74,	'Main : 18',	74,	0,	0,	0,	0,	0,	0,	0),
(1,	17,	75,	'Main : 19',	75,	0,	0,	0,	0,	0,	0,	0),
(1,	17,	76,	'Main',	76,	7,	0,	0,	0,	0,	0,	0),
(1,	17,	77,	'Main : 20',	77,	0,	0,	0,	0,	0,	0,	0),
(1,	17,	78,	'Main : 21',	78,	0,	0,	0,	0,	0,	0,	0),
(1,	17,	79,	'Main : 22',	79,	0,	0,	0,	0,	0,	0,	0),
(1,	17,	80,	'Page Footer',	80,	0,	0,	0,	0,	0,	0,	0),
(1,	17,	193,	'Services',	184,	0,	0,	0,	0,	0,	0,	0),
(1,	17,	194,	'Services : 54',	185,	0,	0,	0,	0,	0,	0,	0),
(1,	17,	195,	'Services : 55',	186,	0,	0,	0,	0,	0,	0,	0),
(1,	17,	196,	'Services : 56',	187,	0,	0,	0,	0,	0,	0,	0),
(1,	17,	199,	'Program',	190,	0,	0,	0,	0,	0,	0,	0),
(1,	17,	201,	'Program : 57 : 58',	192,	0,	0,	0,	0,	0,	0,	0),
(1,	17,	202,	'Program : 57 : 60',	193,	0,	0,	0,	0,	0,	0,	0),
(1,	17,	220,	'countdown',	201,	0,	0,	0,	0,	0,	0,	0),
(1,	17,	221,	'countdown : 67',	202,	0,	0,	0,	0,	0,	0,	0),
(1,	17,	222,	'Message',	203,	0,	0,	0,	0,	0,	0,	0),
(1,	17,	223,	'Message',	204,	1,	0,	0,	0,	0,	0,	0),
(1,	17,	224,	'Message : 68',	205,	0,	0,	0,	0,	0,	0,	0),
(1,	17,	225,	'Message : 69',	206,	0,	0,	0,	0,	0,	0,	0),
(1,	17,	227,	'Message : 68',	207,	1,	0,	0,	0,	0,	0,	0),
(1,	17,	228,	'Message : 68 : 70',	208,	0,	0,	0,	0,	0,	0,	0),
(1,	17,	244,	'Message : 68',	214,	2,	0,	0,	0,	0,	0,	0),
(1,	17,	259,	'expect2',	217,	0,	0,	0,	0,	0,	0,	0),
(1,	17,	261,	'expect1',	219,	0,	0,	0,	0,	0,	0,	0),
(1,	17,	262,	'expect4',	220,	0,	0,	0,	0,	0,	0,	0),
(1,	17,	263,	'expect3',	221,	0,	0,	0,	0,	0,	0,	0),
(1,	17,	265,	'expect text area',	222,	0,	0,	0,	0,	0,	0,	0),
(1,	17,	266,	'expect text area',	223,	1,	0,	0,	0,	0,	0,	0),
(1,	17,	267,	'expect text area : 73',	224,	0,	0,	0,	0,	0,	0,	0),
(1,	17,	268,	'expect text area',	225,	2,	0,	0,	0,	0,	0,	0),
(1,	17,	272,	'workshop',	227,	0,	0,	0,	0,	0,	0,	0),
(1,	17,	273,	'workshop',	228,	2,	0,	0,	0,	0,	0,	0),
(1,	17,	274,	'workshop : 74',	229,	0,	0,	0,	0,	0,	0,	0),
(1,	17,	275,	'workshop : 75',	230,	0,	0,	0,	0,	0,	0,	0),
(1,	17,	277,	'workshop : 76',	NULL,	0,	0,	0,	0,	0,	0,	0),
(1,	17,	278,	'Scientific',	231,	0,	1,	0,	0,	0,	0,	0),
(1,	17,	279,	'Scientific',	232,	1,	1,	0,	0,	0,	0,	0),
(1,	17,	280,	'Scientific : 77',	233,	0,	1,	0,	0,	0,	0,	0),
(1,	18,	64,	'Main',	64,	0,	0,	0,	0,	0,	0,	0),
(1,	18,	65,	'Main',	65,	1,	0,	0,	0,	0,	0,	0),
(1,	18,	66,	'Main : 15',	66,	0,	0,	0,	0,	0,	0,	0),
(1,	18,	67,	'Main : 16',	67,	0,	0,	0,	0,	0,	0,	0),
(1,	18,	68,	'Main : 17',	68,	0,	0,	0,	0,	0,	0,	0),
(1,	18,	69,	'Main',	69,	2,	0,	0,	0,	0,	0,	0),
(1,	18,	70,	'Main',	70,	3,	0,	0,	0,	0,	0,	0),
(1,	18,	71,	'Main',	71,	4,	0,	0,	0,	0,	0,	0),
(1,	18,	72,	'Main',	72,	5,	0,	0,	0,	0,	0,	0),
(1,	18,	73,	'Main',	73,	6,	0,	0,	0,	0,	0,	0),
(1,	18,	74,	'Main : 18',	74,	0,	0,	0,	0,	0,	0,	0),
(1,	18,	75,	'Main : 19',	75,	0,	0,	0,	0,	0,	0,	0),
(1,	18,	76,	'Main',	76,	7,	0,	0,	0,	0,	0,	0),
(1,	18,	77,	'Main : 20',	77,	0,	0,	0,	0,	0,	0,	0),
(1,	18,	78,	'Main : 21',	78,	0,	0,	0,	0,	0,	0,	0),
(1,	18,	79,	'Main : 22',	79,	0,	0,	0,	0,	0,	0,	0),
(1,	18,	80,	'Page Footer',	80,	0,	0,	0,	0,	0,	0,	0),
(1,	18,	193,	'Services',	184,	0,	0,	0,	0,	0,	0,	0),
(1,	18,	194,	'Services : 54',	185,	0,	0,	0,	0,	0,	0,	0),
(1,	18,	195,	'Services : 55',	186,	0,	0,	0,	0,	0,	0,	0),
(1,	18,	196,	'Services : 56',	187,	0,	0,	0,	0,	0,	0,	0),
(1,	18,	199,	'Program',	190,	0,	0,	0,	0,	0,	0,	0),
(1,	18,	201,	'Program : 57 : 58',	192,	0,	0,	0,	0,	0,	0,	0),
(1,	18,	202,	'Program : 57 : 60',	193,	0,	0,	0,	0,	0,	0,	0),
(1,	18,	220,	'countdown',	201,	0,	0,	0,	0,	0,	0,	0),
(1,	18,	221,	'countdown : 67',	202,	0,	0,	0,	0,	0,	0,	0),
(1,	18,	222,	'Message',	203,	0,	0,	0,	0,	0,	0,	0),
(1,	18,	223,	'Message',	204,	1,	0,	0,	0,	0,	0,	0),
(1,	18,	224,	'Message : 68',	205,	0,	0,	0,	0,	0,	0,	0),
(1,	18,	225,	'Message : 69',	206,	0,	0,	0,	0,	0,	0,	0),
(1,	18,	227,	'Message : 68',	207,	1,	0,	0,	0,	0,	0,	0),
(1,	18,	228,	'Message : 68 : 70',	208,	0,	0,	0,	0,	0,	0,	0),
(1,	18,	244,	'Message : 68',	214,	2,	0,	0,	0,	0,	0,	0),
(1,	18,	259,	'expect2',	217,	0,	0,	0,	0,	0,	0,	0),
(1,	18,	261,	'expect1',	219,	0,	0,	0,	0,	0,	0,	0),
(1,	18,	262,	'expect4',	220,	0,	0,	0,	0,	0,	0,	0),
(1,	18,	263,	'expect3',	221,	0,	0,	0,	0,	0,	0,	0),
(1,	18,	265,	'expect text area',	222,	0,	0,	0,	0,	0,	0,	0),
(1,	18,	266,	'expect text area',	223,	1,	0,	0,	0,	0,	0,	0),
(1,	18,	267,	'expect text area : 73',	224,	0,	0,	0,	0,	0,	0,	0),
(1,	18,	268,	'expect text area',	225,	2,	0,	0,	0,	0,	0,	0),
(1,	18,	272,	'workshop',	227,	0,	0,	0,	0,	0,	0,	0),
(1,	18,	273,	'workshop',	228,	1,	0,	0,	0,	0,	0,	0),
(1,	18,	274,	'workshop : 74',	229,	0,	0,	0,	0,	0,	0,	0),
(1,	18,	275,	'workshop : 75',	230,	0,	0,	0,	0,	0,	0,	0),
(1,	18,	277,	'workshop : 76',	NULL,	0,	0,	0,	0,	0,	0,	0),
(1,	18,	278,	'Scientific',	231,	0,	0,	0,	0,	0,	0,	0),
(1,	18,	283,	'Scientific card 1',	234,	0,	1,	0,	0,	0,	0,	0),
(1,	18,	284,	'Scientific card 2',	235,	0,	1,	0,	0,	0,	0,	0),
(1,	18,	285,	'Scientific card 3',	236,	0,	1,	0,	0,	0,	0,	0),
(1,	19,	64,	'Main',	64,	0,	0,	0,	0,	0,	0,	0),
(1,	19,	65,	'Main',	65,	1,	0,	0,	0,	0,	0,	0),
(1,	19,	66,	'Main : 15',	66,	0,	0,	0,	0,	0,	0,	0),
(1,	19,	67,	'Main : 16',	67,	0,	0,	0,	0,	0,	0,	0),
(1,	19,	68,	'Main : 17',	68,	0,	0,	0,	0,	0,	0,	0),
(1,	19,	69,	'Main',	69,	2,	0,	0,	0,	0,	0,	0),
(1,	19,	70,	'Main',	70,	3,	0,	0,	0,	0,	0,	0),
(1,	19,	71,	'Main',	71,	4,	0,	0,	0,	0,	0,	0),
(1,	19,	72,	'Main',	72,	5,	0,	0,	0,	0,	0,	0),
(1,	19,	73,	'Main',	73,	6,	0,	0,	0,	0,	0,	0),
(1,	19,	74,	'Main : 18',	74,	0,	0,	0,	0,	0,	0,	0),
(1,	19,	75,	'Main : 19',	75,	0,	0,	0,	0,	0,	0,	0),
(1,	19,	76,	'Main',	76,	7,	0,	0,	0,	0,	0,	0),
(1,	19,	77,	'Main : 20',	77,	0,	0,	0,	0,	0,	0,	0),
(1,	19,	78,	'Main : 21',	78,	0,	0,	0,	0,	0,	0,	0),
(1,	19,	79,	'Main : 22',	79,	0,	0,	0,	0,	0,	0,	0),
(1,	19,	80,	'Page Footer',	80,	0,	0,	0,	0,	0,	0,	0),
(1,	19,	193,	'Services',	184,	0,	0,	0,	0,	0,	0,	0),
(1,	19,	194,	'Services : 54',	185,	0,	0,	0,	0,	0,	0,	0),
(1,	19,	195,	'Services : 55',	186,	0,	0,	0,	0,	0,	0,	0),
(1,	19,	196,	'Services : 56',	187,	0,	0,	0,	0,	0,	0,	0),
(1,	19,	199,	'Program',	190,	0,	0,	0,	0,	0,	0,	0),
(1,	19,	201,	'Program : 57 : 58',	192,	0,	0,	0,	0,	0,	0,	0),
(1,	19,	202,	'Program : 57 : 60',	193,	0,	0,	0,	0,	0,	0,	0),
(1,	19,	220,	'countdown',	201,	0,	0,	0,	0,	0,	0,	0),
(1,	19,	221,	'countdown : 67',	202,	0,	0,	0,	0,	0,	0,	0),
(1,	19,	222,	'Message',	203,	0,	0,	0,	0,	0,	0,	0),
(1,	19,	223,	'Message',	204,	1,	0,	0,	0,	0,	0,	0),
(1,	19,	224,	'Message : 68',	205,	0,	0,	0,	0,	0,	0,	0),
(1,	19,	225,	'Message : 69',	206,	0,	0,	0,	0,	0,	0,	0),
(1,	19,	227,	'Message : 68',	207,	1,	0,	0,	0,	0,	0,	0),
(1,	19,	228,	'Message : 68 : 70',	208,	0,	0,	0,	0,	0,	0,	0),
(1,	19,	244,	'Message : 68',	214,	2,	0,	0,	0,	0,	0,	0),
(1,	19,	259,	'expect2',	217,	0,	0,	0,	0,	0,	0,	0),
(1,	19,	261,	'expect1',	219,	0,	0,	0,	0,	0,	0,	0),
(1,	19,	262,	'expect4',	220,	0,	0,	0,	0,	0,	0,	0),
(1,	19,	263,	'expect3',	221,	0,	0,	0,	0,	0,	0,	0),
(1,	19,	265,	'expect text area',	222,	0,	0,	0,	0,	0,	0,	0),
(1,	19,	266,	'expect text area',	223,	1,	0,	0,	0,	0,	0,	0),
(1,	19,	267,	'expect text area : 73',	224,	0,	0,	0,	0,	0,	0,	0),
(1,	19,	268,	'expect text area',	225,	2,	0,	0,	0,	0,	0,	0),
(1,	19,	272,	'workshop',	227,	0,	0,	0,	0,	0,	0,	0),
(1,	19,	273,	'workshop',	228,	1,	0,	0,	0,	0,	0,	0),
(1,	19,	274,	'workshop : 74',	229,	0,	0,	0,	0,	0,	0,	0),
(1,	19,	275,	'workshop : 75',	230,	0,	0,	0,	0,	0,	0,	0),
(1,	19,	277,	'workshop : 76',	NULL,	0,	0,	0,	0,	0,	0,	0),
(1,	19,	278,	'Scientific',	231,	0,	0,	0,	0,	0,	0,	0),
(1,	19,	283,	'Scientific card 1',	234,	0,	0,	0,	0,	0,	0,	0),
(1,	19,	286,	'attend section',	237,	0,	1,	0,	0,	0,	0,	0),
(1,	19,	287,	'Regionally',	238,	0,	1,	0,	0,	0,	0,	0),
(1,	19,	288,	'sponsor section',	239,	0,	1,	0,	0,	0,	0,	0),
(1,	19,	289,	'sponsor section',	240,	1,	1,	0,	0,	0,	0,	0),
(1,	19,	290,	'Scientific card 2',	NULL,	0,	1,	0,	0,	0,	0,	0),
(1,	19,	291,	'Scientific card 3',	NULL,	0,	1,	0,	0,	0,	0,	0),
(1,	20,	64,	'Main',	64,	0,	0,	0,	0,	0,	0,	0),
(1,	20,	65,	'Main',	65,	1,	0,	0,	0,	0,	0,	0),
(1,	20,	66,	'Main : 15',	66,	0,	0,	0,	0,	0,	0,	0),
(1,	20,	67,	'Main : 16',	67,	0,	0,	0,	0,	0,	0,	0),
(1,	20,	68,	'Main : 17',	68,	0,	0,	0,	0,	0,	0,	0),
(1,	20,	69,	'Main',	69,	2,	0,	0,	0,	0,	0,	0),
(1,	20,	70,	'Main',	70,	3,	0,	0,	0,	0,	0,	0),
(1,	20,	71,	'Main',	71,	4,	0,	0,	0,	0,	0,	0),
(1,	20,	72,	'Main',	72,	5,	0,	0,	0,	0,	0,	0),
(1,	20,	73,	'Main',	73,	6,	0,	0,	0,	0,	0,	0),
(1,	20,	74,	'Main : 18',	74,	0,	0,	0,	0,	0,	0,	0),
(1,	20,	75,	'Main : 19',	75,	0,	0,	0,	0,	0,	0,	0),
(1,	20,	76,	'Main',	76,	7,	0,	0,	0,	0,	0,	0),
(1,	20,	77,	'Main : 20',	77,	0,	0,	0,	0,	0,	0,	0),
(1,	20,	78,	'Main : 21',	78,	0,	0,	0,	0,	0,	0,	0),
(1,	20,	79,	'Main : 22',	79,	0,	0,	0,	0,	0,	0,	0),
(1,	20,	80,	'Page Footer',	80,	0,	0,	0,	0,	0,	0,	0),
(1,	20,	193,	'Services',	184,	0,	0,	0,	0,	0,	0,	0),
(1,	20,	194,	'Services : 54',	185,	0,	0,	0,	0,	0,	0,	0),
(1,	20,	195,	'Services : 55',	186,	0,	0,	0,	0,	0,	0,	0),
(1,	20,	196,	'Services : 56',	187,	0,	0,	0,	0,	0,	0,	0),
(1,	20,	199,	'Program',	190,	0,	0,	0,	0,	0,	0,	0),
(1,	20,	201,	'Program : 57 : 58',	192,	0,	0,	0,	0,	0,	0,	0),
(1,	20,	202,	'Program : 57 : 60',	193,	0,	0,	0,	0,	0,	0,	0),
(1,	20,	220,	'countdown',	201,	0,	0,	0,	0,	0,	0,	0),
(1,	20,	221,	'countdown : 67',	202,	0,	0,	0,	0,	0,	0,	0),
(1,	20,	222,	'Message',	203,	0,	0,	0,	0,	0,	0,	0),
(1,	20,	223,	'Message',	204,	1,	0,	0,	0,	0,	0,	0),
(1,	20,	224,	'Message : 68',	205,	0,	0,	0,	0,	0,	0,	0),
(1,	20,	225,	'Message : 69',	206,	0,	0,	0,	0,	0,	0,	0),
(1,	20,	227,	'Message : 68',	207,	1,	0,	0,	0,	0,	0,	0),
(1,	20,	228,	'Message : 68 : 70',	208,	0,	0,	0,	0,	0,	0,	0),
(1,	20,	244,	'Message : 68',	214,	2,	0,	0,	0,	0,	0,	0),
(1,	20,	259,	'expect2',	217,	0,	0,	0,	0,	0,	0,	0),
(1,	20,	261,	'expect1',	219,	0,	0,	0,	0,	0,	0,	0),
(1,	20,	262,	'expect4',	220,	0,	0,	0,	0,	0,	0,	0),
(1,	20,	263,	'expect3',	221,	0,	0,	0,	0,	0,	0,	0),
(1,	20,	265,	'expect text area',	222,	0,	0,	0,	0,	0,	0,	0),
(1,	20,	266,	'expect text area',	223,	1,	0,	0,	0,	0,	0,	0),
(1,	20,	267,	'expect text area : 73',	224,	0,	0,	0,	0,	0,	0,	0),
(1,	20,	268,	'expect text area',	225,	2,	0,	0,	0,	0,	0,	0),
(1,	20,	272,	'workshop',	227,	0,	0,	0,	0,	0,	0,	0),
(1,	20,	273,	'workshop',	228,	1,	0,	0,	0,	0,	0,	0),
(1,	20,	275,	'workshop : 75',	230,	0,	0,	0,	0,	0,	0,	0),
(1,	20,	277,	'workshop : 76',	NULL,	0,	0,	0,	0,	0,	0,	0),
(1,	20,	278,	'Scientific',	231,	0,	0,	0,	0,	0,	0,	0),
(1,	20,	283,	'Scientific card 1',	234,	0,	0,	0,	0,	0,	0,	0),
(1,	20,	286,	'attend section',	237,	0,	0,	0,	0,	0,	0,	0),
(1,	20,	287,	'Regionally',	238,	0,	0,	0,	0,	0,	0,	0),
(1,	20,	288,	'sponsor section',	239,	0,	0,	0,	0,	0,	0,	0),
(1,	20,	289,	'sponsor section',	240,	1,	0,	0,	0,	0,	0,	0),
(1,	20,	290,	'Scientific card 2',	NULL,	0,	0,	0,	0,	0,	0,	0),
(1,	20,	291,	'Scientific card 3',	NULL,	0,	0,	0,	0,	0,	0,	0),
(1,	20,	293,	'workshop : 74',	241,	0,	1,	0,	0,	0,	0,	0),
(1,	21,	64,	'Main',	64,	0,	0,	0,	0,	0,	0,	0),
(1,	21,	65,	'Main',	65,	1,	0,	0,	0,	0,	0,	0),
(1,	21,	66,	'Main : 15',	66,	0,	0,	0,	0,	0,	0,	0),
(1,	21,	67,	'Main : 16',	67,	0,	0,	0,	0,	0,	0,	0),
(1,	21,	68,	'Main : 17',	68,	0,	0,	0,	0,	0,	0,	0),
(1,	21,	69,	'Main',	69,	2,	0,	0,	0,	0,	0,	0),
(1,	21,	70,	'Main',	70,	3,	0,	0,	0,	0,	0,	0),
(1,	21,	71,	'Main',	71,	4,	0,	0,	0,	0,	0,	0),
(1,	21,	72,	'Main',	72,	5,	0,	0,	0,	0,	0,	0),
(1,	21,	73,	'Main',	73,	6,	0,	0,	0,	0,	0,	0),
(1,	21,	74,	'Main : 18',	74,	0,	0,	0,	0,	0,	0,	0),
(1,	21,	75,	'Main : 19',	75,	0,	0,	0,	0,	0,	0,	0),
(1,	21,	76,	'Main',	76,	7,	0,	0,	0,	0,	0,	0),
(1,	21,	77,	'Main : 20',	77,	0,	0,	0,	0,	0,	0,	0),
(1,	21,	78,	'Main : 21',	78,	0,	0,	0,	0,	0,	0,	0),
(1,	21,	79,	'Main : 22',	79,	0,	0,	0,	0,	0,	0,	0),
(1,	21,	80,	'Page Footer',	80,	0,	0,	0,	0,	0,	0,	0),
(1,	21,	193,	'Services',	184,	0,	0,	0,	0,	0,	0,	0),
(1,	21,	194,	'Services : 54',	185,	0,	0,	0,	0,	0,	0,	0),
(1,	21,	195,	'Services : 55',	186,	0,	0,	0,	0,	0,	0,	0),
(1,	21,	196,	'Services : 56',	187,	0,	0,	0,	0,	0,	0,	0),
(1,	21,	199,	'Program',	190,	0,	0,	0,	0,	0,	0,	0),
(1,	21,	201,	'Program : 57 : 58',	192,	0,	0,	0,	0,	0,	0,	0),
(1,	21,	202,	'Program : 57 : 60',	193,	0,	0,	0,	0,	0,	0,	0),
(1,	21,	220,	'countdown',	201,	0,	0,	0,	0,	0,	0,	0),
(1,	21,	221,	'countdown : 67',	202,	0,	0,	0,	0,	0,	0,	0),
(1,	21,	222,	'Message',	203,	0,	0,	0,	0,	0,	0,	0),
(1,	21,	223,	'Message',	204,	1,	0,	0,	0,	0,	0,	0),
(1,	21,	224,	'Message : 68',	205,	0,	0,	0,	0,	0,	0,	0),
(1,	21,	225,	'Message : 69',	206,	0,	0,	0,	0,	0,	0,	0),
(1,	21,	227,	'Message : 68',	207,	1,	0,	0,	0,	0,	0,	0),
(1,	21,	228,	'Message : 68 : 70',	208,	0,	0,	0,	0,	0,	0,	0),
(1,	21,	244,	'Message : 68',	214,	2,	0,	0,	0,	0,	0,	0),
(1,	21,	259,	'expect2',	217,	0,	0,	0,	0,	0,	0,	0),
(1,	21,	261,	'expect1',	219,	0,	0,	0,	0,	0,	0,	0),
(1,	21,	262,	'expect4',	220,	0,	0,	0,	0,	0,	0,	0),
(1,	21,	263,	'expect3',	221,	0,	0,	0,	0,	0,	0,	0),
(1,	21,	265,	'expect text area',	222,	0,	0,	0,	0,	0,	0,	0),
(1,	21,	266,	'expect text area',	223,	1,	0,	0,	0,	0,	0,	0),
(1,	21,	267,	'expect text area : 73',	224,	0,	0,	0,	0,	0,	0,	0),
(1,	21,	268,	'expect text area',	225,	2,	0,	0,	0,	0,	0,	0),
(1,	21,	272,	'workshop',	227,	0,	0,	0,	0,	0,	0,	0),
(1,	21,	273,	'workshop',	228,	1,	0,	0,	0,	0,	0,	0),
(1,	21,	275,	'workshop : 75',	230,	0,	0,	0,	0,	0,	0,	0),
(1,	21,	277,	'workshop : 76',	NULL,	0,	0,	0,	0,	0,	0,	0),
(1,	21,	278,	'Scientific',	231,	0,	0,	0,	0,	0,	0,	0),
(1,	21,	283,	'Scientific card 1',	234,	0,	0,	0,	0,	0,	0,	0),
(1,	21,	286,	'attend section',	237,	0,	0,	0,	0,	0,	0,	0),
(1,	21,	287,	'Regionally',	238,	0,	0,	0,	0,	0,	0,	0),
(1,	21,	288,	'sponsor section',	239,	0,	0,	0,	0,	0,	0,	0),
(1,	21,	290,	'Scientific card 2',	NULL,	0,	0,	0,	0,	0,	0,	0),
(1,	21,	291,	'Scientific card 3',	NULL,	0,	0,	0,	0,	0,	0,	0),
(1,	21,	293,	'workshop : 74',	241,	0,	0,	0,	0,	0,	0,	0),
(1,	21,	295,	'sponsor section',	242,	1,	1,	0,	0,	0,	0,	0),
(1,	21,	296,	'sponsor section : 80',	243,	0,	1,	0,	0,	0,	0,	0),
(1,	22,	64,	'Main',	64,	0,	0,	0,	0,	0,	0,	0),
(1,	22,	65,	'Main',	65,	1,	0,	0,	0,	0,	0,	0),
(1,	22,	66,	'Main : 15',	66,	0,	0,	0,	0,	0,	0,	0),
(1,	22,	67,	'Main : 16',	67,	0,	0,	0,	0,	0,	0,	0),
(1,	22,	68,	'Main : 17',	68,	0,	0,	0,	0,	0,	0,	0),
(1,	22,	69,	'Main',	69,	2,	0,	0,	0,	0,	0,	0),
(1,	22,	70,	'Main',	70,	3,	0,	0,	0,	0,	0,	0),
(1,	22,	71,	'Main',	71,	4,	0,	0,	0,	0,	0,	0),
(1,	22,	72,	'Main',	72,	5,	0,	0,	0,	0,	0,	0),
(1,	22,	73,	'Main',	73,	6,	0,	0,	0,	0,	0,	0),
(1,	22,	74,	'Main : 18',	74,	0,	0,	0,	0,	0,	0,	0),
(1,	22,	75,	'Main : 19',	75,	0,	0,	0,	0,	0,	0,	0),
(1,	22,	76,	'Main',	76,	7,	0,	0,	0,	0,	0,	0),
(1,	22,	77,	'Main : 20',	77,	0,	0,	0,	0,	0,	0,	0),
(1,	22,	78,	'Main : 21',	78,	0,	0,	0,	0,	0,	0,	0),
(1,	22,	79,	'Main : 22',	79,	0,	0,	0,	0,	0,	0,	0),
(1,	22,	80,	'Page Footer',	80,	0,	0,	0,	0,	0,	0,	0),
(1,	22,	193,	'Services',	184,	0,	0,	0,	0,	0,	0,	0),
(1,	22,	194,	'Services : 54',	185,	0,	0,	0,	0,	0,	0,	0),
(1,	22,	195,	'Services : 55',	186,	0,	0,	0,	0,	0,	0,	0),
(1,	22,	196,	'Services : 56',	187,	0,	0,	0,	0,	0,	0,	0),
(1,	22,	199,	'Program',	190,	0,	0,	0,	0,	0,	0,	0),
(1,	22,	201,	'Program : 57 : 58',	192,	0,	0,	0,	0,	0,	0,	0),
(1,	22,	202,	'Program : 57 : 60',	193,	0,	0,	0,	0,	0,	0,	0),
(1,	22,	220,	'countdown',	201,	0,	0,	0,	0,	0,	0,	0),
(1,	22,	221,	'countdown : 67',	202,	0,	0,	0,	0,	0,	0,	0),
(1,	22,	222,	'Message',	203,	0,	0,	0,	0,	0,	0,	0),
(1,	22,	223,	'Message',	204,	1,	0,	0,	0,	0,	0,	0),
(1,	22,	224,	'Message : 68',	205,	0,	0,	0,	0,	0,	0,	0),
(1,	22,	225,	'Message : 69',	206,	0,	0,	0,	0,	0,	0,	0),
(1,	22,	227,	'Message : 68',	207,	1,	0,	0,	0,	0,	0,	0),
(1,	22,	228,	'Message : 68 : 70',	208,	0,	0,	0,	0,	0,	0,	0),
(1,	22,	244,	'Message : 68',	214,	2,	0,	0,	0,	0,	0,	0),
(1,	22,	259,	'expect2',	217,	0,	0,	0,	0,	0,	0,	0),
(1,	22,	261,	'expect1',	219,	0,	0,	0,	0,	0,	0,	0),
(1,	22,	262,	'expect4',	220,	0,	0,	0,	0,	0,	0,	0),
(1,	22,	263,	'expect3',	221,	0,	0,	0,	0,	0,	0,	0),
(1,	22,	265,	'expect text area',	222,	0,	0,	0,	0,	0,	0,	0),
(1,	22,	266,	'expect text area',	223,	1,	0,	0,	0,	0,	0,	0),
(1,	22,	267,	'expect text area : 73',	224,	0,	0,	0,	0,	0,	0,	0),
(1,	22,	268,	'expect text area',	225,	2,	0,	0,	0,	0,	0,	0),
(1,	22,	272,	'workshop',	227,	0,	0,	0,	0,	0,	0,	0),
(1,	22,	273,	'workshop',	228,	1,	0,	0,	0,	0,	0,	0),
(1,	22,	275,	'workshop : 75',	230,	0,	0,	0,	0,	0,	0,	0),
(1,	22,	277,	'workshop : 76',	NULL,	0,	0,	0,	0,	0,	0,	0),
(1,	22,	283,	'Scientific card 1',	234,	0,	0,	0,	0,	0,	0,	0),
(1,	22,	286,	'attend section',	237,	0,	0,	0,	0,	0,	0,	0),
(1,	22,	287,	'Regionally',	238,	0,	0,	0,	0,	0,	0,	0),
(1,	22,	288,	'sponsor section',	239,	0,	0,	0,	0,	0,	0,	0),
(1,	22,	290,	'Scientific card 2',	NULL,	0,	0,	0,	0,	0,	0,	0),
(1,	22,	291,	'Scientific card 3',	NULL,	0,	0,	0,	0,	0,	0,	0),
(1,	22,	293,	'workshop : 74',	241,	0,	0,	0,	0,	0,	0,	0),
(1,	22,	295,	'sponsor section',	242,	1,	0,	0,	0,	0,	0,	0),
(1,	22,	296,	'sponsor section : 80',	243,	0,	0,	0,	0,	0,	0,	0),
(1,	22,	412,	'Scientific heading',	314,	0,	1,	0,	0,	0,	0,	0),
(170,	1,	1,	'Main',	1,	0,	1,	0,	0,	0,	0,	0),
(170,	1,	2,	'Main',	2,	1,	1,	0,	0,	0,	0,	0),
(170,	1,	3,	'Main : 1',	3,	0,	1,	0,	0,	0,	0,	0),
(170,	1,	4,	'Main : 2',	4,	0,	1,	0,	0,	0,	0,	0),
(170,	1,	5,	'Main : 3',	5,	0,	1,	0,	0,	0,	0,	0),
(170,	1,	6,	'Main',	6,	2,	1,	0,	0,	0,	0,	0),
(170,	1,	7,	'Main : 4',	7,	0,	1,	0,	0,	0,	0,	0),
(170,	1,	8,	'Main : 5',	8,	0,	1,	0,	0,	0,	0,	0),
(170,	1,	9,	'Main',	9,	3,	1,	0,	0,	0,	0,	0),
(170,	1,	10,	'Main : 6',	10,	0,	1,	0,	0,	0,	0,	0),
(170,	1,	11,	'Main : 7',	11,	0,	1,	0,	0,	0,	0,	0),
(170,	1,	12,	'Main : 8',	12,	0,	1,	0,	0,	0,	0,	0),
(170,	1,	13,	'Main',	13,	4,	1,	0,	0,	0,	0,	0),
(171,	1,	14,	'Main',	14,	0,	1,	0,	0,	0,	0,	0),
(171,	1,	15,	'Main : 9',	15,	0,	1,	0,	0,	0,	0,	0),
(171,	1,	16,	'Main',	16,	1,	1,	0,	0,	0,	0,	0),
(171,	1,	17,	'Main : 10',	17,	0,	1,	0,	0,	0,	0,	0),
(184,	1,	18,	'Main',	18,	0,	1,	0,	0,	0,	0,	0),
(184,	1,	19,	'Main : 11',	19,	0,	1,	0,	0,	0,	0,	0),
(184,	1,	20,	'Main',	20,	1,	1,	0,	0,	0,	0,	0),
(184,	1,	21,	'Main : 12',	21,	0,	1,	0,	0,	0,	0,	0),
(185,	1,	56,	'Main',	56,	0,	1,	0,	0,	0,	0,	0),
(186,	1,	57,	'Main',	57,	0,	1,	0,	0,	0,	0,	0),
(187,	1,	58,	'Main',	58,	0,	1,	0,	0,	0,	0,	0),
(188,	1,	59,	'Main',	59,	0,	1,	0,	0,	0,	0,	0),
(189,	1,	60,	'Main',	60,	0,	1,	0,	0,	0,	0,	0),
(190,	1,	61,	'Main',	61,	0,	1,	0,	0,	1,	0,	0),
(191,	1,	62,	'Main',	62,	0,	1,	0,	0,	0,	0,	0),
(192,	1,	63,	'Main',	63,	0,	1,	0,	0,	0,	0,	0),
(194,	1,	81,	'Main',	81,	0,	1,	0,	0,	0,	0,	0),
(194,	1,	82,	'Main',	82,	1,	1,	0,	0,	0,	0,	0),
(194,	1,	83,	'Main : 23',	83,	0,	1,	0,	0,	0,	0,	0),
(194,	1,	84,	'Main : 24',	84,	0,	1,	0,	0,	0,	0,	0),
(194,	1,	85,	'Main : 25',	85,	0,	1,	0,	0,	0,	0,	0),
(194,	1,	86,	'Main : 26',	86,	0,	1,	0,	0,	0,	0,	0),
(194,	1,	87,	'Main',	87,	2,	1,	0,	0,	0,	0,	0),
(194,	1,	88,	'Main',	88,	3,	1,	0,	0,	0,	0,	0),
(194,	1,	89,	'Main : 27',	89,	0,	1,	0,	0,	0,	0,	0),
(194,	1,	90,	'Main : 28',	90,	0,	1,	0,	0,	0,	0,	0),
(194,	1,	91,	'Page Footer',	91,	0,	1,	0,	0,	0,	0,	0),
(194,	1,	92,	'Page Footer',	92,	1,	1,	0,	0,	0,	0,	0),
(194,	1,	93,	'Page Footer : 29',	93,	0,	1,	0,	0,	0,	0,	0),
(194,	1,	94,	'Page Footer : 29',	94,	1,	1,	0,	0,	0,	0,	0),
(194,	1,	95,	'Page Footer : 30',	95,	0,	1,	0,	0,	0,	0,	0),
(194,	1,	96,	'Page Footer : 30',	96,	1,	1,	0,	0,	0,	0,	0),
(195,	1,	53,	'Main',	53,	0,	1,	0,	0,	0,	0,	0),
(195,	1,	54,	'Main',	54,	1,	1,	0,	0,	0,	0,	0),
(195,	1,	55,	'Main',	55,	2,	1,	0,	0,	0,	0,	0),
(196,	1,	53,	'Main',	53,	0,	0,	0,	0,	0,	0,	0),
(196,	1,	54,	'Main',	54,	1,	0,	0,	0,	0,	0,	0),
(196,	1,	55,	'Main',	55,	2,	0,	0,	0,	0,	0,	0),
(197,	1,	109,	'Main',	109,	0,	1,	0,	0,	0,	0,	0),
(197,	1,	110,	'Main',	110,	1,	1,	0,	0,	0,	0,	0),
(197,	1,	111,	'Main : 31',	111,	0,	1,	0,	0,	0,	0,	0),
(197,	1,	112,	'Main : 32',	112,	0,	1,	0,	0,	0,	0,	0),
(197,	1,	113,	'Main',	113,	2,	1,	0,	0,	0,	0,	0),
(197,	1,	114,	'Main',	114,	3,	1,	0,	0,	0,	0,	0),
(197,	1,	115,	'Main : 33',	115,	0,	1,	0,	0,	0,	0,	0),
(197,	1,	116,	'Main : 33',	116,	1,	1,	0,	0,	0,	0,	0),
(197,	1,	117,	'Main : 34',	117,	0,	1,	0,	0,	0,	0,	0),
(197,	1,	118,	'Main : 34',	118,	1,	1,	0,	0,	0,	0,	0),
(197,	1,	119,	'Main : 35',	119,	0,	1,	0,	0,	0,	0,	0),
(197,	1,	120,	'Main : 35',	120,	1,	1,	0,	0,	0,	0,	0),
(197,	1,	121,	'Main',	121,	4,	1,	0,	0,	0,	0,	0),
(197,	1,	122,	'Main',	122,	5,	1,	0,	0,	0,	0,	0),
(197,	1,	123,	'Main : 36',	123,	0,	1,	0,	0,	0,	0,	0),
(197,	1,	124,	'Main : 37',	124,	0,	1,	0,	0,	0,	0,	0),
(198,	1,	48,	'Main',	48,	0,	1,	0,	0,	0,	0,	0),
(198,	1,	49,	'Main',	49,	1,	1,	0,	0,	0,	0,	0),
(198,	1,	50,	'Main : 13',	50,	0,	1,	0,	0,	0,	0,	0),
(198,	1,	51,	'Main : 14',	51,	0,	1,	0,	0,	0,	0,	0),
(198,	1,	52,	'Main : 14',	52,	1,	1,	0,	0,	0,	0,	0),
(199,	1,	48,	'Main',	48,	0,	0,	0,	0,	0,	0,	0),
(199,	1,	49,	'Main',	49,	1,	0,	0,	0,	0,	0,	0),
(199,	1,	50,	'Main : 13',	50,	0,	0,	0,	0,	0,	0,	0),
(199,	1,	51,	'Main : 14',	51,	0,	0,	0,	0,	0,	0,	0),
(199,	1,	52,	'Main : 14',	52,	1,	0,	0,	0,	0,	0,	0),
(200,	1,	131,	'Main',	131,	0,	1,	0,	0,	0,	0,	0),
(201,	1,	132,	'Main',	132,	0,	1,	0,	0,	0,	0,	0),
(201,	1,	133,	'Main',	133,	1,	1,	0,	0,	0,	0,	0),
(201,	1,	134,	'Main : 38',	134,	0,	1,	0,	0,	0,	0,	0),
(201,	1,	135,	'Main : 39',	135,	0,	1,	0,	0,	0,	0,	0),
(201,	1,	136,	'Main',	136,	2,	1,	0,	0,	0,	0,	0),
(201,	1,	137,	'Main',	137,	3,	1,	0,	0,	0,	0,	0),
(201,	1,	138,	'Main : 40',	138,	0,	1,	0,	0,	0,	0,	0),
(201,	1,	139,	'Main : 41',	139,	0,	1,	0,	0,	0,	0,	0),
(201,	1,	140,	'Main : 42',	140,	0,	1,	0,	0,	0,	0,	0),
(201,	1,	141,	'Main : 42',	141,	1,	1,	0,	0,	0,	0,	0),
(202,	1,	142,	'Main',	142,	0,	1,	0,	0,	0,	0,	0),
(202,	2,	142,	'Main',	142,	0,	0,	0,	0,	0,	0,	0),
(202,	2,	179,	'Page Footer',	177,	0,	1,	0,	0,	0,	0,	0),
(202,	3,	142,	'Main',	142,	0,	0,	0,	0,	0,	0,	0),
(202,	3,	179,	'Page Footer',	177,	1,	0,	0,	0,	0,	0,	0),
(202,	3,	180,	'Page Footer',	178,	0,	1,	0,	0,	0,	0,	0),
(202,	4,	142,	'Main',	142,	0,	0,	0,	0,	0,	0,	0),
(202,	4,	179,	'Page Footer',	177,	0,	0,	0,	0,	0,	0,	0),
(202,	5,	142,	'Main',	142,	0,	0,	0,	0,	0,	0,	0),
(202,	5,	185,	'Page Footer',	179,	0,	1,	0,	0,	0,	0,	0),
(202,	6,	142,	'Main',	142,	0,	0,	0,	0,	0,	0,	0),
(202,	6,	185,	'Page Footer',	179,	2,	0,	0,	0,	0,	0,	0),
(202,	6,	186,	'Page Footer',	180,	0,	1,	0,	0,	0,	0,	0),
(202,	6,	187,	'Page Footer',	181,	1,	1,	0,	0,	0,	0,	0),
(202,	7,	142,	'Main',	142,	0,	0,	0,	0,	0,	0,	0),
(202,	7,	187,	'Page Footer',	181,	1,	0,	0,	0,	0,	0,	0),
(202,	7,	208,	'Page Footer',	194,	0,	1,	0,	0,	0,	0,	0),
(202,	8,	142,	'Main',	142,	0,	0,	0,	0,	0,	0,	0),
(202,	8,	187,	'Page Footer',	181,	1,	0,	0,	0,	0,	0,	0),
(202,	8,	210,	'Page Footer',	195,	0,	1,	0,	0,	0,	0,	0),
(202,	9,	142,	'Main',	142,	0,	0,	0,	0,	0,	0,	0),
(202,	9,	187,	'Page Footer',	181,	1,	0,	0,	0,	0,	0,	0),
(202,	9,	212,	'Page Footer',	196,	0,	1,	0,	0,	0,	0,	0),
(202,	10,	142,	'Main',	142,	0,	0,	0,	0,	0,	0,	0),
(202,	10,	187,	'Page Footer',	181,	1,	0,	0,	0,	0,	0,	0),
(202,	10,	213,	'Page Footer',	196,	0,	1,	0,	0,	0,	0,	0),
(202,	11,	142,	'Main',	142,	0,	0,	0,	0,	0,	0,	0),
(202,	11,	187,	'Page Footer',	181,	1,	0,	0,	0,	0,	0,	0),
(202,	11,	215,	'Page Footer',	197,	0,	1,	0,	0,	0,	0,	0),
(202,	11,	216,	'Page Footer : 63',	198,	0,	1,	0,	0,	0,	0,	0),
(202,	12,	142,	'Main',	142,	0,	0,	0,	0,	0,	0,	0),
(202,	12,	187,	'Page Footer',	181,	2,	0,	0,	0,	0,	0,	0),
(202,	12,	215,	'Page Footer',	197,	0,	0,	0,	0,	0,	0,	0),
(202,	12,	216,	'Page Footer : 63',	198,	0,	0,	0,	0,	0,	0,	0),
(202,	12,	218,	'Page Footer',	199,	1,	1,	0,	0,	0,	0,	0),
(202,	12,	219,	'Page Footer : 66',	200,	0,	1,	0,	0,	0,	0,	0),
(202,	13,	142,	'Main',	142,	0,	0,	0,	0,	0,	0,	0),
(202,	13,	187,	'Page Footer',	181,	2,	0,	0,	0,	0,	0,	0),
(202,	13,	215,	'Page Footer',	197,	0,	0,	0,	0,	0,	0,	0),
(202,	13,	216,	'Page Footer : 63',	198,	0,	0,	0,	0,	0,	0,	0),
(202,	13,	218,	'Page Footer',	199,	1,	0,	0,	0,	0,	0,	0),
(202,	13,	253,	'Page Footer : 64',	215,	1,	1,	0,	0,	0,	0,	0),
(202,	13,	254,	'Page Footer : 64',	216,	0,	1,	0,	0,	0,	0,	0),
(202,	13,	270,	'Page Footer : 66',	226,	0,	1,	0,	0,	0,	0,	0),
(203,	1,	40,	'Page Header',	40,	0,	1,	0,	0,	0,	0,	0),
(203,	1,	41,	'Page Header',	41,	1,	1,	0,	0,	0,	0,	0),
(203,	1,	42,	'Sidebar',	42,	0,	1,	0,	0,	0,	0,	0),
(203,	1,	43,	'Sidebar',	43,	1,	1,	0,	0,	0,	0,	0),
(203,	1,	44,	'Sidebar',	44,	2,	1,	0,	0,	0,	0,	0),
(203,	1,	45,	'Main',	45,	0,	1,	0,	0,	0,	0,	0),
(203,	1,	46,	'Page Footer',	46,	0,	1,	0,	0,	0,	0,	0),
(203,	1,	47,	'Page Footer',	47,	1,	1,	0,	0,	0,	0,	0),
(204,	1,	40,	'Page Header',	40,	0,	0,	0,	0,	0,	0,	0),
(204,	1,	42,	'Sidebar',	42,	0,	0,	0,	0,	0,	0,	0),
(204,	1,	43,	'Sidebar',	43,	1,	0,	0,	0,	0,	0,	0),
(204,	1,	44,	'Sidebar',	44,	2,	0,	0,	0,	0,	0,	0),
(204,	1,	46,	'Page Footer',	46,	0,	0,	0,	0,	0,	0,	0),
(204,	1,	47,	'Page Footer',	47,	1,	0,	0,	0,	0,	0,	0),
(204,	1,	97,	'Page Header',	97,	1,	1,	0,	0,	0,	0,	0),
(204,	1,	98,	'Main',	98,	0,	1,	0,	0,	0,	0,	0),
(205,	1,	40,	'Page Header',	40,	0,	0,	0,	0,	0,	0,	0),
(205,	1,	42,	'Sidebar',	42,	0,	0,	0,	0,	0,	0,	0),
(205,	1,	43,	'Sidebar',	43,	1,	0,	0,	0,	0,	0,	0),
(205,	1,	44,	'Sidebar',	44,	2,	0,	0,	0,	0,	0,	0),
(205,	1,	46,	'Page Footer',	46,	0,	0,	0,	0,	0,	0,	0),
(205,	1,	47,	'Page Footer',	47,	1,	0,	0,	0,	0,	0,	0),
(205,	1,	99,	'Page Header',	99,	1,	1,	0,	0,	0,	0,	0),
(205,	1,	100,	'Main',	100,	0,	1,	0,	0,	0,	0,	0),
(206,	1,	40,	'Page Header',	40,	0,	0,	0,	0,	0,	0,	0),
(206,	1,	42,	'Sidebar',	42,	0,	0,	0,	0,	0,	0,	0),
(206,	1,	43,	'Sidebar',	43,	1,	0,	0,	0,	0,	0,	0),
(206,	1,	44,	'Sidebar',	44,	2,	0,	0,	0,	0,	0,	0),
(206,	1,	46,	'Page Footer',	46,	0,	0,	0,	0,	0,	0,	0),
(206,	1,	47,	'Page Footer',	47,	1,	0,	0,	0,	0,	0,	0),
(206,	1,	101,	'Page Header',	101,	1,	1,	0,	0,	0,	0,	0),
(206,	1,	102,	'Main',	102,	0,	1,	0,	0,	0,	0,	0),
(207,	1,	40,	'Page Header',	40,	0,	0,	0,	0,	0,	0,	0),
(207,	1,	42,	'Sidebar',	42,	0,	0,	0,	0,	0,	0,	0),
(207,	1,	43,	'Sidebar',	43,	1,	0,	0,	0,	0,	0,	0),
(207,	1,	44,	'Sidebar',	44,	2,	0,	0,	0,	0,	0,	0),
(207,	1,	46,	'Page Footer',	46,	0,	0,	0,	0,	0,	0,	0),
(207,	1,	47,	'Page Footer',	47,	1,	0,	0,	0,	0,	0,	0),
(207,	1,	103,	'Page Header',	103,	1,	1,	0,	0,	0,	0,	0),
(207,	1,	104,	'Main',	104,	0,	1,	0,	0,	0,	0,	0),
(208,	1,	40,	'Page Header',	40,	0,	0,	0,	0,	0,	0,	0),
(208,	1,	42,	'Sidebar',	42,	0,	0,	0,	0,	0,	0,	0),
(208,	1,	43,	'Sidebar',	43,	1,	0,	0,	0,	0,	0,	0),
(208,	1,	44,	'Sidebar',	44,	2,	0,	0,	0,	0,	0,	0),
(208,	1,	46,	'Page Footer',	46,	0,	0,	0,	0,	0,	0,	0),
(208,	1,	47,	'Page Footer',	47,	1,	0,	0,	0,	0,	0,	0),
(208,	1,	105,	'Page Header',	105,	1,	1,	0,	0,	0,	0,	0),
(208,	1,	106,	'Main',	106,	0,	1,	0,	0,	0,	0,	0),
(209,	1,	40,	'Page Header',	40,	0,	0,	0,	0,	0,	0,	0),
(209,	1,	42,	'Sidebar',	42,	0,	0,	0,	0,	0,	0,	0),
(209,	1,	43,	'Sidebar',	43,	1,	0,	0,	0,	0,	0,	0),
(209,	1,	44,	'Sidebar',	44,	2,	0,	0,	0,	0,	0,	0),
(209,	1,	46,	'Page Footer',	46,	0,	0,	0,	0,	0,	0,	0),
(209,	1,	47,	'Page Footer',	47,	1,	0,	0,	0,	0,	0,	0),
(209,	1,	107,	'Page Header',	107,	1,	1,	0,	0,	0,	0,	0),
(209,	1,	108,	'Main',	108,	0,	1,	0,	0,	0,	0,	0),
(210,	1,	22,	'Main',	22,	0,	1,	0,	0,	0,	0,	0),
(210,	1,	23,	'Main',	23,	1,	1,	0,	0,	0,	0,	0),
(210,	1,	24,	'Sidebar',	24,	0,	1,	0,	0,	0,	0,	0),
(210,	1,	25,	'Sidebar',	25,	1,	1,	0,	0,	0,	0,	0),
(210,	1,	26,	'Sidebar',	26,	2,	1,	0,	0,	0,	0,	0),
(210,	1,	27,	'Sidebar',	27,	3,	1,	0,	0,	0,	0,	0),
(210,	1,	28,	'Page Footer',	28,	0,	1,	0,	0,	0,	0,	0),
(210,	1,	29,	'Page Footer',	29,	1,	1,	0,	0,	0,	0,	0),
(211,	1,	22,	'Main',	22,	0,	0,	0,	0,	0,	0,	0),
(211,	1,	24,	'Sidebar',	24,	0,	0,	0,	0,	0,	0,	0),
(211,	1,	25,	'Sidebar',	25,	1,	0,	0,	0,	0,	0,	0),
(211,	1,	26,	'Sidebar',	26,	2,	0,	0,	0,	0,	0,	0),
(211,	1,	27,	'Sidebar',	27,	3,	0,	0,	0,	0,	0,	0),
(211,	1,	28,	'Page Footer',	28,	0,	0,	0,	0,	0,	0,	0),
(211,	1,	125,	'Page Footer',	125,	1,	1,	0,	0,	0,	0,	0),
(211,	1,	126,	'Main',	126,	1,	1,	0,	0,	0,	0,	0),
(212,	1,	22,	'Main',	22,	0,	0,	0,	0,	0,	0,	0),
(212,	1,	24,	'Sidebar',	24,	0,	0,	0,	0,	0,	0,	0),
(212,	1,	25,	'Sidebar',	25,	1,	0,	0,	0,	0,	0,	0),
(212,	1,	26,	'Sidebar',	26,	2,	0,	0,	0,	0,	0,	0),
(212,	1,	27,	'Sidebar',	27,	3,	0,	0,	0,	0,	0,	0),
(212,	1,	28,	'Page Footer',	28,	0,	0,	0,	0,	0,	0,	0),
(212,	1,	127,	'Page Footer',	127,	1,	1,	0,	0,	0,	0,	0),
(212,	1,	128,	'Main',	128,	1,	1,	0,	0,	0,	0,	0),
(213,	1,	22,	'Main',	22,	0,	0,	0,	0,	0,	0,	0),
(213,	1,	24,	'Sidebar',	24,	0,	0,	0,	0,	0,	0,	0),
(213,	1,	25,	'Sidebar',	25,	1,	0,	0,	0,	0,	0,	0),
(213,	1,	26,	'Sidebar',	26,	2,	0,	0,	0,	0,	0,	0),
(213,	1,	27,	'Sidebar',	27,	3,	0,	0,	0,	0,	0,	0),
(213,	1,	28,	'Page Footer',	28,	0,	0,	0,	0,	0,	0,	0),
(213,	1,	129,	'Page Footer',	129,	1,	1,	0,	0,	0,	0,	0),
(213,	1,	130,	'Main',	130,	1,	1,	0,	0,	0,	0,	0),
(214,	1,	143,	'Main',	143,	0,	1,	0,	0,	0,	0,	0),
(214,	1,	144,	'Main',	144,	1,	1,	0,	0,	0,	0,	0),
(214,	1,	145,	'Main : 43',	145,	0,	1,	0,	0,	0,	0,	0),
(214,	1,	146,	'Main : 44',	146,	0,	1,	0,	0,	0,	0,	0),
(214,	1,	147,	'Main : 44',	147,	1,	1,	0,	0,	0,	0,	0),
(214,	1,	148,	'Main',	148,	2,	1,	0,	0,	0,	0,	0),
(214,	1,	149,	'Main',	149,	3,	1,	0,	0,	0,	0,	0),
(214,	1,	150,	'Main : 45',	150,	0,	1,	0,	0,	0,	0,	0),
(214,	1,	151,	'Main : 46',	151,	0,	1,	0,	0,	0,	0,	0),
(214,	1,	152,	'Main : 46',	152,	1,	1,	0,	0,	0,	0,	0),
(214,	1,	153,	'Main : 46',	153,	2,	1,	0,	0,	0,	0,	0),
(214,	1,	154,	'Main',	154,	4,	1,	0,	0,	0,	0,	0),
(214,	1,	155,	'Main',	155,	5,	1,	0,	0,	0,	0,	0),
(214,	1,	156,	'Main : 47',	156,	0,	1,	0,	0,	0,	0,	0),
(214,	1,	157,	'Main : 48',	157,	0,	1,	0,	0,	0,	0,	0),
(214,	2,	143,	'Main',	143,	0,	0,	0,	0,	0,	0,	0),
(214,	2,	144,	'Main',	144,	1,	0,	0,	0,	0,	0,	0),
(214,	2,	145,	'Main : 43',	145,	0,	0,	0,	0,	0,	0,	0),
(214,	2,	146,	'Main : 44',	146,	0,	0,	0,	0,	0,	0,	0),
(214,	2,	147,	'Main : 44',	147,	1,	0,	0,	0,	0,	0,	0),
(214,	2,	148,	'Main',	148,	2,	0,	0,	0,	0,	0,	0),
(214,	2,	149,	'Main',	149,	3,	0,	0,	0,	0,	0,	0),
(214,	2,	150,	'Main : 45',	150,	0,	0,	0,	0,	0,	0,	0),
(214,	2,	151,	'Main : 46',	151,	0,	0,	0,	0,	0,	0,	0),
(214,	2,	152,	'Main : 46',	152,	1,	0,	0,	0,	0,	0,	0),
(214,	2,	153,	'Main : 46',	153,	2,	0,	0,	0,	0,	0,	0),
(214,	2,	154,	'Main',	154,	4,	0,	0,	0,	0,	0,	0),
(214,	2,	155,	'Main',	155,	5,	0,	0,	0,	0,	0,	0),
(214,	2,	156,	'Main : 47',	156,	0,	0,	0,	0,	0,	0,	0),
(214,	2,	157,	'Main : 48',	157,	0,	0,	0,	0,	0,	0,	0),
(214,	3,	143,	'Main',	143,	0,	0,	0,	0,	0,	0,	0),
(214,	3,	144,	'Main',	144,	1,	0,	0,	0,	0,	0,	0),
(214,	3,	145,	'Main : 43',	145,	0,	0,	0,	0,	0,	0,	0),
(214,	3,	146,	'Main : 44',	146,	0,	0,	0,	0,	0,	0,	0),
(214,	3,	147,	'Main : 44',	147,	1,	0,	0,	0,	0,	0,	0),
(214,	3,	148,	'Main',	148,	2,	0,	0,	0,	0,	0,	0),
(214,	3,	149,	'Main',	149,	3,	0,	0,	0,	0,	0,	0),
(214,	3,	150,	'Main : 45',	150,	0,	0,	0,	0,	0,	0,	0),
(214,	3,	151,	'Main : 46',	151,	0,	0,	0,	0,	0,	0,	0),
(214,	3,	152,	'Main : 46',	152,	1,	0,	0,	0,	0,	0,	0),
(214,	3,	153,	'Main : 46',	153,	2,	0,	0,	0,	0,	0,	0),
(214,	3,	154,	'Main',	154,	4,	0,	0,	0,	0,	0,	0),
(214,	3,	155,	'Main',	155,	5,	0,	0,	0,	0,	0,	0),
(214,	3,	156,	'Main : 47',	156,	0,	0,	0,	0,	0,	0,	0),
(214,	3,	157,	'Main : 48',	157,	0,	0,	0,	0,	0,	0,	0),
(214,	3,	297,	'UPCOMING IACAPAP',	244,	0,	1,	0,	0,	0,	0,	0),
(214,	4,	143,	'Main',	143,	0,	0,	0,	0,	0,	0,	0),
(214,	4,	144,	'Main',	144,	1,	0,	0,	0,	0,	0,	0),
(214,	4,	145,	'Main : 43',	145,	0,	0,	0,	0,	0,	0,	0),
(214,	4,	146,	'Main : 44',	146,	0,	0,	0,	0,	0,	0,	0),
(214,	4,	147,	'Main : 44',	147,	1,	0,	0,	0,	0,	0,	0),
(214,	4,	148,	'Main',	148,	2,	0,	0,	0,	0,	0,	0),
(214,	4,	149,	'Main',	149,	3,	0,	0,	0,	0,	0,	0),
(214,	4,	150,	'Main : 45',	150,	0,	0,	0,	0,	0,	0,	0),
(214,	4,	151,	'Main : 46',	151,	0,	0,	0,	0,	0,	0,	0),
(214,	4,	152,	'Main : 46',	152,	1,	0,	0,	0,	0,	0,	0),
(214,	4,	153,	'Main : 46',	153,	2,	0,	0,	0,	0,	0,	0),
(214,	4,	154,	'Main',	154,	4,	0,	0,	0,	0,	0,	0),
(214,	4,	155,	'Main',	155,	5,	0,	0,	0,	0,	0,	0),
(214,	4,	156,	'Main : 47',	156,	0,	0,	0,	0,	0,	0,	0),
(214,	4,	157,	'Main : 48',	157,	0,	0,	0,	0,	0,	0,	0),
(214,	4,	297,	'UPCOMING IACAPAP',	244,	0,	0,	0,	0,	0,	0,	0),
(214,	4,	298,	'UPCOMING IACAPAP : 81',	245,	0,	1,	0,	0,	0,	0,	0),
(214,	5,	143,	'Main',	143,	0,	0,	0,	0,	0,	0,	0),
(214,	5,	144,	'Main',	144,	1,	0,	0,	0,	0,	0,	0),
(214,	5,	145,	'Main : 43',	145,	0,	0,	0,	0,	0,	0,	0),
(214,	5,	146,	'Main : 44',	146,	0,	0,	0,	0,	0,	0,	0),
(214,	5,	147,	'Main : 44',	147,	1,	0,	0,	0,	0,	0,	0),
(214,	5,	148,	'Main',	148,	2,	0,	0,	0,	0,	0,	0),
(214,	5,	149,	'Main',	149,	3,	0,	0,	0,	0,	0,	0),
(214,	5,	150,	'Main : 45',	150,	0,	0,	0,	0,	0,	0,	0),
(214,	5,	151,	'Main : 46',	151,	0,	0,	0,	0,	0,	0,	0),
(214,	5,	152,	'Main : 46',	152,	1,	0,	0,	0,	0,	0,	0),
(214,	5,	153,	'Main : 46',	153,	2,	0,	0,	0,	0,	0,	0),
(214,	5,	154,	'Main',	154,	4,	0,	0,	0,	0,	0,	0),
(214,	5,	155,	'Main',	155,	5,	0,	0,	0,	0,	0,	0),
(214,	5,	156,	'Main : 47',	156,	0,	0,	0,	0,	0,	0,	0),
(214,	5,	157,	'Main : 48',	157,	0,	0,	0,	0,	0,	0,	0),
(214,	5,	297,	'UPCOMING IACAPAP',	244,	0,	0,	0,	0,	0,	0,	0),
(214,	5,	299,	'UPCOMING IACAPAP : 81',	245,	0,	1,	0,	0,	0,	0,	0),
(214,	5,	300,	'UPCOMING IACAPAP : 82',	246,	0,	1,	0,	0,	0,	0,	0),
(214,	5,	301,	'About',	247,	0,	1,	0,	0,	0,	0,	0),
(214,	5,	302,	'About 2',	248,	0,	1,	0,	0,	0,	0,	0),
(214,	5,	303,	'About 2 : 83',	249,	0,	1,	0,	0,	0,	0,	0),
(214,	5,	305,	'About 2 : 84',	250,	0,	1,	0,	0,	0,	0,	0),
(214,	6,	143,	'Main',	143,	0,	0,	0,	0,	0,	0,	0),
(214,	6,	144,	'Main',	144,	1,	0,	0,	0,	0,	0,	0),
(214,	6,	145,	'Main : 43',	145,	0,	0,	0,	0,	0,	0,	0),
(214,	6,	146,	'Main : 44',	146,	0,	0,	0,	0,	0,	0,	0),
(214,	6,	147,	'Main : 44',	147,	1,	0,	0,	0,	0,	0,	0),
(214,	6,	148,	'Main',	148,	2,	0,	0,	0,	0,	0,	0),
(214,	6,	149,	'Main',	149,	3,	0,	0,	0,	0,	0,	0),
(214,	6,	150,	'Main : 45',	150,	0,	0,	0,	0,	0,	0,	0),
(214,	6,	151,	'Main : 46',	151,	0,	0,	0,	0,	0,	0,	0),
(214,	6,	152,	'Main : 46',	152,	1,	0,	0,	0,	0,	0,	0),
(214,	6,	153,	'Main : 46',	153,	2,	0,	0,	0,	0,	0,	0),
(214,	6,	154,	'Main',	154,	4,	0,	0,	0,	0,	0,	0),
(214,	6,	155,	'Main',	155,	5,	0,	0,	0,	0,	0,	0),
(214,	6,	156,	'Main : 47',	156,	0,	0,	0,	0,	0,	0,	0),
(214,	6,	157,	'Main : 48',	157,	0,	0,	0,	0,	0,	0,	0),
(214,	6,	297,	'UPCOMING IACAPAP',	244,	0,	0,	0,	0,	0,	0,	0),
(214,	6,	299,	'UPCOMING IACAPAP : 81',	245,	0,	0,	0,	0,	0,	0,	0),
(214,	6,	300,	'UPCOMING IACAPAP : 82',	246,	0,	0,	0,	0,	0,	0,	0),
(214,	6,	301,	'About',	247,	0,	0,	0,	0,	0,	0,	0),
(214,	6,	302,	'About 2',	248,	0,	0,	0,	0,	0,	0,	0),
(214,	6,	303,	'About 2 : 83',	249,	0,	0,	0,	0,	0,	0,	0),
(214,	6,	306,	'About 2 : 84',	NULL,	0,	1,	0,	0,	0,	0,	0),
(214,	6,	308,	'History',	252,	0,	1,	0,	0,	0,	0,	0),
(214,	6,	309,	'History : 85',	253,	0,	1,	0,	0,	0,	0,	0),
(214,	7,	143,	'Main',	143,	0,	0,	0,	0,	0,	0,	0),
(214,	7,	144,	'Main',	144,	1,	0,	0,	0,	0,	0,	0),
(214,	7,	145,	'Main : 43',	145,	0,	0,	0,	0,	0,	0,	0),
(214,	7,	146,	'Main : 44',	146,	0,	0,	0,	0,	0,	0,	0),
(214,	7,	147,	'Main : 44',	147,	1,	0,	0,	0,	0,	0,	0),
(214,	7,	148,	'Main',	148,	2,	0,	0,	0,	0,	0,	0),
(214,	7,	149,	'Main',	149,	3,	0,	0,	0,	0,	0,	0),
(214,	7,	150,	'Main : 45',	150,	0,	0,	0,	0,	0,	0,	0),
(214,	7,	151,	'Main : 46',	151,	0,	0,	0,	0,	0,	0,	0),
(214,	7,	152,	'Main : 46',	152,	1,	0,	0,	0,	0,	0,	0),
(214,	7,	153,	'Main : 46',	153,	2,	0,	0,	0,	0,	0,	0),
(214,	7,	154,	'Main',	154,	4,	0,	0,	0,	0,	0,	0),
(214,	7,	155,	'Main',	155,	5,	0,	0,	0,	0,	0,	0),
(214,	7,	156,	'Main : 47',	156,	0,	0,	0,	0,	0,	0,	0),
(214,	7,	157,	'Main : 48',	157,	0,	0,	0,	0,	0,	0,	0),
(214,	7,	297,	'UPCOMING IACAPAP',	244,	0,	0,	0,	0,	0,	0,	0),
(214,	7,	299,	'UPCOMING IACAPAP : 81',	245,	0,	0,	0,	0,	0,	0,	0),
(214,	7,	300,	'UPCOMING IACAPAP : 82',	246,	0,	0,	0,	0,	0,	0,	0),
(214,	7,	301,	'About',	247,	0,	0,	0,	0,	0,	0,	0),
(214,	7,	302,	'About 2',	248,	0,	0,	0,	0,	0,	0,	0),
(214,	7,	303,	'About 2 : 83',	249,	0,	0,	0,	0,	0,	0,	0),
(214,	7,	306,	'About 2 : 84',	NULL,	0,	0,	0,	0,	0,	0,	0),
(214,	7,	308,	'History',	252,	0,	0,	0,	0,	0,	0,	0),
(214,	7,	309,	'History : 85',	253,	0,	0,	0,	0,	0,	0,	0),
(214,	7,	310,	'bottom-cards-section',	254,	0,	1,	0,	0,	0,	0,	0),
(214,	7,	311,	'bottom-cards-section : 86',	255,	0,	1,	0,	0,	0,	0,	0),
(214,	7,	312,	'bottom-cards-section : 87',	256,	0,	1,	0,	0,	0,	0,	0),
(214,	7,	313,	'OVERSIGHT COMMITTEE',	257,	0,	1,	0,	0,	0,	0,	0),
(214,	7,	314,	'hosted section',	258,	0,	1,	0,	0,	0,	0,	0),
(214,	8,	143,	'Main',	143,	0,	0,	0,	0,	0,	0,	0),
(214,	8,	144,	'Main',	144,	1,	0,	0,	0,	0,	0,	0),
(214,	8,	145,	'Main : 43',	145,	0,	0,	0,	0,	0,	0,	0),
(214,	8,	146,	'Main : 44',	146,	0,	0,	0,	0,	0,	0,	0),
(214,	8,	147,	'Main : 44',	147,	1,	0,	0,	0,	0,	0,	0),
(214,	8,	148,	'Main',	148,	2,	0,	0,	0,	0,	0,	0),
(214,	8,	149,	'Main',	149,	3,	0,	0,	0,	0,	0,	0),
(214,	8,	150,	'Main : 45',	150,	0,	0,	0,	0,	0,	0,	0),
(214,	8,	151,	'Main : 46',	151,	0,	0,	0,	0,	0,	0,	0),
(214,	8,	152,	'Main : 46',	152,	1,	0,	0,	0,	0,	0,	0),
(214,	8,	153,	'Main : 46',	153,	2,	0,	0,	0,	0,	0,	0),
(214,	8,	154,	'Main',	154,	4,	0,	0,	0,	0,	0,	0),
(214,	8,	155,	'Main',	155,	5,	0,	0,	0,	0,	0,	0),
(214,	8,	156,	'Main : 47',	156,	0,	0,	0,	0,	0,	0,	0),
(214,	8,	157,	'Main : 48',	157,	0,	0,	0,	0,	0,	0,	0),
(214,	8,	297,	'UPCOMING IACAPAP',	244,	0,	0,	0,	0,	0,	0,	0),
(214,	8,	299,	'UPCOMING IACAPAP : 81',	245,	0,	0,	0,	0,	0,	0,	0),
(214,	8,	300,	'UPCOMING IACAPAP : 82',	246,	0,	0,	0,	0,	0,	0,	0),
(214,	8,	301,	'About',	247,	0,	0,	0,	0,	0,	0,	0),
(214,	8,	302,	'About 2',	248,	0,	0,	0,	0,	0,	0,	0),
(214,	8,	303,	'About 2 : 83',	249,	0,	0,	0,	0,	0,	0,	0),
(214,	8,	306,	'About 2 : 84',	NULL,	0,	0,	0,	0,	0,	0,	0),
(214,	8,	308,	'History',	252,	0,	0,	0,	0,	0,	0,	0),
(214,	8,	310,	'bottom-cards-section',	254,	0,	0,	0,	0,	0,	0,	0),
(214,	8,	311,	'bottom-cards-section : 86',	255,	0,	0,	0,	0,	0,	0,	0),
(214,	8,	312,	'bottom-cards-section : 87',	256,	0,	0,	0,	0,	0,	0,	0),
(214,	8,	313,	'OVERSIGHT COMMITTEE',	257,	0,	0,	0,	0,	0,	0,	0),
(214,	8,	314,	'hosted section',	258,	0,	0,	0,	0,	0,	0,	0),
(214,	8,	315,	'History : 85',	253,	0,	1,	0,	0,	0,	0,	0),
(214,	9,	143,	'Main',	143,	0,	0,	0,	0,	0,	0,	0),
(214,	9,	144,	'Main',	144,	1,	0,	0,	0,	0,	0,	0),
(214,	9,	145,	'Main : 43',	145,	0,	0,	0,	0,	0,	0,	0),
(214,	9,	146,	'Main : 44',	146,	0,	0,	0,	0,	0,	0,	0),
(214,	9,	147,	'Main : 44',	147,	1,	0,	0,	0,	0,	0,	0),
(214,	9,	148,	'Main',	148,	2,	0,	0,	0,	0,	0,	0),
(214,	9,	149,	'Main',	149,	3,	0,	0,	0,	0,	0,	0),
(214,	9,	150,	'Main : 45',	150,	0,	0,	0,	0,	0,	0,	0),
(214,	9,	151,	'Main : 46',	151,	0,	0,	0,	0,	0,	0,	0),
(214,	9,	152,	'Main : 46',	152,	1,	0,	0,	0,	0,	0,	0),
(214,	9,	153,	'Main : 46',	153,	2,	0,	0,	0,	0,	0,	0),
(214,	9,	154,	'Main',	154,	4,	0,	0,	0,	0,	0,	0),
(214,	9,	155,	'Main',	155,	5,	0,	0,	0,	0,	0,	0),
(214,	9,	156,	'Main : 47',	156,	0,	0,	0,	0,	0,	0,	0),
(214,	9,	157,	'Main : 48',	157,	0,	0,	0,	0,	0,	0,	0),
(214,	9,	297,	'UPCOMING IACAPAP',	244,	0,	0,	0,	0,	0,	0,	0),
(214,	9,	299,	'UPCOMING IACAPAP : 81',	245,	0,	0,	0,	0,	0,	0,	0),
(214,	9,	300,	'UPCOMING IACAPAP : 82',	246,	0,	0,	0,	0,	0,	0,	0),
(214,	9,	301,	'About',	247,	0,	0,	0,	0,	0,	0,	0),
(214,	9,	302,	'About 2',	248,	0,	0,	0,	0,	0,	0,	0),
(214,	9,	303,	'About 2 : 83',	249,	0,	0,	0,	0,	0,	0,	0),
(214,	9,	306,	'About 2 : 84',	NULL,	0,	0,	0,	0,	0,	0,	0),
(214,	9,	308,	'History',	252,	0,	0,	0,	0,	0,	0,	0),
(214,	9,	310,	'bottom-cards-section',	254,	0,	0,	0,	0,	0,	0,	0),
(214,	9,	311,	'bottom-cards-section : 86',	255,	0,	0,	0,	0,	0,	0,	0),
(214,	9,	312,	'bottom-cards-section : 87',	256,	0,	0,	0,	0,	0,	0,	0),
(214,	9,	313,	'OVERSIGHT COMMITTEE',	257,	0,	0,	0,	0,	0,	0,	0),
(214,	9,	315,	'History : 85',	253,	0,	0,	0,	0,	0,	0,	0),
(214,	9,	317,	'hosted section',	259,	0,	1,	0,	0,	0,	0,	0),
(214,	10,	143,	'Main',	143,	0,	0,	0,	0,	0,	0,	0),
(214,	10,	144,	'Main',	144,	1,	0,	0,	0,	0,	0,	0),
(214,	10,	145,	'Main : 43',	145,	0,	0,	0,	0,	0,	0,	0),
(214,	10,	146,	'Main : 44',	146,	0,	0,	0,	0,	0,	0,	0),
(214,	10,	147,	'Main : 44',	147,	1,	0,	0,	0,	0,	0,	0),
(214,	10,	148,	'Main',	148,	2,	0,	0,	0,	0,	0,	0),
(214,	10,	149,	'Main',	149,	3,	0,	0,	0,	0,	0,	0),
(214,	10,	150,	'Main : 45',	150,	0,	0,	0,	0,	0,	0,	0),
(214,	10,	151,	'Main : 46',	151,	0,	0,	0,	0,	0,	0,	0),
(214,	10,	152,	'Main : 46',	152,	1,	0,	0,	0,	0,	0,	0),
(214,	10,	153,	'Main : 46',	153,	2,	0,	0,	0,	0,	0,	0),
(214,	10,	154,	'Main',	154,	4,	0,	0,	0,	0,	0,	0),
(214,	10,	155,	'Main',	155,	5,	0,	0,	0,	0,	0,	0),
(214,	10,	156,	'Main : 47',	156,	0,	0,	0,	0,	0,	0,	0),
(214,	10,	157,	'Main : 48',	157,	0,	0,	0,	0,	0,	0,	0),
(214,	10,	297,	'UPCOMING IACAPAP',	244,	0,	0,	0,	0,	0,	0,	0),
(214,	10,	300,	'UPCOMING IACAPAP : 82',	246,	0,	0,	0,	0,	0,	0,	0),
(214,	10,	301,	'About',	247,	0,	0,	0,	0,	0,	0,	0),
(214,	10,	302,	'About 2',	248,	0,	0,	0,	0,	0,	0,	0),
(214,	10,	303,	'About 2 : 83',	249,	0,	0,	0,	0,	0,	0,	0),
(214,	10,	306,	'About 2 : 84',	NULL,	0,	0,	0,	0,	0,	0,	0),
(214,	10,	308,	'History',	252,	0,	0,	0,	0,	0,	0,	0),
(214,	10,	310,	'bottom-cards-section',	254,	0,	0,	0,	0,	0,	0,	0),
(214,	10,	311,	'bottom-cards-section : 86',	255,	0,	0,	0,	0,	0,	0,	0),
(214,	10,	312,	'bottom-cards-section : 87',	256,	0,	0,	0,	0,	0,	0,	0),
(214,	10,	313,	'OVERSIGHT COMMITTEE',	257,	0,	0,	0,	0,	0,	0,	0),
(214,	10,	315,	'History : 85',	253,	0,	0,	0,	0,	0,	0,	0),
(214,	10,	317,	'hosted section',	259,	0,	0,	0,	0,	0,	0,	0),
(214,	10,	319,	'UPCOMING IACAPAP : 81',	260,	0,	1,	0,	0,	0,	0,	0),
(214,	11,	143,	'Main',	143,	0,	0,	0,	0,	0,	0,	0),
(214,	11,	144,	'Main',	144,	1,	0,	0,	0,	0,	0,	0),
(214,	11,	145,	'Main : 43',	145,	0,	0,	0,	0,	0,	0,	0),
(214,	11,	146,	'Main : 44',	146,	0,	0,	0,	0,	0,	0,	0),
(214,	11,	147,	'Main : 44',	147,	1,	0,	0,	0,	0,	0,	0),
(214,	11,	148,	'Main',	148,	2,	0,	0,	0,	0,	0,	0),
(214,	11,	149,	'Main',	149,	3,	0,	0,	0,	0,	0,	0),
(214,	11,	150,	'Main : 45',	150,	0,	0,	0,	0,	0,	0,	0),
(214,	11,	151,	'Main : 46',	151,	0,	0,	0,	0,	0,	0,	0),
(214,	11,	152,	'Main : 46',	152,	1,	0,	0,	0,	0,	0,	0),
(214,	11,	153,	'Main : 46',	153,	2,	0,	0,	0,	0,	0,	0),
(214,	11,	154,	'Main',	154,	4,	0,	0,	0,	0,	0,	0),
(214,	11,	155,	'Main',	155,	5,	0,	0,	0,	0,	0,	0),
(214,	11,	156,	'Main : 47',	156,	0,	0,	0,	0,	0,	0,	0),
(214,	11,	157,	'Main : 48',	157,	0,	0,	0,	0,	0,	0,	0),
(214,	11,	297,	'UPCOMING IACAPAP',	244,	0,	0,	0,	0,	0,	0,	0),
(214,	11,	300,	'UPCOMING IACAPAP : 82',	246,	0,	0,	0,	0,	0,	0,	0),
(214,	11,	301,	'About',	247,	0,	0,	0,	0,	0,	0,	0),
(214,	11,	302,	'About 2',	248,	0,	0,	0,	0,	0,	0,	0),
(214,	11,	303,	'About 2 : 83',	249,	0,	0,	0,	0,	0,	0,	0),
(214,	11,	306,	'About 2 : 84',	NULL,	0,	0,	0,	0,	0,	0,	0),
(214,	11,	308,	'History',	252,	0,	0,	0,	0,	0,	0,	0),
(214,	11,	310,	'bottom-cards-section',	254,	0,	0,	0,	0,	0,	0,	0),
(214,	11,	311,	'bottom-cards-section : 86',	255,	0,	0,	0,	0,	0,	0,	0),
(214,	11,	312,	'bottom-cards-section : 87',	256,	0,	0,	0,	0,	0,	0,	0),
(214,	11,	313,	'OVERSIGHT COMMITTEE',	257,	0,	0,	0,	0,	0,	0,	0),
(214,	11,	315,	'History : 85',	253,	0,	0,	0,	0,	0,	0,	0),
(214,	11,	317,	'hosted section',	259,	0,	0,	0,	0,	0,	0,	0),
(214,	11,	321,	'UPCOMING IACAPAP : 81',	261,	0,	1,	0,	0,	0,	0,	0),
(214,	12,	143,	'Main',	143,	0,	0,	0,	0,	0,	0,	0),
(214,	12,	144,	'Main',	144,	1,	0,	0,	0,	0,	0,	0),
(214,	12,	145,	'Main : 43',	145,	0,	0,	0,	0,	0,	0,	0),
(214,	12,	146,	'Main : 44',	146,	0,	0,	0,	0,	0,	0,	0),
(214,	12,	147,	'Main : 44',	147,	1,	0,	0,	0,	0,	0,	0),
(214,	12,	148,	'Main',	148,	2,	0,	0,	0,	0,	0,	0),
(214,	12,	149,	'Main',	149,	3,	0,	0,	0,	0,	0,	0),
(214,	12,	150,	'Main : 45',	150,	0,	0,	0,	0,	0,	0,	0),
(214,	12,	151,	'Main : 46',	151,	0,	0,	0,	0,	0,	0,	0),
(214,	12,	152,	'Main : 46',	152,	1,	0,	0,	0,	0,	0,	0),
(214,	12,	153,	'Main : 46',	153,	2,	0,	0,	0,	0,	0,	0),
(214,	12,	154,	'Main',	154,	4,	0,	0,	0,	0,	0,	0),
(214,	12,	155,	'Main',	155,	5,	0,	0,	0,	0,	0,	0),
(214,	12,	156,	'Main : 47',	156,	0,	0,	0,	0,	0,	0,	0),
(214,	12,	157,	'Main : 48',	157,	0,	0,	0,	0,	0,	0,	0),
(214,	12,	297,	'UPCOMING IACAPAP',	244,	0,	0,	0,	0,	0,	0,	0),
(214,	12,	300,	'UPCOMING IACAPAP : 82',	246,	0,	0,	0,	0,	0,	0,	0),
(214,	12,	301,	'About',	247,	0,	0,	0,	0,	0,	0,	0),
(214,	12,	302,	'About 2',	248,	0,	0,	0,	0,	0,	0,	0),
(214,	12,	303,	'About 2 : 83',	249,	1,	0,	0,	0,	0,	0,	0),
(214,	12,	306,	'About 2 : 84',	NULL,	1,	0,	0,	0,	0,	0,	0),
(214,	12,	308,	'History',	252,	0,	0,	0,	0,	0,	0,	0),
(214,	12,	310,	'bottom-cards-section',	254,	0,	0,	0,	0,	0,	0,	0),
(214,	12,	311,	'bottom-cards-section : 86',	255,	0,	0,	0,	0,	0,	0,	0),
(214,	12,	312,	'bottom-cards-section : 87',	256,	0,	0,	0,	0,	0,	0,	0),
(214,	12,	313,	'OVERSIGHT COMMITTEE',	257,	0,	0,	0,	0,	0,	0,	0),
(214,	12,	315,	'History : 85',	253,	0,	0,	0,	0,	0,	0,	0),
(214,	12,	317,	'hosted section',	259,	0,	0,	0,	0,	0,	0,	0),
(214,	12,	321,	'UPCOMING IACAPAP : 81',	261,	0,	0,	0,	0,	0,	0,	0),
(214,	12,	322,	'About 2 : 84',	262,	0,	1,	0,	0,	0,	0,	0),
(214,	12,	323,	'About 2 : 84 : 88',	263,	1,	1,	0,	0,	0,	0,	0),
(214,	12,	324,	'About 2 : 84 : 88 : 89',	264,	0,	1,	0,	0,	0,	0,	0),
(214,	13,	143,	'Main',	143,	0,	0,	0,	0,	0,	0,	0),
(214,	13,	144,	'Main',	144,	1,	0,	0,	0,	0,	0,	0),
(214,	13,	145,	'Main : 43',	145,	0,	0,	0,	0,	0,	0,	0),
(214,	13,	146,	'Main : 44',	146,	0,	0,	0,	0,	0,	0,	0),
(214,	13,	147,	'Main : 44',	147,	1,	0,	0,	0,	0,	0,	0),
(214,	13,	148,	'Main',	148,	2,	0,	0,	0,	0,	0,	0),
(214,	13,	149,	'Main',	149,	3,	0,	0,	0,	0,	0,	0),
(214,	13,	150,	'Main : 45',	150,	0,	0,	0,	0,	0,	0,	0),
(214,	13,	151,	'Main : 46',	151,	0,	0,	0,	0,	0,	0,	0),
(214,	13,	152,	'Main : 46',	152,	1,	0,	0,	0,	0,	0,	0),
(214,	13,	153,	'Main : 46',	153,	2,	0,	0,	0,	0,	0,	0),
(214,	13,	154,	'Main',	154,	4,	0,	0,	0,	0,	0,	0),
(214,	13,	155,	'Main',	155,	5,	0,	0,	0,	0,	0,	0),
(214,	13,	156,	'Main : 47',	156,	0,	0,	0,	0,	0,	0,	0),
(214,	13,	157,	'Main : 48',	157,	0,	0,	0,	0,	0,	0,	0),
(214,	13,	297,	'UPCOMING IACAPAP',	244,	0,	0,	0,	0,	0,	0,	0),
(214,	13,	300,	'UPCOMING IACAPAP : 82',	246,	0,	0,	0,	0,	0,	0,	0),
(214,	13,	301,	'About',	247,	0,	0,	0,	0,	0,	0,	0),
(214,	13,	302,	'About 2',	248,	0,	0,	0,	0,	0,	0,	0),
(214,	13,	303,	'About 2 : 83',	249,	1,	0,	0,	0,	0,	0,	0),
(214,	13,	306,	'About 2 : 84',	NULL,	1,	0,	0,	0,	0,	0,	0),
(214,	13,	308,	'History',	252,	0,	0,	0,	0,	0,	0,	0),
(214,	13,	310,	'bottom-cards-section',	254,	0,	0,	0,	0,	0,	0,	0),
(214,	13,	311,	'bottom-cards-section : 86',	255,	0,	0,	0,	0,	0,	0,	0),
(214,	13,	313,	'OVERSIGHT COMMITTEE',	257,	0,	0,	0,	0,	0,	0,	0),
(214,	13,	315,	'History : 85',	253,	0,	0,	0,	0,	0,	0,	0),
(214,	13,	317,	'hosted section',	259,	0,	0,	0,	0,	0,	0,	0),
(214,	13,	321,	'UPCOMING IACAPAP : 81',	261,	0,	0,	0,	0,	0,	0,	0),
(214,	13,	322,	'About 2 : 84',	262,	0,	0,	0,	0,	0,	0,	0),
(214,	13,	323,	'About 2 : 84 : 88',	263,	1,	0,	0,	0,	0,	0,	0),
(214,	13,	324,	'About 2 : 84 : 88 : 89',	264,	0,	0,	0,	0,	0,	0,	0),
(214,	13,	414,	'bottom-cards-section : 87',	256,	0,	1,	0,	0,	0,	0,	0),
(214,	14,	143,	'Main',	143,	0,	0,	0,	0,	0,	0,	0),
(214,	14,	144,	'Main',	144,	1,	0,	0,	0,	0,	0,	0),
(214,	14,	145,	'Main : 43',	145,	0,	0,	0,	0,	0,	0,	0),
(214,	14,	146,	'Main : 44',	146,	0,	0,	0,	0,	0,	0,	0),
(214,	14,	147,	'Main : 44',	147,	1,	0,	0,	0,	0,	0,	0),
(214,	14,	148,	'Main',	148,	2,	0,	0,	0,	0,	0,	0),
(214,	14,	149,	'Main',	149,	3,	0,	0,	0,	0,	0,	0),
(214,	14,	150,	'Main : 45',	150,	0,	0,	0,	0,	0,	0,	0),
(214,	14,	151,	'Main : 46',	151,	0,	0,	0,	0,	0,	0,	0),
(214,	14,	152,	'Main : 46',	152,	1,	0,	0,	0,	0,	0,	0),
(214,	14,	153,	'Main : 46',	153,	2,	0,	0,	0,	0,	0,	0),
(214,	14,	154,	'Main',	154,	4,	0,	0,	0,	0,	0,	0),
(214,	14,	155,	'Main',	155,	5,	0,	0,	0,	0,	0,	0),
(214,	14,	156,	'Main : 47',	156,	0,	0,	0,	0,	0,	0,	0),
(214,	14,	157,	'Main : 48',	157,	0,	0,	0,	0,	0,	0,	0),
(214,	14,	297,	'UPCOMING IACAPAP',	244,	0,	0,	0,	0,	0,	0,	0),
(214,	14,	300,	'UPCOMING IACAPAP : 82',	246,	0,	0,	0,	0,	0,	0,	0),
(214,	14,	301,	'About',	247,	0,	0,	0,	0,	0,	0,	0),
(214,	14,	302,	'About 2',	248,	0,	0,	0,	0,	0,	0,	0),
(214,	14,	303,	'About 2 : 83',	249,	1,	0,	0,	0,	0,	0,	0),
(214,	14,	306,	'About 2 : 84',	NULL,	1,	0,	0,	0,	0,	0,	0),
(214,	14,	308,	'History',	252,	0,	0,	0,	0,	0,	0,	0),
(214,	14,	310,	'bottom-cards-section',	254,	0,	0,	0,	0,	0,	0,	0),
(214,	14,	311,	'bottom-cards-section : 86',	255,	0,	0,	0,	0,	0,	0,	0),
(214,	14,	313,	'OVERSIGHT COMMITTEE',	257,	0,	0,	0,	0,	0,	0,	0),
(214,	14,	315,	'History : 85',	253,	0,	0,	0,	0,	0,	0,	0),
(214,	14,	317,	'hosted section',	259,	0,	0,	0,	0,	0,	0,	0),
(214,	14,	321,	'UPCOMING IACAPAP : 81',	261,	0,	0,	0,	0,	0,	0,	0),
(214,	14,	322,	'About 2 : 84',	262,	0,	0,	0,	0,	0,	0,	0),
(214,	14,	323,	'About 2 : 84 : 88',	263,	1,	0,	0,	0,	0,	0,	0),
(214,	14,	324,	'About 2 : 84 : 88 : 89',	264,	0,	0,	0,	0,	0,	0,	0),
(214,	14,	415,	'bottom-cards-section : 87',	256,	0,	1,	0,	0,	0,	0,	0),
(215,	1,	158,	'Main',	158,	0,	1,	0,	0,	0,	0,	0),
(215,	1,	159,	'Main',	159,	1,	1,	0,	0,	0,	0,	0),
(215,	1,	160,	'Main',	160,	2,	1,	0,	0,	0,	0,	0),
(215,	1,	161,	'Main',	161,	3,	1,	0,	0,	0,	0,	0),
(215,	1,	162,	'Main : 49',	162,	0,	1,	0,	0,	0,	0,	0),
(215,	1,	163,	'Main : 49',	163,	1,	1,	0,	0,	0,	0,	0),
(215,	1,	164,	'Main : 50',	164,	0,	1,	0,	0,	0,	0,	0),
(215,	1,	165,	'Main : 50',	165,	1,	1,	0,	0,	0,	0,	0),
(215,	1,	166,	'Main : 51',	166,	0,	1,	0,	0,	0,	0,	0),
(215,	1,	167,	'Main : 51',	167,	1,	1,	0,	0,	0,	0,	0),
(215,	1,	168,	'Main',	168,	4,	1,	0,	0,	0,	0,	0),
(215,	1,	169,	'Main',	169,	5,	1,	0,	0,	0,	0,	0),
(215,	1,	170,	'Main : 52',	170,	0,	1,	0,	0,	0,	0,	0),
(215,	1,	171,	'Main : 53',	171,	0,	1,	0,	0,	0,	0,	0),
(216,	1,	174,	'Main',	174,	0,	1,	0,	0,	0,	0,	0),
(216,	1,	175,	'Main',	175,	1,	1,	0,	0,	0,	0,	0),
(217,	1,	30,	'Page Header',	30,	0,	1,	0,	0,	0,	0,	0),
(217,	1,	31,	'Sidebar',	31,	0,	1,	0,	0,	0,	0,	0),
(217,	1,	32,	'Main',	32,	0,	1,	0,	0,	0,	0,	0),
(217,	1,	33,	'Main',	33,	1,	1,	0,	0,	0,	0,	0),
(217,	1,	34,	'Main',	34,	2,	1,	0,	0,	0,	0,	0),
(217,	1,	35,	'Main',	35,	3,	1,	0,	0,	0,	0,	0),
(217,	1,	36,	'Main',	36,	4,	1,	0,	0,	0,	0,	0),
(217,	1,	37,	'Main',	37,	5,	1,	0,	0,	0,	0,	0),
(217,	1,	38,	'Main',	38,	6,	1,	0,	0,	0,	0,	0),
(217,	1,	39,	'Main',	39,	7,	1,	0,	0,	0,	0,	0),
(218,	1,	30,	'Page Header',	30,	0,	0,	0,	0,	0,	0,	0),
(218,	1,	31,	'Sidebar',	31,	0,	0,	0,	0,	0,	0,	0),
(218,	1,	32,	'Main',	32,	0,	0,	0,	0,	0,	0,	0),
(218,	1,	33,	'Main',	33,	1,	0,	0,	0,	0,	0,	0),
(218,	1,	34,	'Main',	34,	2,	0,	0,	0,	0,	0,	0),
(218,	1,	35,	'Main',	35,	3,	0,	0,	0,	0,	0,	0),
(218,	1,	36,	'Main',	36,	4,	0,	0,	0,	0,	0,	0),
(218,	1,	37,	'Main',	37,	5,	0,	0,	0,	0,	0,	0),
(218,	1,	39,	'Main',	39,	7,	0,	0,	0,	0,	0,	0),
(218,	1,	172,	'Main',	172,	6,	1,	0,	0,	0,	0,	0),
(219,	1,	30,	'Page Header',	30,	0,	0,	0,	0,	0,	0,	0),
(219,	1,	31,	'Sidebar',	31,	0,	0,	0,	0,	0,	0,	0),
(219,	1,	32,	'Main',	32,	0,	0,	0,	0,	0,	0,	0),
(219,	1,	33,	'Main',	33,	1,	0,	0,	0,	0,	0,	0),
(219,	1,	34,	'Main',	34,	2,	0,	0,	0,	0,	0,	0),
(219,	1,	35,	'Main',	35,	3,	0,	0,	0,	0,	0,	0),
(219,	1,	36,	'Main',	36,	4,	0,	0,	0,	0,	0,	0),
(219,	1,	37,	'Main',	37,	5,	0,	0,	0,	0,	0,	0),
(219,	1,	39,	'Main',	39,	7,	0,	0,	0,	0,	0,	0),
(219,	1,	173,	'Main',	173,	6,	1,	0,	0,	0,	0,	0),
(229,	1,	178,	'Page Footer',	176,	0,	1,	0,	0,	0,	0,	0),
(230,	3,	325,	'About Dubai',	265,	0,	1,	0,	0,	0,	0,	0),
(230,	3,	326,	'About Dubai : 90',	266,	0,	1,	0,	0,	0,	0,	0),
(230,	3,	327,	'About Dubai : 91',	267,	0,	1,	0,	0,	0,	0,	0),
(230,	3,	329,	'Tip and full',	268,	0,	1,	0,	0,	0,	0,	0),
(230,	3,	330,	'Tip and full : 92',	269,	0,	1,	0,	0,	0,	0,	0),
(230,	3,	331,	'Tip and full',	270,	1,	1,	0,	0,	0,	0,	0),
(230,	3,	332,	'Tip and full : 93',	271,	0,	1,	0,	0,	0,	0,	0),
(230,	4,	325,	'About Dubai',	265,	0,	0,	0,	0,	0,	0,	0),
(230,	4,	326,	'About Dubai : 90',	266,	0,	0,	0,	0,	0,	0,	0),
(230,	4,	327,	'About Dubai : 91',	267,	0,	0,	0,	0,	0,	0,	0),
(230,	4,	329,	'Tip and full',	268,	0,	0,	0,	0,	0,	0,	0),
(230,	4,	330,	'Tip and full : 92',	269,	0,	0,	0,	0,	0,	0,	0),
(230,	4,	331,	'Tip and full',	270,	1,	0,	0,	0,	0,	0,	0),
(230,	4,	332,	'Tip and full : 93',	271,	1,	0,	0,	0,	0,	0,	0),
(230,	4,	333,	'Tip and full : 93',	272,	0,	1,	0,	0,	0,	0,	0),
(230,	5,	325,	'About Dubai',	265,	0,	0,	0,	0,	0,	0,	0),
(230,	5,	326,	'About Dubai : 90',	266,	0,	0,	0,	0,	0,	0,	0),
(230,	5,	327,	'About Dubai : 91',	267,	0,	0,	0,	0,	0,	0,	0),
(230,	5,	329,	'Tip and full',	268,	0,	0,	0,	0,	0,	0,	0),
(230,	5,	330,	'Tip and full : 92',	269,	0,	0,	0,	0,	0,	0,	0),
(230,	5,	331,	'Tip and full',	270,	1,	0,	0,	0,	0,	0,	0),
(230,	5,	332,	'Tip and full : 93',	271,	1,	0,	0,	0,	0,	0,	0),
(230,	5,	334,	'Tip and full : 93',	272,	0,	1,	0,	0,	0,	0,	0),
(230,	5,	335,	'Tip and full : 94',	273,	0,	1,	0,	0,	0,	0,	0),
(230,	5,	336,	'Tip and full : 95',	274,	0,	1,	0,	0,	0,	0,	0),
(230,	5,	337,	'Tip and full',	275,	2,	1,	0,	0,	0,	0,	0),
(230,	5,	338,	'Tip and full : 96',	276,	0,	1,	0,	0,	0,	0,	0),
(230,	5,	339,	'Tip and full',	277,	3,	1,	0,	0,	0,	0,	0),
(230,	5,	340,	'Tip and full : 97',	278,	0,	1,	0,	0,	0,	0,	0),
(230,	5,	341,	'Tip and full : 98',	279,	0,	1,	0,	0,	0,	0,	0),
(230,	5,	342,	'Tip and full : 99',	280,	0,	1,	0,	0,	0,	0,	0),
(230,	6,	325,	'About Dubai',	265,	0,	0,	0,	0,	0,	0,	0),
(230,	6,	326,	'About Dubai : 90',	266,	0,	0,	0,	0,	0,	0,	0),
(230,	6,	327,	'About Dubai : 91',	267,	0,	0,	0,	0,	0,	0,	0),
(230,	6,	329,	'Tip and full',	268,	0,	0,	0,	0,	0,	0,	0),
(230,	6,	330,	'Tip and full : 92',	269,	0,	0,	0,	0,	0,	0,	0),
(230,	6,	331,	'Tip and full',	270,	1,	0,	0,	0,	0,	0,	0),
(230,	6,	332,	'Tip and full : 93',	271,	1,	0,	0,	0,	0,	0,	0),
(230,	6,	334,	'Tip and full : 93',	272,	0,	0,	0,	0,	0,	0,	0),
(230,	6,	335,	'Tip and full : 94',	273,	0,	0,	0,	0,	0,	0,	0),
(230,	6,	336,	'Tip and full : 95',	274,	0,	0,	0,	0,	0,	0,	0),
(230,	6,	339,	'Tip and full',	277,	2,	0,	0,	0,	0,	0,	0),
(230,	6,	340,	'Tip and full : 97',	278,	0,	0,	0,	0,	0,	0,	0),
(230,	6,	341,	'Tip and full : 98',	279,	0,	0,	0,	0,	0,	0,	0),
(230,	6,	342,	'Tip and full : 99',	280,	0,	0,	0,	0,	0,	0,	0),
(230,	7,	325,	'About Dubai',	265,	0,	0,	0,	0,	0,	0,	0),
(230,	7,	326,	'About Dubai : 90',	266,	0,	0,	0,	0,	0,	0,	0),
(230,	7,	327,	'About Dubai : 91',	267,	0,	0,	0,	0,	0,	0,	0),
(230,	7,	329,	'Tip and full',	268,	0,	0,	0,	0,	0,	0,	0),
(230,	7,	330,	'Tip and full : 92',	269,	0,	0,	0,	0,	0,	0,	0),
(230,	7,	331,	'Tip and full',	270,	1,	0,	0,	0,	0,	0,	0),
(230,	7,	332,	'Tip and full : 93',	271,	1,	0,	0,	0,	0,	0,	0),
(230,	7,	334,	'Tip and full : 93',	272,	0,	0,	0,	0,	0,	0,	0),
(230,	7,	335,	'Tip and full : 94',	273,	0,	0,	0,	0,	0,	0,	0),
(230,	7,	336,	'Tip and full : 95',	274,	0,	0,	0,	0,	0,	0,	0),
(230,	7,	339,	'Tip and full',	277,	2,	0,	0,	0,	0,	0,	0),
(230,	7,	340,	'Tip and full : 97',	278,	0,	0,	0,	0,	0,	0,	0),
(230,	7,	341,	'Tip and full : 98',	279,	0,	0,	0,	0,	0,	0,	0),
(230,	7,	342,	'Tip and full : 99',	280,	0,	0,	0,	0,	0,	0,	0),
(230,	7,	345,	'Tip and full',	281,	3,	1,	0,	0,	0,	0,	0),
(230,	7,	346,	'Tip and full : 100',	282,	0,	1,	0,	0,	0,	0,	0),
(230,	7,	347,	'Visa Section',	283,	0,	1,	0,	0,	0,	0,	0),
(230,	7,	349,	'Visa Section',	284,	1,	1,	0,	0,	0,	0,	0),
(230,	7,	351,	'Visa Section : 101',	NULL,	0,	1,	0,	0,	0,	0,	0),
(230,	7,	352,	'Visa Section',	285,	2,	1,	0,	0,	0,	0,	0),
(230,	7,	353,	'Visa Section : 102',	286,	0,	1,	0,	0,	0,	0,	0),
(230,	7,	357,	'Visa Section : 103',	NULL,	0,	1,	0,	0,	0,	0,	0),
(230,	7,	358,	'Visa Section : 104',	NULL,	0,	1,	0,	0,	0,	0,	0),
(230,	7,	359,	'Visa Section : 105',	NULL,	0,	1,	0,	0,	0,	0,	0),
(230,	7,	360,	'Visa Section',	287,	3,	1,	0,	0,	0,	0,	0),
(230,	7,	361,	'Visa Section : 106',	288,	0,	1,	0,	0,	0,	0,	0),
(230,	8,	325,	'About Dubai',	265,	0,	0,	0,	0,	0,	0,	0),
(230,	8,	326,	'About Dubai : 90',	266,	0,	0,	0,	0,	0,	0,	0),
(230,	8,	327,	'About Dubai : 91',	267,	0,	0,	0,	0,	0,	0,	0),
(230,	8,	329,	'Tip and full',	268,	0,	0,	0,	0,	0,	0,	0),
(230,	8,	330,	'Tip and full : 92',	269,	0,	0,	0,	0,	0,	0,	0),
(230,	8,	331,	'Tip and full',	270,	1,	0,	0,	0,	0,	0,	0),
(230,	8,	332,	'Tip and full : 93',	271,	1,	0,	0,	0,	0,	0,	0),
(230,	8,	334,	'Tip and full : 93',	272,	0,	0,	0,	0,	0,	0,	0),
(230,	8,	335,	'Tip and full : 94',	273,	0,	0,	0,	0,	0,	0,	0),
(230,	8,	336,	'Tip and full : 95',	274,	0,	0,	0,	0,	0,	0,	0),
(230,	8,	339,	'Tip and full',	277,	2,	0,	0,	0,	0,	0,	0),
(230,	8,	340,	'Tip and full : 97',	278,	0,	0,	0,	0,	0,	0,	0),
(230,	8,	341,	'Tip and full : 98',	279,	0,	0,	0,	0,	0,	0,	0),
(230,	8,	342,	'Tip and full : 99',	280,	0,	0,	0,	0,	0,	0,	0),
(230,	8,	345,	'Tip and full',	281,	3,	0,	0,	0,	0,	0,	0),
(230,	8,	346,	'Tip and full : 100',	282,	0,	0,	0,	0,	0,	0,	0),
(230,	8,	347,	'Visa Section',	283,	0,	0,	0,	0,	0,	0,	0),
(230,	8,	349,	'Visa Section',	284,	1,	0,	0,	0,	0,	0,	0),
(230,	8,	351,	'Visa Section : 101',	NULL,	0,	0,	0,	0,	0,	0,	0),
(230,	8,	352,	'Visa Section',	285,	2,	0,	0,	0,	0,	0,	0),
(230,	8,	353,	'Visa Section : 102',	286,	0,	0,	0,	0,	0,	0,	0),
(230,	8,	357,	'Visa Section : 103',	NULL,	0,	0,	0,	0,	0,	0,	0),
(230,	8,	358,	'Visa Section : 104',	NULL,	0,	0,	0,	0,	0,	0,	0),
(230,	8,	359,	'Visa Section : 105',	NULL,	0,	0,	0,	0,	0,	0,	0),
(230,	8,	360,	'Visa Section',	287,	3,	0,	0,	0,	0,	0,	0),
(230,	8,	362,	'Visa Section : 106',	288,	0,	1,	0,	0,	0,	0,	0),
(230,	9,	325,	'About Dubai',	265,	0,	0,	0,	0,	0,	0,	0),
(230,	9,	326,	'About Dubai : 90',	266,	0,	0,	0,	0,	0,	0,	0),
(230,	9,	327,	'About Dubai : 91',	267,	0,	0,	0,	0,	0,	0,	0),
(230,	9,	329,	'Tip and full',	268,	0,	0,	0,	0,	0,	0,	0),
(230,	9,	330,	'Tip and full : 92',	269,	0,	0,	0,	0,	0,	0,	0),
(230,	9,	331,	'Tip and full',	270,	1,	0,	0,	0,	0,	0,	0),
(230,	9,	332,	'Tip and full : 93',	271,	1,	0,	0,	0,	0,	0,	0),
(230,	9,	334,	'Tip and full : 93',	272,	0,	0,	0,	0,	0,	0,	0),
(230,	9,	335,	'Tip and full : 94',	273,	0,	0,	0,	0,	0,	0,	0),
(230,	9,	336,	'Tip and full : 95',	274,	0,	0,	0,	0,	0,	0,	0),
(230,	9,	339,	'Tip and full',	277,	2,	0,	0,	0,	0,	0,	0),
(230,	9,	340,	'Tip and full : 97',	278,	0,	0,	0,	0,	0,	0,	0),
(230,	9,	341,	'Tip and full : 98',	279,	0,	0,	0,	0,	0,	0,	0),
(230,	9,	342,	'Tip and full : 99',	280,	0,	0,	0,	0,	0,	0,	0),
(230,	9,	345,	'Tip and full',	281,	3,	0,	0,	0,	0,	0,	0),
(230,	9,	346,	'Tip and full : 100',	282,	0,	0,	0,	0,	0,	0,	0),
(230,	9,	347,	'Visa Section',	283,	0,	0,	0,	0,	0,	0,	0),
(230,	9,	349,	'Visa Section',	284,	1,	0,	0,	0,	0,	0,	0),
(230,	9,	351,	'Visa Section : 101',	NULL,	0,	0,	0,	0,	0,	0,	0),
(230,	9,	352,	'Visa Section',	285,	2,	0,	0,	0,	0,	0,	0),
(230,	9,	353,	'Visa Section : 102',	286,	0,	0,	0,	0,	0,	0,	0),
(230,	9,	357,	'Visa Section : 103',	NULL,	0,	0,	0,	0,	0,	0,	0),
(230,	9,	358,	'Visa Section : 104',	NULL,	0,	0,	0,	0,	0,	0,	0),
(230,	9,	359,	'Visa Section : 105',	NULL,	0,	0,	0,	0,	0,	0,	0),
(230,	9,	360,	'Visa Section',	287,	3,	0,	0,	0,	0,	0,	0),
(230,	9,	363,	'Visa Section : 106',	288,	0,	1,	0,	0,	0,	0,	0),
(230,	9,	364,	'Visa Section',	289,	4,	1,	0,	0,	0,	0,	0),
(230,	9,	365,	'Visa Section : 107',	290,	0,	1,	0,	0,	0,	0,	0),
(230,	10,	325,	'About Dubai',	265,	0,	0,	0,	0,	0,	0,	0),
(230,	10,	326,	'About Dubai : 90',	266,	0,	0,	0,	0,	0,	0,	0),
(230,	10,	327,	'About Dubai : 91',	267,	0,	0,	0,	0,	0,	0,	0),
(230,	10,	329,	'Tip and full',	268,	0,	0,	0,	0,	0,	0,	0),
(230,	10,	330,	'Tip and full : 92',	269,	0,	0,	0,	0,	0,	0,	0),
(230,	10,	331,	'Tip and full',	270,	1,	0,	0,	0,	0,	0,	0),
(230,	10,	332,	'Tip and full : 93',	271,	1,	0,	0,	0,	0,	0,	0),
(230,	10,	334,	'Tip and full : 93',	272,	0,	0,	0,	0,	0,	0,	0),
(230,	10,	335,	'Tip and full : 94',	273,	0,	0,	0,	0,	0,	0,	0),
(230,	10,	336,	'Tip and full : 95',	274,	0,	0,	0,	0,	0,	0,	0),
(230,	10,	339,	'Tip and full',	277,	2,	0,	0,	0,	0,	0,	0),
(230,	10,	340,	'Tip and full : 97',	278,	0,	0,	0,	0,	0,	0,	0),
(230,	10,	341,	'Tip and full : 98',	279,	0,	0,	0,	0,	0,	0,	0),
(230,	10,	342,	'Tip and full : 99',	280,	0,	0,	0,	0,	0,	0,	0),
(230,	10,	345,	'Tip and full',	281,	3,	0,	0,	0,	0,	0,	0),
(230,	10,	346,	'Tip and full : 100',	282,	0,	0,	0,	0,	0,	0,	0),
(230,	10,	347,	'Visa Section',	283,	0,	0,	0,	0,	0,	0,	0),
(230,	10,	349,	'Visa Section',	284,	1,	0,	0,	0,	0,	0,	0),
(230,	10,	351,	'Visa Section : 101',	NULL,	0,	0,	0,	0,	0,	0,	0),
(230,	10,	352,	'Visa Section',	285,	2,	0,	0,	0,	0,	0,	0),
(230,	10,	353,	'Visa Section : 102',	286,	0,	0,	0,	0,	0,	0,	0),
(230,	10,	357,	'Visa Section : 103',	NULL,	0,	0,	0,	0,	0,	0,	0),
(230,	10,	358,	'Visa Section : 104',	NULL,	0,	0,	0,	0,	0,	0,	0),
(230,	10,	359,	'Visa Section : 105',	NULL,	0,	0,	0,	0,	0,	0,	0),
(230,	10,	360,	'Visa Section',	287,	3,	0,	0,	0,	0,	0,	0),
(230,	10,	363,	'Visa Section : 106',	288,	0,	0,	0,	0,	0,	0,	0),
(230,	10,	364,	'Visa Section',	289,	4,	0,	0,	0,	0,	0,	0),
(230,	10,	365,	'Visa Section : 107',	290,	0,	0,	0,	0,	0,	0,	0),
(230,	10,	367,	'Visa Section : 108',	291,	1,	1,	0,	0,	0,	0,	0),
(230,	10,	368,	'Visa Section : 108',	292,	0,	1,	0,	0,	0,	0,	0),
(230,	11,	325,	'About Dubai',	265,	0,	0,	0,	0,	0,	0,	0),
(230,	11,	326,	'About Dubai : 90',	266,	0,	0,	0,	0,	0,	0,	0),
(230,	11,	327,	'About Dubai : 91',	267,	0,	0,	0,	0,	0,	0,	0),
(230,	11,	329,	'Tip and full',	268,	0,	0,	0,	0,	0,	0,	0),
(230,	11,	330,	'Tip and full : 92',	269,	0,	0,	0,	0,	0,	0,	0),
(230,	11,	331,	'Tip and full',	270,	1,	0,	0,	0,	0,	0,	0),
(230,	11,	332,	'Tip and full : 93',	271,	1,	0,	0,	0,	0,	0,	0),
(230,	11,	334,	'Tip and full : 93',	272,	0,	0,	0,	0,	0,	0,	0),
(230,	11,	335,	'Tip and full : 94',	273,	0,	0,	0,	0,	0,	0,	0),
(230,	11,	336,	'Tip and full : 95',	274,	0,	0,	0,	0,	0,	0,	0),
(230,	11,	339,	'Tip and full',	277,	2,	0,	0,	0,	0,	0,	0),
(230,	11,	340,	'Tip and full : 97',	278,	0,	0,	0,	0,	0,	0,	0),
(230,	11,	341,	'Tip and full : 98',	279,	0,	0,	0,	0,	0,	0,	0),
(230,	11,	342,	'Tip and full : 99',	280,	0,	0,	0,	0,	0,	0,	0),
(230,	11,	345,	'Tip and full',	281,	3,	0,	0,	0,	0,	0,	0),
(230,	11,	346,	'Tip and full : 100',	282,	0,	0,	0,	0,	0,	0,	0),
(230,	11,	347,	'Visa Section',	283,	0,	0,	0,	0,	0,	0,	0),
(230,	11,	349,	'Visa Section',	284,	1,	0,	0,	0,	0,	0,	0),
(230,	11,	351,	'Visa Section : 101',	NULL,	0,	0,	0,	0,	0,	0,	0),
(230,	11,	352,	'Visa Section',	285,	2,	0,	0,	0,	0,	0,	0),
(230,	11,	353,	'Visa Section : 102',	286,	0,	0,	0,	0,	0,	0,	0),
(230,	11,	357,	'Visa Section : 103',	NULL,	0,	0,	0,	0,	0,	0,	0),
(230,	11,	358,	'Visa Section : 104',	NULL,	0,	0,	0,	0,	0,	0,	0),
(230,	11,	359,	'Visa Section : 105',	NULL,	0,	0,	0,	0,	0,	0,	0),
(230,	11,	360,	'Visa Section',	287,	3,	0,	0,	0,	0,	0,	0),
(230,	11,	363,	'Visa Section : 106',	288,	0,	0,	0,	0,	0,	0,	0),
(230,	11,	364,	'Visa Section',	289,	4,	0,	0,	0,	0,	0,	0),
(230,	11,	368,	'Visa Section : 108',	292,	0,	0,	0,	0,	0,	0,	0),
(230,	11,	370,	'Visa Section : 107',	293,	0,	1,	0,	0,	0,	0,	0),
(230,	12,	325,	'About Dubai',	265,	0,	0,	0,	0,	0,	0,	0),
(230,	12,	326,	'About Dubai : 90',	266,	0,	0,	0,	0,	0,	0,	0),
(230,	12,	327,	'About Dubai : 91',	267,	0,	0,	0,	0,	0,	0,	0),
(230,	12,	329,	'Tip and full',	268,	0,	0,	0,	0,	0,	0,	0),
(230,	12,	330,	'Tip and full : 92',	269,	0,	0,	0,	0,	0,	0,	0),
(230,	12,	331,	'Tip and full',	270,	1,	0,	0,	0,	0,	0,	0),
(230,	12,	332,	'Tip and full : 93',	271,	1,	0,	0,	0,	0,	0,	0),
(230,	12,	334,	'Tip and full : 93',	272,	0,	0,	0,	0,	0,	0,	0),
(230,	12,	335,	'Tip and full : 94',	273,	0,	0,	0,	0,	0,	0,	0),
(230,	12,	336,	'Tip and full : 95',	274,	0,	0,	0,	0,	0,	0,	0),
(230,	12,	339,	'Tip and full',	277,	2,	0,	0,	0,	0,	0,	0),
(230,	12,	340,	'Tip and full : 97',	278,	0,	0,	0,	0,	0,	0,	0),
(230,	12,	341,	'Tip and full : 98',	279,	0,	0,	0,	0,	0,	0,	0),
(230,	12,	342,	'Tip and full : 99',	280,	0,	0,	0,	0,	0,	0,	0),
(230,	12,	345,	'Tip and full',	281,	3,	0,	0,	0,	0,	0,	0),
(230,	12,	346,	'Tip and full : 100',	282,	0,	0,	0,	0,	0,	0,	0),
(230,	12,	347,	'Visa Section',	283,	0,	0,	0,	0,	0,	0,	0),
(230,	12,	349,	'Visa Section',	284,	1,	0,	0,	0,	0,	0,	0),
(230,	12,	351,	'Visa Section : 101',	NULL,	0,	0,	0,	0,	0,	0,	0),
(230,	12,	352,	'Visa Section',	285,	2,	0,	0,	0,	0,	0,	0),
(230,	12,	353,	'Visa Section : 102',	286,	0,	0,	0,	0,	0,	0,	0),
(230,	12,	357,	'Visa Section : 103',	NULL,	0,	0,	0,	0,	0,	0,	0),
(230,	12,	358,	'Visa Section : 104',	NULL,	0,	0,	0,	0,	0,	0,	0),
(230,	12,	359,	'Visa Section : 105',	NULL,	0,	0,	0,	0,	0,	0,	0),
(230,	12,	360,	'Visa Section',	287,	3,	0,	0,	0,	0,	0,	0),
(230,	12,	363,	'Visa Section : 106',	288,	0,	0,	0,	0,	0,	0,	0),
(230,	12,	364,	'Visa Section',	289,	4,	0,	0,	0,	0,	0,	0),
(230,	12,	368,	'Visa Section : 108',	292,	0,	0,	0,	0,	0,	0,	0),
(230,	12,	370,	'Visa Section : 107',	293,	0,	0,	0,	0,	0,	0,	0),
(230,	12,	372,	'Exploer dubai',	294,	0,	1,	0,	0,	0,	0,	0),
(230,	12,	373,	'Exploer dubai',	295,	1,	1,	0,	0,	0,	0,	0),
(230,	12,	374,	'Exploer dubai : 109',	296,	1,	1,	0,	0,	0,	0,	0),
(230,	12,	375,	'Exploer dubai : 109',	297,	0,	1,	0,	0,	0,	0,	0),
(230,	12,	376,	'Exploer dubai : 110',	298,	0,	1,	0,	0,	0,	0,	0),
(230,	12,	377,	'Exploer dubai : 111',	299,	0,	1,	0,	0,	0,	0,	0),
(230,	12,	378,	'Exploer dubai : 112',	300,	0,	1,	0,	0,	0,	0,	0),
(230,	12,	380,	'Exploer dubai',	301,	2,	1,	0,	0,	0,	0,	0),
(230,	12,	381,	'Exploer dubai : 113',	302,	0,	1,	0,	0,	0,	0,	0),
(230,	12,	382,	'Exploer dubai',	303,	3,	1,	0,	0,	0,	0,	0),
(230,	12,	383,	'Exploer dubai : 114',	304,	0,	1,	0,	0,	0,	0,	0),
(230,	13,	325,	'About Dubai',	265,	0,	0,	0,	0,	0,	0,	0),
(230,	13,	326,	'About Dubai : 90',	266,	0,	0,	0,	0,	0,	0,	0),
(230,	13,	327,	'About Dubai : 91',	267,	0,	0,	0,	0,	0,	0,	0),
(230,	13,	329,	'Tip and full',	268,	0,	0,	0,	0,	0,	0,	0),
(230,	13,	330,	'Tip and full : 92',	269,	0,	0,	0,	0,	0,	0,	0),
(230,	13,	331,	'Tip and full',	270,	1,	0,	0,	0,	0,	0,	0),
(230,	13,	332,	'Tip and full : 93',	271,	1,	0,	0,	0,	0,	0,	0),
(230,	13,	334,	'Tip and full : 93',	272,	0,	0,	0,	0,	0,	0,	0),
(230,	13,	335,	'Tip and full : 94',	273,	0,	0,	0,	0,	0,	0,	0),
(230,	13,	336,	'Tip and full : 95',	274,	0,	0,	0,	0,	0,	0,	0),
(230,	13,	339,	'Tip and full',	277,	2,	0,	0,	0,	0,	0,	0),
(230,	13,	340,	'Tip and full : 97',	278,	0,	0,	0,	0,	0,	0,	0),
(230,	13,	341,	'Tip and full : 98',	279,	0,	0,	0,	0,	0,	0,	0),
(230,	13,	342,	'Tip and full : 99',	280,	0,	0,	0,	0,	0,	0,	0),
(230,	13,	345,	'Tip and full',	281,	3,	0,	0,	0,	0,	0,	0),
(230,	13,	346,	'Tip and full : 100',	282,	0,	0,	0,	0,	0,	0,	0),
(230,	13,	347,	'Visa Section',	283,	0,	0,	0,	0,	0,	0,	0),
(230,	13,	349,	'Visa Section',	284,	1,	0,	0,	0,	0,	0,	0),
(230,	13,	351,	'Visa Section : 101',	NULL,	0,	0,	0,	0,	0,	0,	0),
(230,	13,	352,	'Visa Section',	285,	2,	0,	0,	0,	0,	0,	0),
(230,	13,	353,	'Visa Section : 102',	286,	0,	0,	0,	0,	0,	0,	0),
(230,	13,	357,	'Visa Section : 103',	NULL,	0,	0,	0,	0,	0,	0,	0),
(230,	13,	358,	'Visa Section : 104',	NULL,	0,	0,	0,	0,	0,	0,	0),
(230,	13,	359,	'Visa Section : 105',	NULL,	0,	0,	0,	0,	0,	0,	0),
(230,	13,	360,	'Visa Section',	287,	3,	0,	0,	0,	0,	0,	0),
(230,	13,	363,	'Visa Section : 106',	288,	0,	0,	0,	0,	0,	0,	0),
(230,	13,	364,	'Visa Section',	289,	4,	0,	0,	0,	0,	0,	0),
(230,	13,	368,	'Visa Section : 108',	292,	0,	0,	0,	0,	0,	0,	0),
(230,	13,	370,	'Visa Section : 107',	293,	0,	0,	0,	0,	0,	0,	0),
(230,	13,	372,	'Exploer dubai',	294,	0,	0,	0,	0,	0,	0,	0),
(230,	13,	373,	'Exploer dubai',	295,	1,	0,	0,	0,	0,	0,	0),
(230,	13,	374,	'Exploer dubai : 109',	296,	1,	0,	0,	0,	0,	0,	0),
(230,	13,	375,	'Exploer dubai : 109',	297,	0,	0,	0,	0,	0,	0,	0),
(230,	13,	376,	'Exploer dubai : 110',	298,	0,	0,	0,	0,	0,	0,	0),
(230,	13,	377,	'Exploer dubai : 111',	299,	0,	0,	0,	0,	0,	0,	0),
(230,	13,	378,	'Exploer dubai : 112',	300,	0,	0,	0,	0,	0,	0,	0),
(230,	13,	380,	'Exploer dubai',	301,	2,	0,	0,	0,	0,	0,	0),
(230,	13,	381,	'Exploer dubai : 113',	302,	0,	0,	0,	0,	0,	0,	0),
(230,	13,	382,	'Exploer dubai',	303,	3,	0,	0,	0,	0,	0,	0),
(230,	13,	383,	'Exploer dubai : 115',	304,	0,	0,	0,	0,	0,	0,	0),
(230,	14,	325,	'About Dubai',	265,	0,	0,	0,	0,	0,	0,	0),
(230,	14,	326,	'About Dubai : 90',	266,	0,	0,	0,	0,	0,	0,	0),
(230,	14,	327,	'About Dubai : 91',	267,	0,	0,	0,	0,	0,	0,	0),
(230,	14,	329,	'Tip and full',	268,	0,	0,	0,	0,	0,	0,	0),
(230,	14,	330,	'Tip and full : 92',	269,	0,	0,	0,	0,	0,	0,	0),
(230,	14,	331,	'Tip and full',	270,	1,	0,	0,	0,	0,	0,	0),
(230,	14,	332,	'Tip and full : 93',	271,	1,	0,	0,	0,	0,	0,	0),
(230,	14,	334,	'Tip and full : 93',	272,	0,	0,	0,	0,	0,	0,	0),
(230,	14,	335,	'Tip and full : 94',	273,	0,	0,	0,	0,	0,	0,	0),
(230,	14,	336,	'Tip and full : 95',	274,	0,	0,	0,	0,	0,	0,	0),
(230,	14,	339,	'Tip and full',	277,	2,	0,	0,	0,	0,	0,	0),
(230,	14,	340,	'Tip and full : 97',	278,	0,	0,	0,	0,	0,	0,	0),
(230,	14,	341,	'Tip and full : 98',	279,	0,	0,	0,	0,	0,	0,	0),
(230,	14,	342,	'Tip and full : 99',	280,	0,	0,	0,	0,	0,	0,	0),
(230,	14,	345,	'Tip and full',	281,	3,	0,	0,	0,	0,	0,	0),
(230,	14,	346,	'Tip and full : 100',	282,	0,	0,	0,	0,	0,	0,	0),
(230,	14,	347,	'Visa Section',	283,	0,	0,	0,	0,	0,	0,	0),
(230,	14,	349,	'Visa Section',	284,	1,	0,	0,	0,	0,	0,	0),
(230,	14,	351,	'Visa Section : 101',	NULL,	0,	0,	0,	0,	0,	0,	0),
(230,	14,	352,	'Visa Section',	285,	2,	0,	0,	0,	0,	0,	0),
(230,	14,	353,	'Visa Section : 102',	286,	0,	0,	0,	0,	0,	0,	0),
(230,	14,	357,	'Visa Section : 103',	NULL,	0,	0,	0,	0,	0,	0,	0),
(230,	14,	358,	'Visa Section : 104',	NULL,	0,	0,	0,	0,	0,	0,	0),
(230,	14,	359,	'Visa Section : 105',	NULL,	0,	0,	0,	0,	0,	0,	0),
(230,	14,	360,	'Visa Section',	287,	3,	0,	0,	0,	0,	0,	0),
(230,	14,	363,	'Visa Section : 106',	288,	0,	0,	0,	0,	0,	0,	0),
(230,	14,	364,	'Visa Section',	289,	4,	0,	0,	0,	0,	0,	0),
(230,	14,	368,	'Visa Section : 108',	292,	0,	0,	0,	0,	0,	0,	0),
(230,	14,	370,	'Visa Section : 107',	293,	0,	0,	0,	0,	0,	0,	0),
(230,	14,	372,	'Exploer dubai',	294,	0,	0,	0,	0,	0,	0,	0),
(230,	14,	373,	'Exploer dubai',	295,	1,	0,	0,	0,	0,	0,	0),
(230,	14,	374,	'Exploer dubai : 109',	296,	1,	0,	0,	0,	0,	0,	0),
(230,	14,	375,	'Exploer dubai : 109',	297,	0,	0,	0,	0,	0,	0,	0),
(230,	14,	376,	'Exploer dubai : 110',	298,	0,	0,	0,	0,	0,	0,	0),
(230,	14,	382,	'Exploer dubai',	303,	2,	0,	0,	0,	0,	0,	0),
(230,	14,	389,	'Visa Section',	308,	5,	1,	0,	0,	0,	0,	0),
(230,	14,	391,	'Exploer dubai',	309,	3,	1,	0,	0,	0,	0,	0),
(230,	14,	398,	'Exploer dubai : 111',	NULL,	0,	1,	0,	0,	0,	0,	0),
(230,	14,	399,	'Exploer dubai : 112',	NULL,	0,	1,	0,	0,	0,	0,	0),
(230,	14,	400,	'Exploer dubai : 114',	NULL,	0,	1,	0,	0,	0,	0,	0),
(230,	14,	401,	'Exploer dubai : 115',	NULL,	0,	1,	0,	0,	0,	0,	0),
(230,	14,	402,	'Exploer dubai : 116',	NULL,	0,	1,	0,	0,	0,	0,	0),
(230,	14,	403,	'Exploer dubai : 117',	NULL,	0,	1,	0,	0,	0,	0,	0),
(230,	14,	404,	'Exploer dubai : 118',	NULL,	0,	1,	0,	0,	0,	0,	0),
(230,	14,	405,	'Exploer dubai : 119',	NULL,	0,	1,	0,	0,	0,	0,	0),
(230,	15,	325,	'About Dubai',	265,	0,	0,	0,	0,	0,	0,	0),
(230,	15,	326,	'About Dubai : 90',	266,	0,	0,	0,	0,	0,	0,	0),
(230,	15,	327,	'About Dubai : 91',	267,	0,	0,	0,	0,	0,	0,	0),
(230,	15,	329,	'Tip and full',	268,	0,	0,	0,	0,	0,	0,	0),
(230,	15,	330,	'Tip and full : 92',	269,	0,	0,	0,	0,	0,	0,	0),
(230,	15,	331,	'Tip and full',	270,	1,	0,	0,	0,	0,	0,	0),
(230,	15,	332,	'Tip and full : 93',	271,	1,	0,	0,	0,	0,	0,	0),
(230,	15,	334,	'Tip and full : 93',	272,	0,	0,	0,	0,	0,	0,	0),
(230,	15,	335,	'Tip and full : 94',	273,	0,	0,	0,	0,	0,	0,	0),
(230,	15,	336,	'Tip and full : 95',	274,	0,	0,	0,	0,	0,	0,	0),
(230,	15,	339,	'Tip and full',	277,	2,	0,	0,	0,	0,	0,	0),
(230,	15,	340,	'Tip and full : 97',	278,	0,	0,	0,	0,	0,	0,	0),
(230,	15,	341,	'Tip and full : 98',	279,	0,	0,	0,	0,	0,	0,	0),
(230,	15,	342,	'Tip and full : 99',	280,	0,	0,	0,	0,	0,	0,	0),
(230,	15,	345,	'Tip and full',	281,	3,	0,	0,	0,	0,	0,	0),
(230,	15,	346,	'Tip and full : 100',	282,	0,	0,	0,	0,	0,	0,	0),
(230,	15,	347,	'Visa Section',	283,	0,	0,	0,	0,	0,	0,	0),
(230,	15,	349,	'Visa Section',	284,	1,	0,	0,	0,	0,	0,	0),
(230,	15,	351,	'Visa Section : 101',	NULL,	0,	0,	0,	0,	0,	0,	0),
(230,	15,	352,	'Visa Section',	285,	2,	0,	0,	0,	0,	0,	0),
(230,	15,	353,	'Visa Section : 102',	286,	0,	0,	0,	0,	0,	0,	0),
(230,	15,	357,	'Visa Section : 103',	NULL,	0,	0,	0,	0,	0,	0,	0),
(230,	15,	358,	'Visa Section : 104',	NULL,	0,	0,	0,	0,	0,	0,	0),
(230,	15,	359,	'Visa Section : 105',	NULL,	0,	0,	0,	0,	0,	0,	0),
(230,	15,	360,	'Visa Section',	287,	3,	0,	0,	0,	0,	0,	0),
(230,	15,	363,	'Visa Section : 106',	288,	0,	0,	0,	0,	0,	0,	0),
(230,	15,	364,	'Visa Section',	289,	4,	0,	0,	0,	0,	0,	0),
(230,	15,	368,	'Visa Section : 108',	292,	0,	0,	0,	0,	0,	0,	0),
(230,	15,	370,	'Visa Section : 107',	293,	0,	0,	0,	0,	0,	0,	0),
(230,	15,	373,	'Exploer dubai',	295,	1,	0,	0,	0,	0,	0,	0),
(230,	15,	374,	'Exploer dubai : 109',	296,	1,	0,	0,	0,	0,	0,	0),
(230,	15,	375,	'Exploer dubai : 109',	297,	0,	0,	0,	0,	0,	0,	0),
(230,	15,	376,	'Exploer dubai : 110',	298,	0,	0,	0,	0,	0,	0,	0),
(230,	15,	382,	'Exploer dubai',	303,	2,	0,	0,	0,	0,	0,	0),
(230,	15,	389,	'Visa Section',	308,	5,	0,	0,	0,	0,	0,	0),
(230,	15,	391,	'Exploer dubai',	309,	3,	0,	0,	0,	0,	0,	0),
(230,	15,	398,	'Exploer dubai : 111',	NULL,	1,	0,	0,	0,	0,	0,	0),
(230,	15,	399,	'Exploer dubai : 112',	NULL,	0,	0,	0,	0,	0,	0,	0),
(230,	15,	400,	'Exploer dubai : 114',	NULL,	0,	0,	0,	0,	0,	0,	0),
(230,	15,	401,	'Exploer dubai : 115',	NULL,	0,	0,	0,	0,	0,	0,	0),
(230,	15,	402,	'Exploer dubai : 116',	NULL,	0,	0,	0,	0,	0,	0,	0),
(230,	15,	403,	'Exploer dubai : 117',	NULL,	0,	0,	0,	0,	0,	0,	0),
(230,	15,	404,	'Exploer dubai : 118',	NULL,	0,	0,	0,	0,	0,	0,	0),
(230,	15,	405,	'Exploer dubai : 119',	NULL,	0,	0,	0,	0,	0,	0,	0),
(230,	15,	406,	'Exploer dubai',	294,	0,	1,	0,	0,	0,	0,	0),
(230,	16,	325,	'About Dubai',	265,	0,	0,	0,	0,	0,	0,	0),
(230,	16,	326,	'About Dubai : 90',	266,	0,	0,	0,	0,	0,	0,	0),
(230,	16,	327,	'About Dubai : 91',	267,	0,	0,	0,	0,	0,	0,	0),
(230,	16,	329,	'Tip and full',	268,	0,	0,	0,	0,	0,	0,	0),
(230,	16,	330,	'Tip and full : 92',	269,	0,	0,	0,	0,	0,	0,	0),
(230,	16,	331,	'Tip and full',	270,	1,	0,	0,	0,	0,	0,	0),
(230,	16,	332,	'Tip and full : 93',	271,	1,	0,	0,	0,	0,	0,	0),
(230,	16,	334,	'Tip and full : 93',	272,	0,	0,	0,	0,	0,	0,	0),
(230,	16,	335,	'Tip and full : 94',	273,	0,	0,	0,	0,	0,	0,	0),
(230,	16,	336,	'Tip and full : 95',	274,	0,	0,	0,	0,	0,	0,	0),
(230,	16,	339,	'Tip and full',	277,	2,	0,	0,	0,	0,	0,	0),
(230,	16,	340,	'Tip and full : 97',	278,	0,	0,	0,	0,	0,	0,	0),
(230,	16,	341,	'Tip and full : 98',	279,	0,	0,	0,	0,	0,	0,	0),
(230,	16,	342,	'Tip and full : 99',	280,	0,	0,	0,	0,	0,	0,	0),
(230,	16,	345,	'Tip and full',	281,	3,	0,	0,	0,	0,	0,	0),
(230,	16,	346,	'Tip and full : 100',	282,	0,	0,	0,	0,	0,	0,	0),
(230,	16,	347,	'Visa Section',	283,	0,	0,	0,	0,	0,	0,	0),
(230,	16,	349,	'Visa Section',	284,	1,	0,	0,	0,	0,	0,	0),
(230,	16,	351,	'Visa Section : 101',	NULL,	0,	0,	0,	0,	0,	0,	0),
(230,	16,	352,	'Visa Section',	285,	2,	0,	0,	0,	0,	0,	0),
(230,	16,	353,	'Visa Section : 102',	286,	0,	0,	0,	0,	0,	0,	0),
(230,	16,	357,	'Visa Section : 103',	NULL,	0,	0,	0,	0,	0,	0,	0),
(230,	16,	358,	'Visa Section : 104',	NULL,	0,	0,	0,	0,	0,	0,	0),
(230,	16,	359,	'Visa Section : 105',	NULL,	0,	0,	0,	0,	0,	0,	0),
(230,	16,	360,	'Visa Section',	287,	3,	0,	0,	0,	0,	0,	0),
(230,	16,	363,	'Visa Section : 106',	288,	0,	0,	0,	0,	0,	0,	0),
(230,	16,	364,	'Visa Section',	289,	4,	0,	0,	0,	0,	0,	0),
(230,	16,	368,	'Visa Section : 108',	292,	0,	0,	0,	0,	0,	0,	0),
(230,	16,	370,	'Visa Section : 107',	293,	0,	0,	0,	0,	0,	0,	0),
(230,	16,	373,	'Exploer dubai',	295,	1,	0,	0,	0,	0,	0,	0),
(230,	16,	374,	'Exploer dubai : 109',	296,	1,	0,	0,	0,	0,	0,	0),
(230,	16,	375,	'Exploer dubai : 109',	297,	0,	0,	0,	0,	0,	0,	0),
(230,	16,	376,	'Exploer dubai : 110',	298,	0,	0,	0,	0,	0,	0,	0),
(230,	16,	382,	'Exploer dubai',	303,	2,	0,	0,	0,	0,	0,	0),
(230,	16,	389,	'Visa Section',	308,	5,	0,	0,	0,	0,	0,	0),
(230,	16,	391,	'Exploer dubai',	309,	3,	0,	0,	0,	0,	0,	0),
(230,	16,	398,	'Exploer dubai : 111',	NULL,	1,	0,	0,	0,	0,	0,	0),
(230,	16,	399,	'Exploer dubai : 112',	NULL,	0,	0,	0,	0,	0,	0,	0),
(230,	16,	400,	'Exploer dubai : 114',	NULL,	0,	0,	0,	0,	0,	0,	0),
(230,	16,	401,	'Exploer dubai : 115',	NULL,	0,	0,	0,	0,	0,	0,	0),
(230,	16,	402,	'Exploer dubai : 116',	NULL,	0,	0,	0,	0,	0,	0,	0),
(230,	16,	403,	'Exploer dubai : 117',	NULL,	0,	0,	0,	0,	0,	0,	0),
(230,	16,	404,	'Exploer dubai : 118',	NULL,	0,	0,	0,	0,	0,	0,	0),
(230,	16,	405,	'Exploer dubai : 119',	NULL,	0,	0,	0,	0,	0,	0,	0),
(230,	16,	407,	'Exploer dubai',	294,	0,	1,	0,	0,	0,	0,	0),
(231,	3,	408,	'Contact us main',	310,	0,	1,	0,	0,	0,	0,	0),
(231,	3,	409,	'Contact us main : 122',	311,	0,	1,	0,	0,	0,	0,	0),
(231,	3,	410,	'Contact us main : 123',	312,	0,	1,	0,	0,	0,	0,	0),
(231,	4,	408,	'Contact us main',	310,	0,	0,	0,	0,	0,	0,	0),
(231,	4,	409,	'Contact us main : 122',	311,	0,	0,	0,	0,	0,	0,	0),
(231,	4,	410,	'Contact us main : 123',	312,	0,	0,	0,	0,	0,	0,	0),
(231,	4,	411,	'Form Section',	313,	0,	1,	0,	0,	0,	0,	0);

DROP TABLE IF EXISTS `CollectionVersionBlocksCacheSettings`;
CREATE TABLE `CollectionVersionBlocksCacheSettings` (
  `cID` int(10) unsigned NOT NULL DEFAULT '0',
  `cvID` int(10) unsigned NOT NULL DEFAULT '1',
  `bID` int(10) unsigned NOT NULL DEFAULT '0',
  `arHandle` varchar(255) COLLATE utf8mb4_unicode_ci NOT NULL,
  `btCacheBlockOutput` tinyint(1) NOT NULL DEFAULT '0',
  `btCacheBlockOutputOnPost` tinyint(1) NOT NULL DEFAULT '0',
  `btCacheBlockOutputForRegisteredUsers` tinyint(1) NOT NULL DEFAULT '0',
  `btCacheBlockOutputLifetime` int(10) unsigned NOT NULL DEFAULT '0',
  PRIMARY KEY (`cID`,`cvID`,`bID`,`arHandle`),
  KEY `bID` (`bID`,`cID`,`cvID`,`arHandle`)
) ENGINE=InnoDB DEFAULT CHARSET=utf8mb4 COLLATE=utf8mb4_unicode_ci;

INSERT INTO `CollectionVersionBlocksCacheSettings` (`cID`, `cvID`, `bID`, `arHandle`, `btCacheBlockOutput`, `btCacheBlockOutputOnPost`, `btCacheBlockOutputForRegisteredUsers`, `btCacheBlockOutputLifetime`) VALUES
(190,	1,	61,	'Main',	1,	1,	1,	3600);

DROP TABLE IF EXISTS `CollectionVersionBlocksOutputCache`;
CREATE TABLE `CollectionVersionBlocksOutputCache` (
  `cID` int(10) unsigned NOT NULL DEFAULT '0',
  `cvID` int(10) unsigned NOT NULL DEFAULT '1',
  `bID` int(10) unsigned NOT NULL DEFAULT '0',
  `arHandle` varchar(255) COLLATE utf8mb4_unicode_ci NOT NULL,
  `btCachedBlockOutput` longtext COLLATE utf8mb4_unicode_ci,
  `btCachedBlockOutputExpires` int(10) unsigned NOT NULL DEFAULT '0',
  PRIMARY KEY (`cID`,`cvID`,`bID`,`arHandle`),
  KEY `bID` (`bID`,`cID`,`cvID`,`arHandle`)
) ENGINE=InnoDB DEFAULT CHARSET=utf8mb4 COLLATE=utf8mb4_unicode_ci;


DROP TABLE IF EXISTS `CollectionVersionBlockStyles`;
CREATE TABLE `CollectionVersionBlockStyles` (
  `cID` int(10) unsigned NOT NULL DEFAULT '0',
  `cvID` int(10) unsigned NOT NULL DEFAULT '0',
  `bID` int(10) unsigned NOT NULL DEFAULT '0',
  `arHandle` varchar(255) COLLATE utf8mb4_unicode_ci NOT NULL,
  `issID` int(10) unsigned NOT NULL DEFAULT '0',
  PRIMARY KEY (`cID`,`cvID`,`bID`,`arHandle`),
  KEY `bID` (`bID`,`issID`),
  KEY `issID` (`issID`)
) ENGINE=InnoDB DEFAULT CHARSET=utf8mb4 COLLATE=utf8mb4_unicode_ci;

INSERT INTO `CollectionVersionBlockStyles` (`cID`, `cvID`, `bID`, `arHandle`, `issID`) VALUES
(170,	1,	13,	'Main',	1),
(210,	1,	24,	'Sidebar',	2),
(211,	1,	24,	'Sidebar',	2),
(212,	1,	24,	'Sidebar',	2),
(213,	1,	24,	'Sidebar',	2),
(210,	1,	25,	'Sidebar',	3),
(211,	1,	25,	'Sidebar',	3),
(212,	1,	25,	'Sidebar',	3),
(213,	1,	25,	'Sidebar',	3),
(217,	1,	31,	'Sidebar',	4),
(218,	1,	31,	'Sidebar',	4),
(219,	1,	31,	'Sidebar',	4),
(198,	1,	50,	'Main : 13',	5),
(199,	1,	50,	'Main : 13',	5),
(198,	1,	51,	'Main : 14',	6),
(199,	1,	51,	'Main : 14',	6),
(198,	1,	52,	'Main : 14',	7),
(199,	1,	52,	'Main : 14',	7),
(195,	1,	54,	'Main',	8),
(196,	1,	54,	'Main',	8),
(1,	1,	66,	'Main : 15',	9),
(1,	2,	66,	'Main : 15',	9),
(1,	3,	66,	'Main : 15',	9),
(1,	4,	66,	'Main : 15',	9),
(1,	5,	66,	'Main : 15',	9),
(1,	6,	66,	'Main : 15',	9),
(1,	7,	66,	'Main : 15',	9),
(1,	8,	66,	'Main : 15',	9),
(1,	9,	66,	'Main : 15',	9),
(1,	10,	66,	'Main : 15',	9),
(1,	11,	66,	'Main : 15',	9),
(1,	12,	66,	'Main : 15',	9),
(1,	13,	66,	'Main : 15',	9),
(1,	14,	66,	'Main : 15',	9),
(1,	15,	66,	'Main : 15',	9),
(1,	16,	66,	'Main : 15',	9),
(1,	17,	66,	'Main : 15',	9),
(1,	18,	66,	'Main : 15',	9),
(1,	19,	66,	'Main : 15',	9),
(1,	20,	66,	'Main : 15',	9),
(1,	21,	66,	'Main : 15',	9),
(1,	22,	66,	'Main : 15',	9),
(1,	1,	67,	'Main : 16',	10),
(1,	2,	67,	'Main : 16',	10),
(1,	3,	67,	'Main : 16',	10),
(1,	4,	67,	'Main : 16',	10),
(1,	5,	67,	'Main : 16',	10),
(1,	6,	67,	'Main : 16',	10),
(1,	7,	67,	'Main : 16',	10),
(1,	8,	67,	'Main : 16',	10),
(1,	9,	67,	'Main : 16',	10),
(1,	10,	67,	'Main : 16',	10),
(1,	11,	67,	'Main : 16',	10),
(1,	12,	67,	'Main : 16',	10),
(1,	13,	67,	'Main : 16',	10),
(1,	14,	67,	'Main : 16',	10),
(1,	15,	67,	'Main : 16',	10),
(1,	16,	67,	'Main : 16',	10),
(1,	17,	67,	'Main : 16',	10),
(1,	18,	67,	'Main : 16',	10),
(1,	19,	67,	'Main : 16',	10),
(1,	20,	67,	'Main : 16',	10),
(1,	21,	67,	'Main : 16',	10),
(1,	22,	67,	'Main : 16',	10),
(1,	1,	68,	'Main : 17',	11),
(1,	2,	68,	'Main : 17',	11),
(1,	3,	68,	'Main : 17',	11),
(1,	4,	68,	'Main : 17',	11),
(1,	5,	68,	'Main : 17',	11),
(1,	6,	68,	'Main : 17',	11),
(1,	7,	68,	'Main : 17',	11),
(1,	8,	68,	'Main : 17',	11),
(1,	9,	68,	'Main : 17',	11),
(1,	10,	68,	'Main : 17',	11),
(1,	11,	68,	'Main : 17',	11),
(1,	12,	68,	'Main : 17',	11),
(1,	13,	68,	'Main : 17',	11),
(1,	14,	68,	'Main : 17',	11),
(1,	15,	68,	'Main : 17',	11),
(1,	16,	68,	'Main : 17',	11),
(1,	17,	68,	'Main : 17',	11),
(1,	18,	68,	'Main : 17',	11),
(1,	19,	68,	'Main : 17',	11),
(1,	20,	68,	'Main : 17',	11),
(1,	21,	68,	'Main : 17',	11),
(1,	22,	68,	'Main : 17',	11),
(1,	1,	70,	'Main',	12),
(1,	2,	70,	'Main',	12),
(1,	3,	70,	'Main',	12),
(1,	4,	70,	'Main',	12),
(1,	5,	70,	'Main',	12),
(1,	6,	70,	'Main',	12),
(1,	7,	70,	'Main',	12),
(1,	8,	70,	'Main',	12),
(1,	9,	70,	'Main',	12),
(1,	10,	70,	'Main',	12),
(1,	11,	70,	'Main',	12),
(1,	12,	70,	'Main',	12),
(1,	13,	70,	'Main',	12),
(1,	14,	70,	'Main',	12),
(1,	15,	70,	'Main',	12),
(1,	16,	70,	'Main',	12),
(1,	17,	70,	'Main',	12),
(1,	18,	70,	'Main',	12),
(1,	19,	70,	'Main',	12),
(1,	20,	70,	'Main',	12),
(1,	21,	70,	'Main',	12),
(1,	22,	70,	'Main',	12),
(1,	1,	77,	'Main : 20',	13),
(1,	2,	77,	'Main : 20',	13),
(1,	3,	77,	'Main : 20',	13),
(1,	4,	77,	'Main : 20',	13),
(1,	5,	77,	'Main : 20',	13),
(1,	6,	77,	'Main : 20',	13),
(1,	7,	77,	'Main : 20',	13),
(1,	8,	77,	'Main : 20',	13),
(1,	9,	77,	'Main : 20',	13),
(1,	10,	77,	'Main : 20',	13),
(1,	11,	77,	'Main : 20',	13),
(1,	12,	77,	'Main : 20',	13),
(1,	13,	77,	'Main : 20',	13),
(1,	14,	77,	'Main : 20',	13),
(1,	15,	77,	'Main : 20',	13),
(1,	16,	77,	'Main : 20',	13),
(1,	17,	77,	'Main : 20',	13),
(1,	18,	77,	'Main : 20',	13),
(1,	19,	77,	'Main : 20',	13),
(1,	20,	77,	'Main : 20',	13),
(1,	21,	77,	'Main : 20',	13),
(1,	22,	77,	'Main : 20',	13),
(1,	1,	78,	'Main : 21',	14),
(1,	2,	78,	'Main : 21',	14),
(1,	3,	78,	'Main : 21',	14),
(1,	4,	78,	'Main : 21',	14),
(1,	5,	78,	'Main : 21',	14),
(1,	6,	78,	'Main : 21',	14),
(1,	7,	78,	'Main : 21',	14),
(1,	8,	78,	'Main : 21',	14),
(1,	9,	78,	'Main : 21',	14),
(1,	10,	78,	'Main : 21',	14),
(1,	11,	78,	'Main : 21',	14),
(1,	12,	78,	'Main : 21',	14),
(1,	13,	78,	'Main : 21',	14),
(1,	14,	78,	'Main : 21',	14),
(1,	15,	78,	'Main : 21',	14),
(1,	16,	78,	'Main : 21',	14),
(1,	17,	78,	'Main : 21',	14),
(1,	18,	78,	'Main : 21',	14),
(1,	19,	78,	'Main : 21',	14),
(1,	20,	78,	'Main : 21',	14),
(1,	21,	78,	'Main : 21',	14),
(1,	22,	78,	'Main : 21',	14),
(197,	1,	111,	'Main : 31',	17),
(197,	1,	112,	'Main : 32',	18),
(197,	1,	115,	'Main : 33',	19),
(197,	1,	116,	'Main : 33',	20),
(197,	1,	117,	'Main : 34',	21),
(197,	1,	118,	'Main : 34',	22),
(197,	1,	119,	'Main : 35',	23),
(197,	1,	120,	'Main : 35',	24),
(197,	1,	123,	'Main : 36',	25),
(201,	1,	138,	'Main : 40',	26),
(214,	1,	156,	'Main : 47',	27),
(214,	2,	156,	'Main : 47',	27),
(214,	3,	156,	'Main : 47',	27),
(214,	4,	156,	'Main : 47',	27),
(214,	5,	156,	'Main : 47',	27),
(214,	6,	156,	'Main : 47',	27),
(214,	7,	156,	'Main : 47',	27),
(214,	8,	156,	'Main : 47',	27),
(214,	9,	156,	'Main : 47',	27),
(214,	10,	156,	'Main : 47',	27),
(214,	11,	156,	'Main : 47',	27),
(214,	12,	156,	'Main : 47',	27),
(214,	13,	156,	'Main : 47',	27),
(214,	14,	156,	'Main : 47',	27),
(215,	1,	171,	'Main : 53',	28);

DROP TABLE IF EXISTS `CollectionVersionFeatureAssignments`;
CREATE TABLE `CollectionVersionFeatureAssignments` (
  `cID` int(10) unsigned NOT NULL DEFAULT '0',
  `cvID` int(10) unsigned NOT NULL DEFAULT '1',
  `faID` int(10) unsigned NOT NULL DEFAULT '0',
  PRIMARY KEY (`cID`,`cvID`,`faID`),
  KEY `faID` (`faID`)
) ENGINE=InnoDB DEFAULT CHARSET=utf8mb4 COLLATE=utf8mb4_unicode_ci;

INSERT INTO `CollectionVersionFeatureAssignments` (`cID`, `cvID`, `faID`) VALUES
(210,	1,	1),
(197,	1,	2),
(211,	1,	3),
(212,	1,	4),
(213,	1,	5),
(201,	1,	6),
(214,	1,	7),
(214,	2,	7),
(214,	3,	7),
(214,	4,	7),
(214,	5,	7),
(214,	6,	7),
(214,	7,	7),
(214,	8,	7),
(214,	9,	7),
(214,	10,	7),
(214,	11,	7),
(214,	12,	7),
(214,	13,	7),
(214,	14,	7),
(214,	1,	8),
(214,	2,	8),
(214,	3,	8),
(214,	4,	8),
(214,	5,	8),
(214,	6,	8),
(214,	7,	8),
(214,	8,	8),
(214,	9,	8),
(214,	10,	8),
(214,	11,	8),
(214,	12,	8),
(214,	13,	8),
(214,	14,	8),
(214,	1,	9),
(214,	2,	9),
(214,	3,	9),
(214,	4,	9),
(214,	5,	9),
(214,	6,	9),
(214,	7,	9),
(214,	8,	9),
(214,	9,	9),
(214,	10,	9),
(214,	11,	9),
(214,	12,	9),
(214,	13,	9),
(214,	14,	9),
(215,	1,	10),
(214,	4,	11),
(214,	5,	12),
(214,	6,	12),
(214,	7,	12),
(214,	8,	12),
(214,	9,	12),
(214,	5,	13),
(214,	6,	13),
(214,	7,	13),
(214,	8,	13),
(214,	9,	13),
(214,	10,	13),
(214,	11,	13),
(214,	12,	13),
(214,	13,	13),
(214,	14,	13),
(214,	11,	15),
(214,	12,	15),
(214,	13,	15),
(214,	14,	15);

DROP TABLE IF EXISTS `CollectionVersionRelatedEdits`;
CREATE TABLE `CollectionVersionRelatedEdits` (
  `cID` int(10) unsigned NOT NULL DEFAULT '0',
  `cvID` int(10) unsigned NOT NULL DEFAULT '0',
  `cRelationID` int(10) unsigned NOT NULL DEFAULT '0',
  `cvRelationID` int(10) unsigned NOT NULL DEFAULT '0',
  PRIMARY KEY (`cID`,`cvID`,`cRelationID`,`cvRelationID`)
) ENGINE=InnoDB DEFAULT CHARSET=utf8mb4 COLLATE=utf8mb4_unicode_ci;


DROP TABLE IF EXISTS `CollectionVersions`;
CREATE TABLE `CollectionVersions` (
  `cID` int(10) unsigned NOT NULL DEFAULT '0',
  `cvID` int(10) unsigned NOT NULL DEFAULT '1',
  `cvName` text COLLATE utf8mb4_unicode_ci,
  `cvHandle` varchar(255) COLLATE utf8mb4_unicode_ci DEFAULT NULL,
  `cvDescription` text COLLATE utf8mb4_unicode_ci,
  `cvDatePublic` datetime DEFAULT NULL,
  `cvDateCreated` datetime NOT NULL DEFAULT '1000-01-01 00:00:00',
  `cvComments` varchar(255) COLLATE utf8mb4_unicode_ci DEFAULT NULL,
  `cvIsApproved` tinyint(1) NOT NULL DEFAULT '0',
  `cvIsNew` tinyint(1) NOT NULL DEFAULT '0',
  `cvAuthorUID` int(10) unsigned DEFAULT NULL,
  `cvApproverUID` int(10) unsigned DEFAULT NULL,
  `pThemeID` int(10) unsigned NOT NULL DEFAULT '0',
  `pTemplateID` int(10) unsigned NOT NULL DEFAULT '0',
  `cvActivateDatetime` datetime DEFAULT NULL,
  `cvPublishDate` datetime DEFAULT NULL,
  `cvPublishEndDate` datetime DEFAULT NULL,
  `cvDateApproved` datetime DEFAULT NULL,
  PRIMARY KEY (`cID`,`cvID`),
  KEY `cvIsApproved` (`cvIsApproved`),
  KEY `cvAuthorUID` (`cvAuthorUID`),
  KEY `cvApproverUID` (`cvApproverUID`),
  KEY `pThemeID` (`pThemeID`),
  KEY `pTemplateID` (`pTemplateID`)
) ENGINE=InnoDB DEFAULT CHARSET=utf8mb4 COLLATE=utf8mb4_unicode_ci;

INSERT INTO `CollectionVersions` (`cID`, `cvID`, `cvName`, `cvHandle`, `cvDescription`, `cvDatePublic`, `cvDateCreated`, `cvComments`, `cvIsApproved`, `cvIsNew`, `cvAuthorUID`, `cvApproverUID`, `pThemeID`, `pTemplateID`, `cvActivateDatetime`, `cvPublishDate`, `cvPublishEndDate`, `cvDateApproved`) VALUES
(1,	1,	'Home',	'',	NULL,	'2021-12-05 08:54:22',	'2021-12-05 08:54:22',	'Initial Version',	0,	0,	1,	NULL,	3,	5,	NULL,	NULL,	NULL,	NULL),
(1,	2,	'Home',	'',	NULL,	'2021-12-05 08:54:22',	'2021-12-05 15:14:08',	'New Version 2',	0,	0,	1,	1,	3,	8,	NULL,	NULL,	NULL,	'2021-12-05 15:14:08'),
(1,	3,	'Home',	'',	NULL,	'2021-12-05 08:54:22',	'2021-12-28 14:47:46',	'Version 3',	0,	0,	1,	1,	3,	8,	NULL,	NULL,	NULL,	'2021-12-28 14:58:58'),
(1,	4,	'Home',	'',	NULL,	'2021-12-05 08:54:22',	'2021-12-28 15:24:28',	'Version 4',	0,	0,	1,	1,	3,	8,	NULL,	NULL,	NULL,	'2021-12-28 16:28:36'),
(1,	5,	'Home',	'',	NULL,	'2021-12-05 08:54:22',	'2021-12-28 16:31:26',	'Version 5',	0,	0,	1,	1,	3,	8,	NULL,	NULL,	NULL,	'2021-12-28 16:31:37'),
(1,	6,	'Home',	'',	NULL,	'2021-12-05 08:54:22',	'2021-12-28 16:34:45',	'Version 6',	0,	0,	1,	1,	3,	8,	NULL,	NULL,	NULL,	'2021-12-29 10:35:43'),
(1,	7,	'Home',	'',	NULL,	'2021-12-05 08:54:22',	'2021-12-29 14:34:04',	'Version 7',	0,	0,	1,	1,	3,	8,	NULL,	NULL,	NULL,	'2021-12-29 14:34:53'),
(1,	8,	'Home',	'',	NULL,	'2021-12-05 08:54:22',	'2021-12-29 14:44:34',	'Version 8',	0,	0,	1,	1,	3,	8,	NULL,	NULL,	NULL,	'2021-12-29 14:46:53'),
(1,	9,	'Home',	'',	NULL,	'2021-12-05 08:54:22',	'2021-12-29 14:49:07',	'Version 9',	0,	0,	1,	1,	3,	8,	NULL,	NULL,	NULL,	'2021-12-29 14:50:47'),
(1,	10,	'Home',	'',	NULL,	'2021-12-05 08:54:22',	'2021-12-29 15:01:32',	'Version 10',	0,	0,	1,	1,	3,	8,	NULL,	NULL,	NULL,	'2021-12-29 15:09:43'),
(1,	11,	'Home',	'',	NULL,	'2021-12-05 08:54:22',	'2021-12-29 15:12:25',	'Version 11',	0,	0,	1,	1,	3,	8,	NULL,	NULL,	NULL,	'2021-12-29 15:48:19'),
(1,	12,	'Home',	'',	NULL,	'2021-12-05 08:54:22',	'2021-12-29 16:14:13',	'Version 12',	0,	0,	1,	1,	3,	8,	NULL,	NULL,	NULL,	'2021-12-29 16:24:16'),
(1,	13,	'Home',	'',	NULL,	'2021-12-05 08:54:22',	'2021-12-29 17:04:08',	'Version 13',	0,	0,	1,	1,	3,	8,	NULL,	NULL,	NULL,	'2021-12-29 17:10:33'),
(1,	14,	'Home',	'',	NULL,	'2021-12-05 08:54:22',	'2021-12-29 17:26:39',	'Version 14',	0,	0,	1,	1,	3,	8,	NULL,	NULL,	NULL,	'2021-12-29 17:26:49'),
(1,	15,	'Home',	'',	NULL,	'2021-12-05 08:54:22',	'2021-12-29 17:27:20',	'Version 15',	0,	0,	1,	1,	3,	8,	NULL,	NULL,	NULL,	'2021-12-29 17:27:26'),
(1,	16,	'Home',	'',	NULL,	'2021-12-05 08:54:22',	'2021-12-29 17:31:27',	'Version 16',	0,	0,	1,	1,	3,	8,	NULL,	NULL,	NULL,	'2021-12-29 17:31:32'),
(1,	17,	'Home',	'',	NULL,	'2021-12-05 08:54:22',	'2021-12-29 17:36:12',	'Version 17',	0,	0,	1,	1,	3,	8,	NULL,	NULL,	NULL,	'2021-12-29 17:41:11'),
(1,	18,	'Home',	'',	NULL,	'2021-12-05 08:54:22',	'2021-12-29 17:51:36',	'Version 18',	0,	0,	1,	1,	3,	8,	NULL,	NULL,	NULL,	'2021-12-29 17:55:13'),
(1,	19,	'Home',	'',	NULL,	'2021-12-05 08:54:22',	'2021-12-30 10:40:40',	'Version 19',	0,	0,	1,	1,	3,	8,	NULL,	NULL,	NULL,	'2021-12-30 11:09:48'),
(1,	20,	'Home',	'',	NULL,	'2021-12-05 08:54:22',	'2021-12-30 11:10:43',	'Version 20',	0,	0,	1,	1,	3,	8,	NULL,	NULL,	NULL,	'2021-12-30 11:11:13'),
(1,	21,	'Home',	'',	NULL,	'2021-12-05 08:54:22',	'2021-12-30 12:07:04',	'Version 21',	0,	0,	1,	1,	3,	8,	NULL,	NULL,	NULL,	'2021-12-30 12:07:48'),
(1,	22,	'Home',	'',	NULL,	'2021-12-05 08:54:22',	'2022-01-04 16:20:46',	'Version 22',	1,	0,	1,	1,	3,	8,	NULL,	NULL,	NULL,	'2022-01-04 16:21:17'),
(2,	1,	'Dashboard',	'dashboard',	'',	'2021-12-05 08:55:31',	'2021-12-05 08:55:31',	'Initial Version',	1,	0,	1,	NULL,	0,	0,	NULL,	NULL,	NULL,	NULL),
(3,	1,	'Sitemap',	'sitemap',	'Whole world at a glance.',	'2021-12-05 08:55:31',	'2021-12-05 08:55:31',	'Initial Version',	1,	0,	1,	NULL,	0,	0,	NULL,	NULL,	NULL,	NULL),
(4,	1,	'Full Sitemap',	'full',	'',	'2021-12-05 08:55:31',	'2021-12-05 08:55:31',	'Initial Version',	1,	0,	1,	NULL,	0,	0,	NULL,	NULL,	NULL,	NULL),
(5,	1,	'Flat View',	'explore',	'',	'2021-12-05 08:55:31',	'2021-12-05 08:55:31',	'Initial Version',	1,	0,	1,	NULL,	0,	0,	NULL,	NULL,	NULL,	NULL),
(6,	1,	'Page Search',	'search',	'',	'2021-12-05 08:55:31',	'2021-12-05 08:55:31',	'Initial Version',	1,	0,	1,	NULL,	0,	0,	NULL,	NULL,	NULL,	NULL),
(7,	1,	'Files',	'files',	'All documents and images.',	'2021-12-05 08:55:31',	'2021-12-05 08:55:31',	'Initial Version',	1,	0,	1,	NULL,	0,	0,	NULL,	NULL,	NULL,	NULL),
(8,	1,	'File Manager',	'search',	'',	'2021-12-05 08:55:31',	'2021-12-05 08:55:31',	'Initial Version',	1,	0,	1,	NULL,	0,	0,	NULL,	NULL,	NULL,	NULL),
(9,	1,	'Attributes',	'attributes',	'',	'2021-12-05 08:55:31',	'2021-12-05 08:55:31',	'Initial Version',	1,	0,	1,	NULL,	0,	0,	NULL,	NULL,	NULL,	NULL),
(10,	1,	'File Sets',	'sets',	'',	'2021-12-05 08:55:32',	'2021-12-05 08:55:32',	'Initial Version',	1,	0,	1,	NULL,	0,	0,	NULL,	NULL,	NULL,	NULL),
(11,	1,	'Add File Set',	'add_set',	'',	'2021-12-05 08:55:32',	'2021-12-05 08:55:32',	'Initial Version',	1,	0,	1,	NULL,	0,	0,	NULL,	NULL,	NULL,	NULL),
(12,	1,	'Members',	'users',	'Add and manage the user accounts and groups on your website.',	'2021-12-05 08:55:32',	'2021-12-05 08:55:32',	'Initial Version',	1,	0,	1,	NULL,	0,	0,	NULL,	NULL,	NULL,	NULL),
(13,	1,	'Search Users',	'search',	'',	'2021-12-05 08:55:32',	'2021-12-05 08:55:32',	'Initial Version',	1,	0,	1,	NULL,	0,	0,	NULL,	NULL,	NULL,	NULL),
(14,	1,	'User Groups',	'groups',	'',	'2021-12-05 08:55:32',	'2021-12-05 08:55:32',	'Initial Version',	1,	0,	1,	NULL,	0,	0,	NULL,	NULL,	NULL,	NULL),
(15,	1,	'Send Message to Group',	'message',	'',	'2021-12-05 08:55:32',	'2021-12-05 08:55:32',	'Initial Version',	1,	0,	1,	NULL,	0,	0,	NULL,	NULL,	NULL,	NULL),
(16,	1,	'Attributes',	'attributes',	'',	'2021-12-05 08:55:32',	'2021-12-05 08:55:32',	'Initial Version',	1,	0,	1,	NULL,	0,	0,	NULL,	NULL,	NULL,	NULL),
(17,	1,	'Add User',	'add',	'',	'2021-12-05 08:55:32',	'2021-12-05 08:55:32',	'Initial Version',	1,	0,	1,	NULL,	0,	0,	NULL,	NULL,	NULL,	NULL),
(18,	1,	'Add Group',	'add_group',	'',	'2021-12-05 08:55:32',	'2021-12-05 08:55:32',	'Initial Version',	1,	0,	1,	NULL,	0,	0,	NULL,	NULL,	NULL,	NULL),
(19,	1,	'Move Multiple Groups',	'bulkupdate',	'',	'2021-12-05 08:55:32',	'2021-12-05 08:55:32',	'Initial Version',	1,	0,	1,	NULL,	0,	0,	NULL,	NULL,	NULL,	NULL),
(20,	1,	'Group Sets',	'group_sets',	'',	'2021-12-05 08:55:32',	'2021-12-05 08:55:32',	'Initial Version',	1,	0,	1,	NULL,	0,	0,	NULL,	NULL,	NULL,	NULL),
(21,	1,	'Community Points',	'points',	NULL,	'2021-12-05 08:55:32',	'2021-12-05 08:55:32',	'Initial Version',	1,	0,	1,	NULL,	0,	0,	NULL,	NULL,	NULL,	NULL),
(22,	1,	'Assign Points',	'assign',	NULL,	'2021-12-05 08:55:32',	'2021-12-05 08:55:32',	'Initial Version',	1,	0,	1,	NULL,	0,	0,	NULL,	NULL,	NULL,	NULL),
(23,	1,	'Actions',	'actions',	NULL,	'2021-12-05 08:55:32',	'2021-12-05 08:55:32',	'Initial Version',	1,	0,	1,	NULL,	0,	0,	NULL,	NULL,	NULL,	NULL),
(24,	1,	'Express',	'express',	'Express Data Objects',	'2021-12-05 08:55:33',	'2021-12-05 08:55:33',	'Initial Version',	1,	0,	1,	NULL,	0,	0,	NULL,	NULL,	NULL,	NULL),
(25,	1,	'View Entries',	'entries',	'',	'2021-12-05 08:55:33',	'2021-12-05 08:55:33',	'Initial Version',	1,	0,	1,	NULL,	0,	0,	NULL,	NULL,	NULL,	NULL),
(26,	1,	'Reports',	'reports',	'Get data from forms and logs.',	'2021-12-05 08:55:33',	'2021-12-05 08:55:33',	'Initial Version',	1,	0,	1,	NULL,	0,	0,	NULL,	NULL,	NULL,	NULL),
(27,	1,	'Form Results',	'forms',	'Get submission data.',	'2021-12-05 08:55:33',	'2021-12-05 08:55:33',	'Initial Version',	1,	0,	1,	NULL,	0,	0,	NULL,	NULL,	NULL,	NULL),
(28,	1,	'Form Results',	'legacy',	'Get submission data.',	'2021-12-05 08:55:33',	'2021-12-05 08:55:33',	'Initial Version',	1,	0,	1,	NULL,	0,	0,	NULL,	NULL,	NULL,	NULL),
(29,	1,	'Surveys',	'surveys',	'',	'2021-12-05 08:55:33',	'2021-12-05 08:55:33',	'Initial Version',	1,	0,	1,	NULL,	0,	0,	NULL,	NULL,	NULL,	NULL),
(30,	1,	'Logs',	'logs',	'',	'2021-12-05 08:55:33',	'2021-12-05 08:55:33',	'Initial Version',	1,	0,	1,	NULL,	0,	0,	NULL,	NULL,	NULL,	NULL),
(31,	1,	'Page Changes',	'page_changes',	'',	'2021-12-05 08:55:33',	'2021-12-05 08:55:33',	'Initial Version',	1,	0,	1,	NULL,	0,	0,	NULL,	NULL,	NULL,	NULL),
(32,	1,	'Pages & Themes',	'pages',	'Reskin your site.',	'2021-12-05 08:55:33',	'2021-12-05 08:55:33',	'Initial Version',	1,	0,	1,	NULL,	0,	0,	NULL,	NULL,	NULL,	NULL),
(33,	1,	'Themes',	'themes',	'Reskin your site.',	'2021-12-05 08:55:33',	'2021-12-05 08:55:33',	'Initial Version',	1,	0,	1,	NULL,	0,	0,	NULL,	NULL,	NULL,	NULL),
(34,	1,	'Inspect',	'inspect',	'',	'2021-12-05 08:55:33',	'2021-12-05 08:55:33',	'Initial Version',	1,	0,	1,	NULL,	0,	0,	NULL,	NULL,	NULL,	NULL),
(35,	1,	'Page Types',	'types',	'',	'2021-12-05 08:55:33',	'2021-12-05 08:55:33',	'Initial Version',	1,	0,	1,	NULL,	0,	0,	NULL,	NULL,	NULL,	NULL),
(36,	1,	'Organize Page Type Order',	'organize',	'',	'2021-12-05 08:55:33',	'2021-12-05 08:55:33',	'Initial Version',	1,	0,	1,	NULL,	0,	0,	NULL,	NULL,	NULL,	NULL),
(37,	1,	'Add Page Type',	'add',	'',	'2021-12-05 08:55:33',	'2021-12-05 08:55:33',	'Initial Version',	1,	0,	1,	NULL,	0,	0,	NULL,	NULL,	NULL,	NULL),
(38,	1,	'Compose Form',	'form',	'',	'2021-12-05 08:55:33',	'2021-12-05 08:55:33',	'Initial Version',	1,	0,	1,	NULL,	0,	0,	NULL,	NULL,	NULL,	NULL),
(39,	1,	'Defaults and Output',	'output',	'',	'2021-12-05 08:55:34',	'2021-12-05 08:55:34',	'Initial Version',	1,	0,	1,	NULL,	0,	0,	NULL,	NULL,	NULL,	NULL),
(40,	1,	'Page Type Attributes',	'attributes',	'',	'2021-12-05 08:55:34',	'2021-12-05 08:55:34',	'Initial Version',	1,	0,	1,	NULL,	0,	0,	NULL,	NULL,	NULL,	NULL),
(41,	1,	'Page Type Permissions',	'permissions',	'',	'2021-12-05 08:55:34',	'2021-12-05 08:55:34',	'Initial Version',	1,	0,	1,	NULL,	0,	0,	NULL,	NULL,	NULL,	NULL),
(42,	1,	'Page Templates',	'templates',	'Form factors for pages in your site.',	'2021-12-05 08:55:34',	'2021-12-05 08:55:34',	'Initial Version',	1,	0,	1,	NULL,	0,	0,	NULL,	NULL,	NULL,	NULL),
(43,	1,	'Add Page Template',	'add',	'Add page templates to your site.',	'2021-12-05 08:55:34',	'2021-12-05 08:55:34',	'Initial Version',	1,	0,	1,	NULL,	0,	0,	NULL,	NULL,	NULL,	NULL),
(44,	1,	'Attributes',	'attributes',	'',	'2021-12-05 08:55:34',	'2021-12-05 08:55:34',	'Initial Version',	1,	0,	1,	NULL,	0,	0,	NULL,	NULL,	NULL,	NULL),
(45,	1,	'Single Pages',	'single',	'',	'2021-12-05 08:55:34',	'2021-12-05 08:55:34',	'Initial Version',	1,	0,	1,	NULL,	0,	0,	NULL,	NULL,	NULL,	NULL),
(46,	1,	'RSS Feeds',	'feeds',	'',	'2021-12-05 08:55:34',	'2021-12-05 08:55:34',	'Initial Version',	1,	0,	1,	NULL,	0,	0,	NULL,	NULL,	NULL,	NULL),
(47,	1,	'Calendar & Events',	'calendar',	'',	'2021-12-05 08:55:34',	'2021-12-05 08:55:34',	'Initial Version',	1,	0,	1,	NULL,	0,	0,	NULL,	NULL,	NULL,	NULL),
(48,	1,	'View Calendar',	'events',	'',	'2021-12-05 08:55:34',	'2021-12-05 08:55:34',	'Initial Version',	1,	0,	1,	NULL,	0,	0,	NULL,	NULL,	NULL,	NULL),
(49,	1,	'Event List',	'event_list',	'',	'2021-12-05 08:55:34',	'2021-12-05 08:55:34',	'Initial Version',	1,	0,	1,	NULL,	0,	0,	NULL,	NULL,	NULL,	NULL),
(50,	1,	'Add Calendar',	'add',	'',	'2021-12-05 08:55:34',	'2021-12-05 08:55:34',	'Initial Version',	1,	0,	1,	NULL,	0,	0,	NULL,	NULL,	NULL,	NULL),
(51,	1,	'Permissions',	'permissions',	'',	'2021-12-05 08:55:34',	'2021-12-05 08:55:34',	'Initial Version',	1,	0,	1,	NULL,	0,	0,	NULL,	NULL,	NULL,	NULL),
(52,	1,	'Attributes',	'attributes',	'',	'2021-12-05 08:55:34',	'2021-12-05 08:55:34',	'Initial Version',	1,	0,	1,	NULL,	0,	0,	NULL,	NULL,	NULL,	NULL),
(53,	1,	'Conversations',	'conversations',	'',	'2021-12-05 08:55:35',	'2021-12-05 08:55:35',	'Initial Version',	1,	0,	1,	NULL,	0,	0,	NULL,	NULL,	NULL,	NULL),
(54,	1,	'Messages',	'messages',	'',	'2021-12-05 08:55:35',	'2021-12-05 08:55:35',	'Initial Version',	1,	0,	1,	NULL,	0,	0,	NULL,	NULL,	NULL,	NULL),
(55,	1,	'Stacks & Blocks',	'blocks',	'Manage sitewide content and administer block types.',	'2021-12-05 08:55:35',	'2021-12-05 08:55:35',	'Initial Version',	1,	0,	1,	NULL,	0,	0,	NULL,	NULL,	NULL,	NULL),
(56,	1,	'Stacks & Global Areas',	'stacks',	'Share content across your site.',	'2021-12-05 08:55:35',	'2021-12-05 08:55:35',	'Initial Version',	1,	0,	1,	NULL,	0,	0,	NULL,	NULL,	NULL,	NULL),
(57,	1,	'Block & Stack Permissions',	'permissions',	'Control who can add blocks and stacks on your site.',	'2021-12-05 08:55:35',	'2021-12-05 08:55:35',	'Initial Version',	1,	0,	1,	NULL,	0,	0,	NULL,	NULL,	NULL,	NULL),
(58,	1,	'Stack List',	'list',	'',	'2021-12-05 08:55:35',	'2021-12-05 08:55:35',	'Initial Version',	1,	0,	1,	NULL,	0,	0,	NULL,	NULL,	NULL,	NULL),
(59,	1,	'Block Types',	'types',	'Manage the installed block types in your site.',	'2021-12-05 08:55:35',	'2021-12-05 08:55:35',	'Initial Version',	1,	0,	1,	NULL,	0,	0,	NULL,	NULL,	NULL,	NULL),
(60,	1,	'Extend Concrete',	'extend',	'',	'2021-12-05 08:55:35',	'2021-12-05 08:55:35',	'Initial Version',	1,	0,	1,	NULL,	0,	0,	NULL,	NULL,	NULL,	NULL),
(61,	1,	'Add Functionality',	'install',	'Install add-ons & themes.',	'2021-12-05 08:55:35',	'2021-12-05 08:55:35',	'Initial Version',	1,	0,	1,	NULL,	0,	0,	NULL,	NULL,	NULL,	NULL),
(62,	1,	'Update Add-Ons',	'update',	'Update your installed packages.',	'2021-12-05 08:55:35',	'2021-12-05 08:55:35',	'Initial Version',	1,	0,	1,	NULL,	0,	0,	NULL,	NULL,	NULL,	NULL),
(63,	1,	'Connect to the Community',	'connect',	'Connect to the Concrete community.',	'2021-12-05 08:55:35',	'2021-12-05 08:55:35',	'Initial Version',	1,	0,	1,	NULL,	0,	0,	NULL,	NULL,	NULL,	NULL),
(64,	1,	'Get More Themes',	'themes',	'Download themes from the marketplace.',	'2021-12-05 08:55:35',	'2021-12-05 08:55:35',	'Initial Version',	1,	0,	1,	NULL,	0,	0,	NULL,	NULL,	NULL,	NULL),
(65,	1,	'Get More Add-Ons',	'addons',	'Download add-ons from the marketplace.',	'2021-12-05 08:55:35',	'2021-12-05 08:55:35',	'Initial Version',	1,	0,	1,	NULL,	0,	0,	NULL,	NULL,	NULL,	NULL),
(66,	1,	'System & Settings',	'system',	'Secure and setup your site.',	'2021-12-05 08:55:35',	'2021-12-05 08:55:35',	'Initial Version',	1,	0,	1,	NULL,	0,	0,	NULL,	NULL,	NULL,	NULL),
(67,	1,	'Basics',	'basics',	'Basic information about your website.',	'2021-12-05 08:55:36',	'2021-12-05 08:55:36',	'Initial Version',	1,	0,	1,	NULL,	0,	0,	NULL,	NULL,	NULL,	NULL),
(68,	1,	'Name & Attributes',	'name',	'',	'2021-12-05 08:55:36',	'2021-12-05 08:55:36',	'Initial Version',	1,	0,	1,	NULL,	0,	0,	NULL,	NULL,	NULL,	NULL),
(69,	1,	'Accessibility',	'accessibility',	'',	'2021-12-05 08:55:36',	'2021-12-05 08:55:36',	'Initial Version',	1,	0,	1,	NULL,	0,	0,	NULL,	NULL,	NULL,	NULL),
(70,	1,	'Social Links',	'social',	'',	'2021-12-05 08:55:36',	'2021-12-05 08:55:36',	'Initial Version',	1,	0,	1,	NULL,	0,	0,	NULL,	NULL,	NULL,	NULL),
(71,	1,	'Bookmark Icons',	'icons',	'Bookmark icon and mobile home screen icon setup.',	'2021-12-05 08:55:36',	'2021-12-05 08:55:36',	'Initial Version',	1,	0,	1,	NULL,	0,	0,	NULL,	NULL,	NULL,	NULL),
(72,	1,	'Rich Text Editor',	'editor',	'',	'2021-12-05 08:55:36',	'2021-12-05 08:55:36',	'Initial Version',	1,	0,	1,	NULL,	0,	0,	NULL,	NULL,	NULL,	NULL),
(73,	1,	'Languages',	'multilingual',	'',	'2021-12-05 08:55:36',	'2021-12-05 08:55:36',	'Initial Version',	1,	0,	1,	NULL,	0,	0,	NULL,	NULL,	NULL,	NULL),
(74,	1,	'Update Languages',	'update',	'',	'2021-12-05 08:55:36',	'2021-12-05 08:55:36',	'Initial Version',	1,	0,	1,	NULL,	0,	0,	NULL,	NULL,	NULL,	NULL),
(75,	1,	'Time Zone',	'timezone',	'',	'2021-12-05 08:55:36',	'2021-12-05 08:55:36',	'Initial Version',	1,	0,	1,	NULL,	0,	0,	NULL,	NULL,	NULL,	NULL),
(76,	1,	'Custom Attributes',	'attributes',	'',	'2021-12-05 08:55:36',	'2021-12-05 08:55:36',	'Initial Version',	1,	0,	1,	NULL,	0,	0,	NULL,	NULL,	NULL,	NULL),
(77,	1,	'Reset Edit Mode',	'reset_edit_mode',	'',	'2021-12-05 08:55:36',	'2021-12-05 08:55:36',	'Initial Version',	1,	0,	1,	NULL,	0,	0,	NULL,	NULL,	NULL,	NULL),
(78,	1,	'Express',	'express',	'Express',	'2021-12-05 08:55:36',	'2021-12-05 08:55:36',	'Initial Version',	1,	0,	1,	NULL,	0,	0,	NULL,	NULL,	NULL,	NULL),
(79,	1,	'Data Objects',	'entities',	'',	'2021-12-05 08:55:36',	'2021-12-05 08:55:36',	'Initial Version',	1,	0,	1,	NULL,	0,	0,	NULL,	NULL,	NULL,	NULL),
(80,	1,	'Attributes',	'attributes',	'',	'2021-12-05 08:55:36',	'2021-12-05 08:55:36',	'Initial Version',	1,	0,	1,	NULL,	0,	0,	NULL,	NULL,	NULL,	NULL),
(81,	1,	'Associations',	'associations',	'',	'2021-12-05 08:55:37',	'2021-12-05 08:55:37',	'Initial Version',	1,	0,	1,	NULL,	0,	0,	NULL,	NULL,	NULL,	NULL),
(82,	1,	'Forms',	'forms',	'',	'2021-12-05 08:55:37',	'2021-12-05 08:55:37',	'Initial Version',	1,	0,	1,	NULL,	0,	0,	NULL,	NULL,	NULL,	NULL),
(83,	1,	'Customize Search',	'customize_search',	'',	'2021-12-05 08:55:37',	'2021-12-05 08:55:37',	'Initial Version',	1,	0,	1,	NULL,	0,	0,	NULL,	NULL,	NULL,	NULL),
(84,	1,	'Update Entry Display Order',	'order_entries',	'',	'2021-12-05 08:55:37',	'2021-12-05 08:55:37',	'Initial Version',	1,	0,	1,	NULL,	0,	0,	NULL,	NULL,	NULL,	NULL),
(85,	1,	'Custom Entry Locations',	'entries',	'',	'2021-12-05 08:55:37',	'2021-12-05 08:55:37',	'Initial Version',	1,	0,	1,	NULL,	0,	0,	NULL,	NULL,	NULL,	NULL),
(86,	1,	'Multiple Site Hosting',	'multisite',	'',	'2021-12-05 08:55:37',	'2021-12-05 08:55:37',	'Initial Version',	1,	0,	1,	NULL,	0,	0,	NULL,	NULL,	NULL,	NULL),
(87,	1,	'Sites & Domains',	'sites',	'',	'2021-12-05 08:55:37',	'2021-12-05 08:55:37',	'Initial Version',	1,	0,	1,	NULL,	0,	0,	NULL,	NULL,	NULL,	NULL),
(88,	1,	'Site Types',	'types',	'',	'2021-12-05 08:55:37',	'2021-12-05 08:55:37',	'Initial Version',	1,	0,	1,	NULL,	0,	0,	NULL,	NULL,	NULL,	NULL),
(89,	1,	'Multisite Settings',	'settings',	'',	'2021-12-05 08:55:37',	'2021-12-05 08:55:37',	'Initial Version',	1,	0,	1,	NULL,	0,	0,	NULL,	NULL,	NULL,	NULL),
(90,	1,	'Multilingual',	'multilingual',	'Run your site in multiple languages.',	'2021-12-05 08:55:37',	'2021-12-05 08:55:37',	'Initial Version',	1,	0,	1,	NULL,	0,	0,	NULL,	NULL,	NULL,	NULL),
(91,	1,	'Multilingual Setup',	'setup',	'',	'2021-12-05 08:55:37',	'2021-12-05 08:55:37',	'Initial Version',	1,	0,	1,	NULL,	0,	0,	NULL,	NULL,	NULL,	NULL),
(92,	1,	'Copy Languages',	'copy',	'',	'2021-12-05 08:55:37',	'2021-12-05 08:55:37',	'Initial Version',	1,	0,	1,	NULL,	0,	0,	NULL,	NULL,	NULL,	NULL),
(93,	1,	'Page Report',	'page_report',	'',	'2021-12-05 08:55:37',	'2021-12-05 08:55:37',	'Initial Version',	1,	0,	1,	NULL,	0,	0,	NULL,	NULL,	NULL,	NULL),
(94,	1,	'Translate Site Interface',	'translate_interface',	'',	'2021-12-05 08:55:37',	'2021-12-05 08:55:37',	'Initial Version',	1,	0,	1,	NULL,	0,	0,	NULL,	NULL,	NULL,	NULL),
(95,	1,	'SEO & Statistics',	'seo',	'Enable pretty URLs and tracking codes.',	'2021-12-05 08:55:38',	'2021-12-05 08:55:38',	'Initial Version',	1,	0,	1,	NULL,	0,	0,	NULL,	NULL,	NULL,	NULL),
(96,	1,	'URLs and Redirection',	'urls',	'',	'2021-12-05 08:55:38',	'2021-12-05 08:55:38',	'Initial Version',	1,	0,	1,	NULL,	0,	0,	NULL,	NULL,	NULL,	NULL),
(97,	1,	'Bulk SEO Updater',	'bulk',	'',	'2021-12-05 08:55:38',	'2021-12-05 08:55:38',	'Initial Version',	1,	0,	1,	NULL,	0,	0,	NULL,	NULL,	NULL,	NULL),
(98,	1,	'Tracking Codes',	'codes',	'',	'2021-12-05 08:55:38',	'2021-12-05 08:55:38',	'Initial Version',	1,	0,	1,	NULL,	0,	0,	NULL,	NULL,	NULL,	NULL),
(99,	1,	'Excluded URL Word List',	'excluded',	'',	'2021-12-05 08:55:38',	'2021-12-05 08:55:38',	'Initial Version',	1,	0,	1,	NULL,	0,	0,	NULL,	NULL,	NULL,	NULL),
(100,	1,	'Search Index',	'searchindex',	'',	'2021-12-05 08:55:38',	'2021-12-05 08:55:38',	'Initial Version',	1,	0,	1,	NULL,	0,	0,	NULL,	NULL,	NULL,	NULL),
(101,	1,	'Files',	'files',	'',	'2021-12-05 08:55:38',	'2021-12-05 08:55:38',	'Initial Version',	1,	0,	1,	NULL,	0,	0,	NULL,	NULL,	NULL,	NULL),
(102,	1,	'Allowed File Types',	'filetypes',	'',	'2021-12-05 08:55:38',	'2021-12-05 08:55:38',	'Initial Version',	1,	0,	1,	NULL,	0,	0,	NULL,	NULL,	NULL,	NULL),
(103,	1,	'File Manager Permissions',	'permissions',	'',	'2021-12-05 08:55:38',	'2021-12-05 08:55:38',	'Initial Version',	1,	0,	1,	NULL,	0,	0,	NULL,	NULL,	NULL,	NULL),
(104,	1,	'Thumbnails',	'thumbnails',	'',	'2021-12-05 08:55:38',	'2021-12-05 08:55:38',	'Initial Version',	1,	0,	1,	NULL,	0,	0,	NULL,	NULL,	NULL,	NULL),
(105,	1,	'Thumbnail Options',	'options',	'',	'2021-12-05 08:55:38',	'2021-12-05 08:55:38',	'Initial Version',	1,	0,	1,	NULL,	0,	0,	NULL,	NULL,	NULL,	NULL),
(106,	1,	'Image Options',	'image_uploading',	'',	'2021-12-05 08:55:38',	'2021-12-05 08:55:38',	'Initial Version',	1,	0,	1,	NULL,	0,	0,	NULL,	NULL,	NULL,	NULL),
(107,	1,	'File Storage Locations',	'storage',	'',	'2021-12-05 08:55:38',	'2021-12-05 08:55:38',	'Initial Version',	1,	0,	1,	NULL,	0,	0,	NULL,	NULL,	NULL,	NULL),
(108,	1,	'Export Options',	'export_options',	'',	'2021-12-05 08:55:38',	'2021-12-05 08:55:38',	'Initial Version',	1,	0,	1,	NULL,	0,	0,	NULL,	NULL,	NULL,	NULL),
(109,	1,	'Optimization',	'optimization',	'Keep your site running well.',	'2021-12-05 08:55:39',	'2021-12-05 08:55:39',	'Initial Version',	1,	0,	1,	NULL,	0,	0,	NULL,	NULL,	NULL,	NULL),
(110,	1,	'Cache & Speed Settings',	'cache',	'',	'2021-12-05 08:55:39',	'2021-12-05 08:55:39',	'Initial Version',	1,	0,	1,	NULL,	0,	0,	NULL,	NULL,	NULL,	NULL),
(111,	1,	'Clear Cache',	'clearcache',	'',	'2021-12-05 08:55:39',	'2021-12-05 08:55:39',	'Initial Version',	1,	0,	1,	NULL,	0,	0,	NULL,	NULL,	NULL,	NULL),
(112,	1,	'Automated Jobs',	'jobs',	'',	'2021-12-05 08:55:39',	'2021-12-05 08:55:39',	'Initial Version',	1,	0,	1,	NULL,	0,	0,	NULL,	NULL,	NULL,	NULL),
(113,	1,	'Permissions & Access',	'permissions',	'Control who sees and edits your site.',	'2021-12-05 08:55:39',	'2021-12-05 08:55:39',	'Initial Version',	1,	0,	1,	NULL,	0,	0,	NULL,	NULL,	NULL,	NULL),
(114,	1,	'Site Access',	'site',	'',	'2021-12-05 08:55:39',	'2021-12-05 08:55:39',	'Initial Version',	1,	0,	1,	NULL,	0,	0,	NULL,	NULL,	NULL,	NULL),
(115,	1,	'Task Permissions',	'tasks',	'',	'2021-12-05 08:55:39',	'2021-12-05 08:55:39',	'Initial Version',	1,	0,	1,	NULL,	0,	0,	NULL,	NULL,	NULL,	NULL),
(116,	1,	'User Permissions',	'users',	'',	'2021-12-05 08:55:39',	'2021-12-05 08:55:39',	'Initial Version',	1,	0,	1,	NULL,	0,	0,	NULL,	NULL,	NULL,	NULL),
(117,	1,	'Advanced Permissions',	'advanced',	'',	'2021-12-05 08:55:39',	'2021-12-05 08:55:39',	'Initial Version',	1,	0,	1,	NULL,	0,	0,	NULL,	NULL,	NULL,	NULL),
(118,	1,	'Workflows',	'workflows',	'',	'2021-12-05 08:55:39',	'2021-12-05 08:55:39',	'Initial Version',	1,	0,	1,	NULL,	0,	0,	NULL,	NULL,	NULL,	NULL),
(119,	1,	'IP Blacklist',	'blacklist',	'',	'2021-12-05 08:55:39',	'2021-12-05 08:55:39',	'Initial Version',	1,	0,	1,	NULL,	0,	0,	NULL,	NULL,	NULL,	NULL),
(120,	1,	'Configure IP Blocking',	'configure',	'',	'2021-12-05 08:55:39',	'2021-12-05 08:55:39',	'Initial Version',	1,	0,	1,	NULL,	0,	0,	NULL,	NULL,	NULL,	NULL),
(121,	1,	'IP Range',	'range',	'',	'2021-12-05 08:55:39',	'2021-12-05 08:55:39',	'Initial Version',	1,	0,	1,	NULL,	0,	0,	NULL,	NULL,	NULL,	NULL),
(122,	1,	'Captcha Setup',	'captcha',	'',	'2021-12-05 08:55:39',	'2021-12-05 08:55:39',	'Initial Version',	1,	0,	1,	NULL,	0,	0,	NULL,	NULL,	NULL,	NULL),
(123,	1,	'Spam Control',	'antispam',	'',	'2021-12-05 08:55:39',	'2021-12-05 08:55:39',	'Initial Version',	1,	0,	1,	NULL,	0,	0,	NULL,	NULL,	NULL,	NULL),
(124,	1,	'Maintenance Mode',	'maintenance',	'',	'2021-12-05 08:55:40',	'2021-12-05 08:55:40',	'Initial Version',	1,	0,	1,	NULL,	0,	0,	NULL,	NULL,	NULL,	NULL),
(125,	1,	'Trusted Proxies',	'trusted_proxies',	'',	'2021-12-05 08:55:40',	'2021-12-05 08:55:40',	'Initial Version',	1,	0,	1,	NULL,	0,	0,	NULL,	NULL,	NULL,	NULL),
(126,	1,	'Login & Registration',	'registration',	'Change login behaviors and setup public profiles.',	'2021-12-05 08:55:40',	'2021-12-05 08:55:40',	'Initial Version',	1,	0,	1,	NULL,	0,	0,	NULL,	NULL,	NULL,	NULL),
(127,	1,	'Account Options',	'open',	'',	'2021-12-05 08:55:40',	'2021-12-05 08:55:40',	'Initial Version',	1,	0,	1,	NULL,	0,	0,	NULL,	NULL,	NULL,	NULL),
(128,	1,	'Login Destination',	'postlogin',	'',	'2021-12-05 08:55:40',	'2021-12-05 08:55:40',	'Initial Version',	1,	0,	1,	NULL,	0,	0,	NULL,	NULL,	NULL,	NULL),
(129,	1,	'Public Profiles',	'profiles',	'',	'2021-12-05 08:55:40',	'2021-12-05 08:55:40',	'Initial Version',	1,	0,	1,	NULL,	0,	0,	NULL,	NULL,	NULL,	NULL),
(130,	1,	'Authentication Types',	'authentication',	'',	'2021-12-05 08:55:40',	'2021-12-05 08:55:40',	'Initial Version',	1,	0,	1,	NULL,	0,	0,	NULL,	NULL,	NULL,	NULL),
(131,	1,	'Global Password Reset',	'global_password_reset',	'Signs out all users, resets all passwords and forces users to choose a new one',	'2021-12-05 08:55:40',	'2021-12-05 08:55:40',	'Initial Version',	1,	0,	1,	NULL,	0,	0,	NULL,	NULL,	NULL,	NULL),
(132,	1,	'Notification Settings',	'notification',	'',	'2021-12-05 08:55:40',	'2021-12-05 08:55:40',	'Initial Version',	1,	0,	1,	NULL,	0,	0,	NULL,	NULL,	NULL,	NULL),
(133,	1,	'User Deactivation Settings',	'deactivation',	'',	'2021-12-05 08:55:40',	'2021-12-05 08:55:40',	'Initial Version',	1,	0,	1,	NULL,	0,	0,	NULL,	NULL,	NULL,	NULL),
(134,	1,	'Automated Logout',	'automated_logout',	'Automate when users are logged out, or do it manually',	'2021-12-05 08:55:40',	'2021-12-05 08:55:40',	'Initial Version',	1,	0,	1,	NULL,	0,	0,	NULL,	NULL,	NULL,	NULL),
(135,	1,	'Password Requirements',	'password_requirements',	'Set password rule and regulations.',	'2021-12-05 08:55:40',	'2021-12-05 08:55:40',	'Initial Version',	1,	0,	1,	NULL,	0,	0,	NULL,	NULL,	NULL,	NULL),
(136,	1,	'Session Options',	'session_options',	'',	'2021-12-05 08:55:41',	'2021-12-05 08:55:41',	'Initial Version',	1,	0,	1,	NULL,	0,	0,	NULL,	NULL,	NULL,	NULL),
(137,	1,	'Email',	'mail',	'Control how your site send and processes mail.',	'2021-12-05 08:55:41',	'2021-12-05 08:55:41',	'Initial Version',	1,	0,	1,	NULL,	0,	0,	NULL,	NULL,	NULL,	NULL),
(138,	1,	'SMTP Method',	'method',	'',	'2021-12-05 08:55:41',	'2021-12-05 08:55:41',	'Initial Version',	1,	0,	1,	NULL,	0,	0,	NULL,	NULL,	NULL,	NULL),
(139,	1,	'Test Mail Settings',	'test',	'',	'2021-12-05 08:55:41',	'2021-12-05 08:55:41',	'Initial Version',	1,	0,	1,	NULL,	0,	0,	NULL,	NULL,	NULL,	NULL),
(140,	1,	'Email Importers',	'importers',	'',	'2021-12-05 08:55:41',	'2021-12-05 08:55:41',	'Initial Version',	1,	0,	1,	NULL,	0,	0,	NULL,	NULL,	NULL,	NULL),
(141,	1,	'System Email Addresses',	'addresses',	'',	'2021-12-05 08:55:41',	'2021-12-05 08:55:41',	'Initial Version',	1,	0,	1,	NULL,	0,	0,	NULL,	NULL,	NULL,	NULL),
(142,	1,	'Calendar',	'calendar',	'Manage your calendar settings',	'2021-12-05 08:55:41',	'2021-12-05 08:55:41',	'Initial Version',	1,	0,	1,	NULL,	0,	0,	NULL,	NULL,	NULL,	NULL),
(143,	1,	'General Settings',	'settings',	'',	'2021-12-05 08:55:41',	'2021-12-05 08:55:41',	'Initial Version',	1,	0,	1,	NULL,	0,	0,	NULL,	NULL,	NULL,	NULL),
(144,	1,	'Color Settings',	'colors',	'',	'2021-12-05 08:55:41',	'2021-12-05 08:55:41',	'Initial Version',	1,	0,	1,	NULL,	0,	0,	NULL,	NULL,	NULL,	NULL),
(145,	1,	'Permissions',	'permissions',	'',	'2021-12-05 08:55:41',	'2021-12-05 08:55:41',	'Initial Version',	1,	0,	1,	NULL,	0,	0,	NULL,	NULL,	NULL,	NULL),
(146,	1,	'Import Calendar Data',	'import',	'',	'2021-12-05 08:55:41',	'2021-12-05 08:55:41',	'Initial Version',	1,	0,	1,	NULL,	0,	0,	NULL,	NULL,	NULL,	NULL),
(147,	1,	'Conversations',	'conversations',	'Manage your conversations settings',	'2021-12-05 08:55:41',	'2021-12-05 08:55:41',	'Initial Version',	1,	0,	1,	NULL,	0,	0,	NULL,	NULL,	NULL,	NULL),
(148,	1,	'Settings',	'settings',	'',	'2021-12-05 08:55:41',	'2021-12-05 08:55:41',	'Initial Version',	1,	0,	1,	NULL,	0,	0,	NULL,	NULL,	NULL,	NULL),
(149,	1,	'Community Points',	'points',	'',	'2021-12-05 08:55:42',	'2021-12-05 08:55:42',	'Initial Version',	1,	0,	1,	NULL,	0,	0,	NULL,	NULL,	NULL,	NULL),
(150,	1,	'Banned Words',	'bannedwords',	'',	'2021-12-05 08:55:42',	'2021-12-05 08:55:42',	'Initial Version',	1,	0,	1,	NULL,	0,	0,	NULL,	NULL,	NULL,	NULL),
(151,	1,	'Conversation Permissions',	'permissions',	'',	'2021-12-05 08:55:42',	'2021-12-05 08:55:42',	'Initial Version',	1,	0,	1,	NULL,	0,	0,	NULL,	NULL,	NULL,	NULL),
(152,	1,	'Attributes',	'attributes',	'Setup attributes for pages, users, files and more.',	'2021-12-05 08:55:42',	'2021-12-05 08:55:42',	'Initial Version',	1,	0,	1,	NULL,	0,	0,	NULL,	NULL,	NULL,	NULL),
(153,	1,	'Types',	'types',	'Choose which attribute types are available for different items.',	'2021-12-05 08:55:42',	'2021-12-05 08:55:42',	'Initial Version',	1,	0,	1,	NULL,	0,	0,	NULL,	NULL,	NULL,	NULL),
(154,	1,	'Sets',	'sets',	'Group attributes into sets for easier organization',	'2021-12-05 08:55:42',	'2021-12-05 08:55:42',	'Initial Version',	1,	0,	1,	NULL,	0,	0,	NULL,	NULL,	NULL,	NULL),
(155,	1,	'Topics',	'topics',	'',	'2021-12-05 08:55:42',	'2021-12-05 08:55:42',	'Initial Version',	1,	0,	1,	NULL,	0,	0,	NULL,	NULL,	NULL,	NULL),
(156,	1,	'Add Topic Tree',	'add',	'',	'2021-12-05 08:55:42',	'2021-12-05 08:55:42',	'Initial Version',	1,	0,	1,	NULL,	0,	0,	NULL,	NULL,	NULL,	NULL),
(157,	1,	'Environment',	'environment',	'Advanced settings for web developers.',	'2021-12-05 08:55:42',	'2021-12-05 08:55:42',	'Initial Version',	1,	0,	1,	NULL,	0,	0,	NULL,	NULL,	NULL,	NULL),
(158,	1,	'Environment Information',	'info',	'',	'2021-12-05 08:55:42',	'2021-12-05 08:55:42',	'Initial Version',	1,	0,	1,	NULL,	0,	0,	NULL,	NULL,	NULL,	NULL),
(159,	1,	'Debug Settings',	'debug',	'',	'2021-12-05 08:55:42',	'2021-12-05 08:55:42',	'Initial Version',	1,	0,	1,	NULL,	0,	0,	NULL,	NULL,	NULL,	NULL),
(160,	1,	'Logging Settings',	'logging',	'',	'2021-12-05 08:55:42',	'2021-12-05 08:55:42',	'Initial Version',	1,	0,	1,	NULL,	0,	0,	NULL,	NULL,	NULL,	NULL),
(161,	1,	'Proxy Server',	'proxy',	'',	'2021-12-05 08:55:42',	'2021-12-05 08:55:42',	'Initial Version',	1,	0,	1,	NULL,	0,	0,	NULL,	NULL,	NULL,	NULL),
(162,	1,	'Database Entities',	'entities',	'',	'2021-12-05 08:55:43',	'2021-12-05 08:55:43',	'Initial Version',	1,	0,	1,	NULL,	0,	0,	NULL,	NULL,	NULL,	NULL),
(163,	1,	'Database Character Set',	'database_charset',	'',	'2021-12-05 08:55:43',	'2021-12-05 08:55:43',	'Initial Version',	1,	0,	1,	NULL,	0,	0,	NULL,	NULL,	NULL,	NULL),
(164,	1,	'Geolocation',	'geolocation',	'',	'2021-12-05 08:55:43',	'2021-12-05 08:55:43',	'Initial Version',	1,	0,	1,	NULL,	0,	0,	NULL,	NULL,	NULL,	NULL),
(165,	1,	'Update Concrete',	'update',	'',	'2021-12-05 08:55:43',	'2021-12-05 08:55:43',	'Initial Version',	1,	0,	1,	NULL,	0,	0,	NULL,	NULL,	NULL,	NULL),
(166,	1,	'Apply Update',	'update',	'',	'2021-12-05 08:55:43',	'2021-12-05 08:55:43',	'Initial Version',	1,	0,	1,	NULL,	0,	0,	NULL,	NULL,	NULL,	NULL),
(167,	1,	'API',	'api',	'',	'2021-12-05 08:55:43',	'2021-12-05 08:55:43',	'Initial Version',	1,	0,	1,	NULL,	0,	0,	NULL,	NULL,	NULL,	NULL),
(168,	1,	'API Settings',	'settings',	'',	'2021-12-05 08:55:43',	'2021-12-05 08:55:43',	'Initial Version',	1,	0,	1,	NULL,	0,	0,	NULL,	NULL,	NULL,	NULL),
(169,	1,	'API Integrations',	'integrations',	'',	'2021-12-05 08:55:43',	'2021-12-05 08:55:43',	'Initial Version',	1,	0,	1,	NULL,	0,	0,	NULL,	NULL,	NULL,	NULL),
(170,	1,	'Welcome',	'welcome',	'',	'2021-12-05 08:55:43',	'2021-12-05 08:55:43',	'Initial Version',	1,	0,	1,	NULL,	0,	0,	NULL,	NULL,	NULL,	NULL),
(171,	1,	'Waiting for Me',	'me',	NULL,	'2021-12-05 08:55:44',	'2021-12-05 08:55:44',	'Initial Version',	1,	0,	1,	NULL,	3,	2,	NULL,	NULL,	NULL,	NULL),
(172,	1,	'Stacks',	'!stacks',	'',	'2021-12-05 08:55:51',	'2021-12-05 08:55:51',	'Initial Version',	1,	0,	1,	NULL,	0,	0,	NULL,	NULL,	NULL,	NULL),
(173,	1,	'Page Not Found',	'page_not_found',	'',	'2021-12-05 08:55:52',	'2021-12-05 08:55:52',	'Initial Version',	1,	0,	1,	NULL,	0,	0,	NULL,	NULL,	NULL,	NULL),
(174,	1,	'Trash',	'!trash',	'',	'2021-12-05 08:55:52',	'2021-12-05 08:55:52',	'Initial Version',	1,	0,	1,	NULL,	0,	0,	NULL,	NULL,	NULL,	NULL),
(175,	1,	'Login',	'login',	'',	'2021-12-05 08:55:52',	'2021-12-05 08:55:52',	'Initial Version',	1,	0,	1,	NULL,	0,	0,	NULL,	NULL,	NULL,	NULL),
(176,	1,	'Register',	'register',	'',	'2021-12-05 08:55:52',	'2021-12-05 08:55:52',	'Initial Version',	1,	0,	1,	NULL,	0,	0,	NULL,	NULL,	NULL,	NULL),
(177,	1,	'My Account',	'account',	'',	'2021-12-05 08:55:52',	'2021-12-05 08:55:52',	'Initial Version',	1,	0,	1,	NULL,	0,	0,	NULL,	NULL,	NULL,	NULL),
(178,	1,	'Edit Profile',	'edit_profile',	'Edit your user profile and change password.',	'2021-12-05 08:55:52',	'2021-12-05 08:55:52',	'Initial Version',	1,	0,	1,	NULL,	0,	0,	NULL,	NULL,	NULL,	NULL),
(179,	1,	'Profile Picture',	'avatar',	'Specify a new image attached to posts or edits.',	'2021-12-05 08:55:52',	'2021-12-05 08:55:52',	'Initial Version',	1,	0,	1,	NULL,	0,	0,	NULL,	NULL,	NULL,	NULL),
(180,	1,	'Private Messages',	'messages',	'Inbox for site-specific messages.',	'2021-12-05 08:55:52',	'2021-12-05 08:55:52',	'Initial Version',	1,	0,	1,	NULL,	0,	0,	NULL,	NULL,	NULL,	NULL),
(181,	1,	'Page Forbidden',	'page_forbidden',	'',	'2021-12-05 08:55:52',	'2021-12-05 08:55:52',	'Initial Version',	1,	0,	1,	NULL,	0,	0,	NULL,	NULL,	NULL,	NULL),
(182,	1,	'Download File',	'download_file',	'',	'2021-12-05 08:55:52',	'2021-12-05 08:55:52',	'Initial Version',	1,	0,	1,	NULL,	0,	0,	NULL,	NULL,	NULL,	NULL),
(183,	1,	'Drafts',	'!drafts',	'',	'2021-12-05 08:55:52',	'2021-12-05 08:55:52',	'Initial Version',	1,	0,	1,	NULL,	0,	0,	NULL,	NULL,	NULL,	NULL),
(184,	1,	'Welcome Back',	'desktop',	'',	'2021-12-05 08:55:52',	'2021-12-05 08:55:52',	'Initial Version',	1,	0,	1,	NULL,	0,	0,	NULL,	NULL,	NULL,	NULL),
(185,	1,	'Footer Contact',	'footer-contact',	NULL,	'2021-12-05 08:55:59',	'2021-12-05 08:55:59',	'Initial Version',	1,	0,	1,	NULL,	3,	0,	NULL,	NULL,	NULL,	NULL),
(186,	1,	'Footer Legal',	'footer-legal',	NULL,	'2021-12-05 08:55:59',	'2021-12-05 08:55:59',	'Initial Version',	1,	0,	1,	NULL,	3,	0,	NULL,	NULL,	NULL,	NULL),
(187,	1,	'Footer Navigation',	'footer-navigation',	NULL,	'2021-12-05 08:55:59',	'2021-12-05 08:55:59',	'Initial Version',	1,	0,	1,	NULL,	3,	0,	NULL,	NULL,	NULL,	NULL),
(188,	1,	'Footer Site Title',	'footer-site-title',	NULL,	'2021-12-05 08:55:59',	'2021-12-05 08:55:59',	'Initial Version',	1,	0,	1,	NULL,	3,	0,	NULL,	NULL,	NULL,	NULL),
(189,	1,	'Footer Social',	'footer-social',	NULL,	'2021-12-05 08:56:00',	'2021-12-05 08:56:00',	'Initial Version',	1,	0,	1,	NULL,	3,	0,	NULL,	NULL,	NULL,	NULL),
(190,	1,	'Header Navigation',	'header-navigation',	NULL,	'2021-12-05 08:56:00',	'2021-12-05 08:56:00',	'Initial Version',	1,	0,	1,	NULL,	3,	0,	NULL,	NULL,	NULL,	NULL),
(191,	1,	'Header Search',	'header-search',	NULL,	'2021-12-05 08:56:00',	'2021-12-05 08:56:00',	'Initial Version',	1,	0,	1,	NULL,	3,	0,	NULL,	NULL,	NULL,	NULL),
(192,	1,	'Header Site Title',	'header-site-title',	NULL,	'2021-12-05 08:56:00',	'2021-12-05 08:56:00',	'Initial Version',	1,	0,	1,	NULL,	3,	0,	NULL,	NULL,	NULL,	NULL),
(193,	1,	'',	NULL,	NULL,	'2021-12-05 08:56:03',	'2021-12-05 08:56:03',	'Initial Version',	1,	0,	NULL,	NULL,	0,	5,	NULL,	NULL,	NULL,	NULL),
(194,	1,	'Services',	'services',	NULL,	'2021-12-05 08:56:03',	'2021-12-05 08:56:03',	'Initial Version',	1,	0,	1,	NULL,	3,	5,	NULL,	NULL,	NULL,	NULL),
(195,	1,	'',	NULL,	NULL,	'2021-12-05 08:56:03',	'2021-12-05 08:56:03',	'Initial Version',	1,	0,	NULL,	NULL,	0,	5,	NULL,	NULL,	NULL,	NULL),
(196,	1,	'Portfolio',	'portfolio',	NULL,	'2021-12-05 08:56:03',	'2021-12-05 08:56:03',	'Initial Version',	1,	0,	1,	NULL,	3,	5,	NULL,	NULL,	NULL,	NULL),
(197,	1,	'Team',	'team',	NULL,	'2021-12-05 08:56:04',	'2021-12-05 08:56:04',	'Initial Version',	1,	0,	1,	NULL,	3,	5,	NULL,	NULL,	NULL,	NULL),
(198,	1,	'',	NULL,	NULL,	'2021-12-05 08:56:04',	'2021-12-05 08:56:04',	'Initial Version',	1,	0,	NULL,	NULL,	0,	5,	NULL,	NULL,	NULL,	NULL),
(199,	1,	'Blog',	'blog',	NULL,	'2021-12-05 08:56:04',	'2021-12-05 08:56:04',	'Initial Version',	1,	0,	1,	NULL,	3,	5,	NULL,	NULL,	NULL,	NULL),
(200,	1,	'Search',	'search',	NULL,	'2021-12-05 08:56:04',	'2021-12-05 08:56:04',	'Initial Version',	1,	0,	1,	NULL,	3,	5,	NULL,	NULL,	NULL,	NULL),
(201,	1,	'Contact',	'contact',	NULL,	'2021-12-05 08:56:04',	'2021-12-05 08:56:04',	'Initial Version',	1,	0,	1,	NULL,	3,	5,	NULL,	NULL,	NULL,	NULL),
(202,	1,	'Blank Page',	'blank-page',	NULL,	'2021-12-05 08:56:04',	'2021-12-05 08:56:04',	'Initial Version',	0,	0,	1,	NULL,	3,	4,	NULL,	NULL,	NULL,	NULL),
(202,	2,	'Blank Page',	'blank-page',	NULL,	'2021-12-05 08:56:04',	'2021-12-08 13:10:24',	'Version 2',	0,	0,	1,	1,	3,	4,	NULL,	NULL,	NULL,	'2021-12-08 13:10:39'),
(202,	3,	'Blank Page',	'blank-page',	NULL,	'2021-12-05 08:56:04',	'2021-12-08 13:11:29',	'Version 3',	0,	0,	1,	NULL,	3,	4,	NULL,	NULL,	NULL,	NULL),
(202,	4,	'Blank Page',	'blank-page',	NULL,	'2021-12-05 08:56:04',	'2021-12-08 13:17:28',	'Version 4',	0,	0,	1,	NULL,	3,	4,	NULL,	NULL,	NULL,	NULL),
(202,	5,	'Blank Page',	'blank-page',	NULL,	'2021-12-05 08:56:04',	'2021-12-08 13:19:00',	'Version 5',	0,	0,	1,	1,	3,	4,	NULL,	NULL,	NULL,	'2021-12-08 17:33:39'),
(202,	6,	'Blank Page',	'blank-page',	NULL,	'2021-12-05 08:56:04',	'2021-12-08 17:38:58',	'Version 6',	0,	0,	1,	1,	3,	4,	NULL,	NULL,	NULL,	'2021-12-23 14:31:42'),
(202,	7,	'Blank Page',	'blank-page',	NULL,	'2021-12-05 08:56:04',	'2021-12-23 14:50:37',	'Version 7',	0,	0,	1,	1,	3,	4,	NULL,	NULL,	NULL,	'2021-12-29 10:51:27'),
(202,	8,	'Blank Page',	'blank-page',	NULL,	'2021-12-05 08:56:04',	'2021-12-29 11:30:51',	'Version 8',	0,	0,	1,	1,	3,	4,	NULL,	NULL,	NULL,	'2021-12-29 11:35:39'),
(202,	9,	'Blank Page',	'blank-page',	NULL,	'2021-12-05 08:56:04',	'2021-12-29 14:03:01',	'Version 9',	0,	0,	1,	1,	3,	4,	NULL,	NULL,	NULL,	'2021-12-29 14:03:59'),
(202,	10,	'Blank Page',	'blank-page',	NULL,	'2021-12-05 08:56:04',	'2021-12-29 14:08:41',	'Version 10',	0,	0,	1,	1,	3,	4,	NULL,	NULL,	NULL,	'2021-12-29 14:09:45'),
(202,	11,	'Blank Page',	'blank-page',	NULL,	'2021-12-05 08:56:04',	'2021-12-29 14:10:31',	'Version 11',	0,	0,	1,	1,	3,	4,	NULL,	NULL,	NULL,	'2021-12-29 14:13:19'),
(202,	12,	'Blank Page',	'blank-page',	NULL,	'2021-12-05 08:56:04',	'2021-12-29 14:27:28',	'Version 12',	0,	0,	1,	1,	3,	4,	NULL,	NULL,	NULL,	'2021-12-29 14:30:25'),
(202,	13,	'Blank Page',	'blank-page',	NULL,	'2021-12-05 08:56:04',	'2021-12-29 15:33:35',	'Version 13',	1,	0,	1,	1,	3,	4,	NULL,	NULL,	NULL,	'2021-12-29 16:39:40'),
(203,	1,	'',	NULL,	NULL,	'2021-12-05 08:56:04',	'2021-12-05 08:56:04',	'Initial Version',	1,	0,	NULL,	NULL,	0,	6,	NULL,	NULL,	NULL,	NULL),
(204,	1,	'Project Title',	'project-title',	'Pellentesque ultricies ligula vel neque dictum, eu mollis tortor adipiscing.',	'2014-08-06 15:30:00',	'2021-12-05 08:56:04',	'Initial Version',	1,	0,	1,	NULL,	3,	6,	NULL,	NULL,	NULL,	NULL),
(205,	1,	'Project Title 2',	'project-title-2',	'Pellentesque ultricies ligula vel neque dictum, eu mollis tortor adipiscing.',	'2014-08-06 15:20:00',	'2021-12-05 08:56:04',	'Initial Version',	1,	0,	1,	NULL,	3,	6,	NULL,	NULL,	NULL,	NULL),
(206,	1,	'Project Title 3',	'project-title-3',	'Pellentesque ultricies ligula vel neque dictum, eu mollis tortor adipiscing.',	'2014-08-06 15:10:00',	'2021-12-05 08:56:04',	'Initial Version',	1,	0,	1,	NULL,	3,	6,	NULL,	NULL,	NULL,	NULL),
(207,	1,	'Project Title 4',	'project-title-4',	'Pellentesque ultricies ligula vel neque dictum, eu mollis tortor adipiscing.',	'2014-08-06 15:00:00',	'2021-12-05 08:56:04',	'Initial Version',	1,	0,	1,	NULL,	3,	6,	NULL,	NULL,	NULL,	NULL),
(208,	1,	'Project Title 5',	'project-title-5',	'Pellentesque ultricies ligula vel neque dictum, eu mollis tortor adipiscing.',	'2014-08-06 14:30:00',	'2021-12-05 08:56:04',	'Initial Version',	1,	0,	1,	NULL,	3,	6,	NULL,	NULL,	NULL,	NULL),
(209,	1,	'Project Title 6',	'project-title-6',	'Pellentesque ultricies ligula vel neque dictum, eu mollis tortor adipiscing.',	'2014-08-06 14:20:00',	'2021-12-05 08:56:04',	'Initial Version',	1,	0,	1,	NULL,	3,	6,	NULL,	NULL,	NULL,	NULL),
(210,	1,	'',	NULL,	NULL,	'2021-12-05 08:56:04',	'2021-12-05 08:56:04',	'Initial Version',	1,	0,	NULL,	NULL,	0,	7,	NULL,	NULL,	NULL,	NULL),
(211,	1,	'Hello World!',	'hello-world',	'Pellentesque ultricies ligula vel neque dictum, eu mollis tortor adipiscing. Etiam congue, est vel tincidunt vestibulum, nunc nunc porta nulla, at adipiscing neque tellus quis urna. Quisque dignissim neque a ipsum sodales, mattis aliquam ante dictum.',	'2014-07-01 12:00:00',	'2021-12-05 08:56:04',	'Initial Version',	1,	0,	1,	NULL,	3,	7,	NULL,	NULL,	NULL,	NULL),
(212,	1,	'Another Blog Post',	'another-blog-post',	'Lorem ipsum dolor sit amet, consectetur adipiscing elit. Nullam sit amet consectetur lacus. Vestibulum neque lectus, egestas non cursus vitae, aliquam at magna.',	'2014-07-04 15:00:00',	'2021-12-05 08:56:04',	'Initial Version',	1,	0,	1,	NULL,	3,	7,	NULL,	NULL,	NULL,	NULL),
(213,	1,	'A Beautiful Site Deserves a Beautiful Blog',	'a-beautiful-blog',	'Donec blandit lectus nec neque ullamcorper rhoncus. Sed adipiscing tempus sem eu molestie. Aenean laoreet pretium ante vitae ultrices. Aenean eu gravida magna, vel aliquet magna. In auctor convallis gravida. Phasellus est erat.',	'2014-08-01 16:30:00',	'2021-12-05 08:56:04',	'Initial Version',	1,	0,	1,	NULL,	3,	7,	NULL,	NULL,	NULL,	NULL),
(214,	1,	'About',	'about',	NULL,	'2021-12-05 08:56:04',	'2021-12-05 08:56:04',	'Initial Version',	0,	0,	1,	NULL,	3,	5,	NULL,	NULL,	NULL,	NULL),
(214,	2,	'About',	'about',	NULL,	'2021-12-05 08:56:04',	'2021-12-05 16:27:23',	'New Version 2',	0,	0,	1,	1,	3,	9,	NULL,	NULL,	NULL,	'2021-12-05 16:27:23'),
(214,	3,	'About',	'about',	NULL,	'2021-12-05 08:56:04',	'2021-12-30 12:13:15',	'Version 3',	0,	0,	1,	1,	3,	9,	NULL,	NULL,	NULL,	'2021-12-30 12:13:59'),
(214,	4,	'About',	'about',	NULL,	'2021-12-05 08:56:04',	'2021-12-30 12:15:58',	'Version 4',	0,	0,	1,	1,	3,	9,	NULL,	NULL,	NULL,	'2021-12-30 12:16:20'),
(214,	5,	'About',	'about',	NULL,	'2021-12-05 08:56:04',	'2021-12-30 12:16:59',	'Version 5',	0,	0,	1,	1,	3,	9,	NULL,	NULL,	NULL,	'2021-12-30 12:49:14'),
(214,	6,	'About',	'about',	NULL,	'2021-12-05 08:56:04',	'2021-12-30 12:54:04',	'Version 6',	0,	0,	1,	1,	3,	9,	NULL,	NULL,	NULL,	'2021-12-30 13:08:00'),
(214,	7,	'About',	'about',	NULL,	'2021-12-05 08:56:04',	'2021-12-30 14:53:58',	'Version 7',	0,	0,	1,	1,	3,	9,	NULL,	NULL,	NULL,	'2021-12-30 15:03:33'),
(214,	8,	'About',	'about',	NULL,	'2021-12-05 08:56:04',	'2021-12-30 15:04:18',	'Version 8',	0,	0,	1,	1,	3,	9,	NULL,	NULL,	NULL,	'2021-12-30 15:05:02'),
(214,	9,	'About',	'about',	NULL,	'2021-12-05 08:56:04',	'2021-12-30 15:10:01',	'Version 9',	0,	0,	1,	1,	3,	9,	NULL,	NULL,	NULL,	'2021-12-30 15:11:05'),
(214,	10,	'About',	'about',	NULL,	'2021-12-05 08:56:04',	'2021-12-30 15:12:27',	'Version 10',	0,	0,	1,	1,	3,	9,	NULL,	NULL,	NULL,	'2021-12-30 15:13:38'),
(214,	11,	'About',	'about',	NULL,	'2021-12-05 08:56:04',	'2021-12-30 15:14:29',	'Version 11',	0,	0,	1,	1,	3,	9,	NULL,	NULL,	NULL,	'2021-12-30 15:19:51'),
(214,	12,	'About',	'about',	NULL,	'2021-12-05 08:56:04',	'2021-12-30 15:43:19',	'Version 12',	0,	0,	1,	1,	3,	9,	NULL,	NULL,	NULL,	'2021-12-30 15:44:41'),
(214,	13,	'About',	'about',	NULL,	'2021-12-05 08:56:04',	'2022-01-04 16:40:04',	'Version 13',	0,	0,	1,	1,	3,	9,	NULL,	NULL,	NULL,	'2022-01-04 16:42:57'),
(214,	14,	'About',	'about',	NULL,	'2021-12-05 08:56:04',	'2022-01-04 16:43:26',	'Version 14',	1,	0,	1,	1,	3,	9,	NULL,	NULL,	NULL,	'2022-01-04 16:44:34'),
(215,	1,	'Careers',	'careers',	NULL,	'2021-12-05 08:56:05',	'2021-12-05 08:56:05',	'Initial Version',	1,	0,	1,	NULL,	3,	5,	NULL,	NULL,	NULL,	NULL),
(216,	1,	'Frequently Asked Questions',	'faq',	NULL,	'2021-12-05 08:56:05',	'2021-12-05 08:56:05',	'Initial Version',	1,	0,	1,	NULL,	3,	5,	NULL,	NULL,	NULL,	NULL),
(217,	1,	'',	NULL,	NULL,	'2021-12-05 08:56:05',	'2021-12-05 08:56:05',	'Initial Version',	1,	0,	NULL,	NULL,	0,	6,	NULL,	NULL,	NULL,	NULL),
(218,	1,	'Web Developer',	'web-developer',	'Curabitur sagittis elementum felis at sodales. Nullam fermentum at urna quis accumsan. Nam bibendum leo nisi, lacinia molestie arcu consequat quis. Morbi at suscipit risus. Sed consequat eleifend metus, vitae malesuada eros elementum sed. Fusce risus felis, viverra et dignissim at, lobortis non est. Lorem ipsum dolor sit amet, consectetur adipiscing elit. Nullam sit amet consectetur lacus.',	'2021-12-05 08:56:05',	'2021-12-05 08:56:05',	'Initial Version',	1,	0,	1,	NULL,	3,	6,	NULL,	NULL,	NULL,	NULL),
(219,	1,	'Sales Associate',	'sales-associate',	'Curabitur sagittis elementum felis at sodales. Nullam fermentum at urna quis accumsan. Nam bibendum leo nisi, lacinia molestie arcu consequat quis. Morbi at suscipit risus. Sed consequat eleifend metus, vitae malesuada eros elementum sed. Fusce risus felis, viverra et dignissim at, lobortis non est. Lorem ipsum dolor sit amet, consectetur adipiscing elit. Nullam sit amet consectetur lacus.',	'2021-12-05 08:56:05',	'2021-12-05 08:56:05',	'Initial Version',	1,	0,	1,	NULL,	3,	6,	NULL,	NULL,	NULL,	NULL),
(220,	1,	'',	NULL,	NULL,	'2021-12-05 08:56:05',	'2021-12-05 08:56:05',	'Initial Version',	1,	0,	NULL,	NULL,	0,	4,	NULL,	NULL,	NULL,	NULL),
(221,	1,	'',	NULL,	NULL,	'2021-12-05 08:56:05',	'2021-12-05 08:56:05',	'Initial Version',	1,	0,	NULL,	NULL,	0,	6,	NULL,	NULL,	NULL,	NULL),
(222,	1,	'',	NULL,	NULL,	'2021-12-05 08:56:05',	'2021-12-05 08:56:05',	'Initial Version',	1,	0,	NULL,	NULL,	0,	7,	NULL,	NULL,	NULL,	NULL),
(224,	1,	'Block Order',	'block_order',	NULL,	'2021-12-08 10:31:52',	'2021-12-08 10:31:52',	'Initial Version',	1,	0,	1,	NULL,	0,	0,	NULL,	NULL,	NULL,	NULL),
(225,	1,	'Block Designer',	'block_designer',	NULL,	'2021-12-08 10:31:53',	'2021-12-08 10:31:53',	'Initial Version',	1,	0,	1,	NULL,	0,	0,	NULL,	NULL,	NULL,	NULL),
(226,	1,	'Block Config',	'block_config',	NULL,	'2021-12-08 10:31:53',	'2021-12-08 10:31:53',	'Initial Version',	1,	0,	1,	NULL,	0,	0,	NULL,	NULL,	NULL,	NULL),
(227,	1,	'Settings',	'settings',	NULL,	'2021-12-08 10:31:53',	'2021-12-08 10:31:53',	'Initial Version',	1,	0,	1,	NULL,	0,	0,	NULL,	NULL,	NULL,	NULL),
(228,	1,	'',	'',	NULL,	'2021-12-08 11:01:47',	'2021-12-08 11:01:47',	'Initial Version',	0,	1,	1,	NULL,	3,	5,	NULL,	NULL,	NULL,	NULL),
(229,	1,	'',	'',	NULL,	'2021-12-08 11:34:58',	'2021-12-08 11:34:58',	'sdd',	0,	0,	1,	NULL,	3,	5,	NULL,	NULL,	NULL,	NULL),
(230,	1,	'Travel to dubai',	'travel-dubai',	'',	'2021-12-30 16:14:22',	'2021-12-30 16:14:22',	'Initial Version',	0,	0,	1,	1,	3,	5,	NULL,	NULL,	NULL,	'2021-12-30 16:14:24'),
(230,	2,	'Travel to dubai',	'travel-dubai',	'',	'2021-12-30 16:14:22',	'2021-12-30 16:19:28',	'New Version 2',	0,	0,	1,	1,	3,	10,	NULL,	NULL,	NULL,	'2021-12-30 17:21:46'),
(230,	3,	'Travel to dubai',	'travel-dubai',	'',	'2021-12-30 16:14:22',	'2022-01-01 11:31:39',	'Version 3',	0,	0,	1,	1,	3,	10,	NULL,	NULL,	NULL,	'2022-01-01 12:17:02'),
(230,	4,	'Travel to dubai',	'travel-dubai',	'',	'2021-12-30 16:14:22',	'2022-01-01 13:00:19',	'Version 4',	0,	0,	1,	1,	3,	10,	NULL,	NULL,	NULL,	'2022-01-01 13:01:17'),
(230,	5,	'Travel to dubai',	'travel-dubai',	'',	'2021-12-30 16:14:22',	'2022-01-01 13:07:58',	'Version 5',	0,	0,	1,	1,	3,	10,	NULL,	NULL,	NULL,	'2022-01-01 13:13:48'),
(230,	6,	'Travel to dubai',	'travel-dubai',	'',	'2021-12-30 16:14:22',	'2022-01-01 13:17:24',	'Version 6',	0,	0,	1,	1,	3,	10,	NULL,	NULL,	NULL,	'2022-01-01 13:17:40'),
(230,	7,	'Travel to dubai',	'travel-dubai',	'',	'2021-12-30 16:14:22',	'2022-01-01 13:20:23',	'Version 7',	0,	0,	1,	1,	3,	10,	NULL,	NULL,	NULL,	'2022-01-01 13:59:56'),
(230,	8,	'Travel to dubai',	'travel-dubai',	'',	'2021-12-30 16:14:22',	'2022-01-01 14:02:15',	'Version 8',	0,	0,	1,	1,	3,	10,	NULL,	NULL,	NULL,	'2022-01-01 14:04:20'),
(230,	9,	'Travel to dubai',	'travel-dubai',	'',	'2021-12-30 16:14:22',	'2022-01-04 12:34:22',	'Version 9',	0,	0,	1,	1,	3,	10,	NULL,	NULL,	NULL,	'2022-01-04 12:41:26'),
(230,	10,	'Travel to dubai',	'travel-dubai',	'',	'2021-12-30 16:14:22',	'2022-01-04 12:42:23',	'Version 10',	0,	0,	1,	1,	3,	10,	NULL,	NULL,	NULL,	'2022-01-04 12:43:28'),
(230,	11,	'Travel to dubai',	'travel-dubai',	'',	'2021-12-30 16:14:22',	'2022-01-04 12:44:52',	'Version 11',	0,	0,	1,	1,	3,	10,	NULL,	NULL,	NULL,	'2022-01-04 12:45:30'),
(230,	12,	'Travel to dubai',	'travel-dubai',	'',	'2021-12-30 16:14:22',	'2022-01-04 12:49:41',	'Version 12',	0,	0,	1,	1,	3,	10,	NULL,	NULL,	NULL,	'2022-01-04 13:48:48'),
(230,	13,	'Travel to dubai',	'travel-dubai',	'',	'2021-12-30 16:14:22',	'2022-01-04 13:50:46',	'Version 13',	0,	0,	1,	1,	3,	10,	NULL,	NULL,	NULL,	'2022-01-04 13:50:53'),
(230,	14,	'Travel to dubai',	'travel-dubai',	'',	'2021-12-30 16:14:22',	'2022-01-04 13:52:33',	'Version 14',	0,	0,	1,	1,	3,	10,	NULL,	NULL,	NULL,	'2022-01-04 14:05:27'),
(230,	15,	'Travel to dubai',	'travel-dubai',	'',	'2021-12-30 16:14:22',	'2022-01-04 14:07:27',	'Version 15',	0,	0,	1,	1,	3,	10,	NULL,	NULL,	NULL,	'2022-01-04 14:07:51'),
(230,	16,	'Travel to dubai',	'travel-dubai',	'',	'2021-12-30 16:14:22',	'2022-01-04 14:45:57',	'Version 16',	1,	0,	1,	1,	3,	10,	NULL,	NULL,	NULL,	'2022-01-04 14:46:04'),
(231,	1,	'Contact Us',	'contact-us',	'',	'2021-12-30 17:25:53',	'2021-12-30 17:25:53',	'Initial Version',	0,	0,	1,	1,	3,	5,	NULL,	NULL,	NULL,	'2021-12-30 17:25:55'),
(231,	2,	'Contact Us',	'contact-us',	'',	'2021-12-30 17:25:53',	'2021-12-30 17:30:23',	'New Version 2',	0,	0,	1,	1,	3,	11,	NULL,	NULL,	NULL,	'2021-12-30 17:30:41'),
(231,	3,	'Contact Us',	'contact-us',	'',	'2021-12-30 17:25:53',	'2022-01-04 15:13:25',	'Version 3',	0,	0,	1,	1,	3,	11,	NULL,	NULL,	NULL,	'2022-01-04 15:16:58'),
(231,	4,	'Contact Us',	'contact-us',	'',	'2021-12-30 17:25:53',	'2022-01-04 15:34:19',	'Version 4',	1,	0,	1,	1,	3,	11,	NULL,	NULL,	NULL,	'2022-01-04 15:34:27'),
(232,	1,	'',	NULL,	NULL,	'2022-01-01 13:07:42',	'2022-01-01 13:07:42',	'Initial Version',	1,	0,	NULL,	NULL,	0,	10,	NULL,	NULL,	NULL,	NULL),
(233,	1,	'',	NULL,	NULL,	'2022-01-04 15:34:37',	'2022-01-04 15:34:37',	'Initial Version',	1,	0,	NULL,	NULL,	0,	11,	NULL,	NULL,	NULL,	NULL);

DROP TABLE IF EXISTS `CollectionVersionThemeCustomStyles`;
CREATE TABLE `CollectionVersionThemeCustomStyles` (
  `cID` int(10) unsigned NOT NULL DEFAULT '0',
  `cvID` int(10) unsigned NOT NULL DEFAULT '1',
  `pThemeID` int(10) unsigned NOT NULL DEFAULT '0',
  `scvlID` int(10) unsigned DEFAULT '0',
  `preset` varchar(255) COLLATE utf8mb4_unicode_ci DEFAULT NULL,
  `sccRecordID` int(10) unsigned DEFAULT '0',
  PRIMARY KEY (`cID`,`cvID`,`pThemeID`),
  KEY `pThemeID` (`pThemeID`),
  KEY `scvlID` (`scvlID`),
  KEY `sccRecordID` (`sccRecordID`)
) ENGINE=InnoDB DEFAULT CHARSET=utf8mb4 COLLATE=utf8mb4_unicode_ci;


DROP TABLE IF EXISTS `Config`;
CREATE TABLE `Config` (
  `configNamespace` varchar(255) COLLATE utf8mb4_unicode_ci NOT NULL DEFAULT '',
  `configGroup` varchar(255) COLLATE utf8mb4_unicode_ci NOT NULL,
  `configItem` varchar(255) COLLATE utf8mb4_unicode_ci NOT NULL,
  `configValue` longtext COLLATE utf8mb4_unicode_ci,
  PRIMARY KEY (`configNamespace`,`configGroup`,`configItem`),
  KEY `configGroup` (`configGroup`)
) ENGINE=InnoDB DEFAULT CHARSET=utf8mb4 COLLATE=utf8mb4_unicode_ci;

INSERT INTO `Config` (`configNamespace`, `configGroup`, `configItem`, `configValue`) VALUES
('',	'app',	'privacy_policy_accepted',	'1'),
('',	'concrete',	'security.token.encryption',	'3695521236a4a3910ffa9dea69c491a56fe49334a415dcc0068aeb82a4cd6a60'),
('',	'concrete',	'security.token.jobs',	'dccb41544dd91242910427f077c5d434892edc39d52187bc8dfc509f5ed2ca36'),
('',	'concrete',	'security.token.validation',	'9b577f2f4e2223f724ebc01851cbee60e3218ea1c5df029c9fb7ed0db8de6d4f');

DROP TABLE IF EXISTS `ConfigStore`;
CREATE TABLE `ConfigStore` (
  `cfKey` varchar(64) COLLATE utf8mb4_unicode_ci NOT NULL,
  `timestamp` timestamp NOT NULL DEFAULT CURRENT_TIMESTAMP,
  `cfValue` longtext COLLATE utf8mb4_unicode_ci,
  `uID` int(10) unsigned NOT NULL DEFAULT '0',
  `pkgID` int(10) unsigned NOT NULL DEFAULT '0',
  PRIMARY KEY (`cfKey`,`uID`),
  KEY `uID` (`uID`,`cfKey`),
  KEY `pkgID` (`pkgID`,`cfKey`)
) ENGINE=InnoDB DEFAULT CHARSET=utf8mb4 COLLATE=utf8mb4_unicode_ci;

INSERT INTO `ConfigStore` (`cfKey`, `timestamp`, `cfValue`, `uID`, `pkgID`) VALUES
('file_manager.sort.7',	'2021-12-26 06:02:30',	'[\"folderItemModified\",\"desc\"]',	1,	0),
('MAIN_HELP_LAST_VIEWED',	'2021-12-05 05:06:56',	'1638680816',	1,	0);

DROP TABLE IF EXISTS `ConversationDiscussions`;
CREATE TABLE `ConversationDiscussions` (
  `cnvDiscussionID` int(10) unsigned NOT NULL AUTO_INCREMENT,
  `cnvDiscussionDateCreated` datetime NOT NULL,
  `cID` int(10) unsigned DEFAULT NULL,
  PRIMARY KEY (`cnvDiscussionID`),
  KEY `cID` (`cID`)
) ENGINE=InnoDB DEFAULT CHARSET=utf8mb4 COLLATE=utf8mb4_unicode_ci;


DROP TABLE IF EXISTS `ConversationEditors`;
CREATE TABLE `ConversationEditors` (
  `cnvEditorID` int(10) unsigned NOT NULL AUTO_INCREMENT,
  `cnvEditorHandle` varchar(64) COLLATE utf8mb4_unicode_ci DEFAULT NULL,
  `cnvEditorName` varchar(255) COLLATE utf8mb4_unicode_ci DEFAULT NULL,
  `cnvEditorIsActive` tinyint(1) NOT NULL DEFAULT '0',
  `pkgID` int(10) unsigned NOT NULL DEFAULT '0',
  PRIMARY KEY (`cnvEditorID`),
  KEY `pkgID` (`pkgID`,`cnvEditorHandle`)
) ENGINE=InnoDB DEFAULT CHARSET=utf8mb4 COLLATE=utf8mb4_unicode_ci;

INSERT INTO `ConversationEditors` (`cnvEditorID`, `cnvEditorHandle`, `cnvEditorName`, `cnvEditorIsActive`, `pkgID`) VALUES
(1,	'plain_text',	'Plain Text',	1,	0),
(2,	'markdown',	'Markdown',	0,	0),
(3,	'rich_text',	'Rich Text',	0,	0);

DROP TABLE IF EXISTS `ConversationFeatureDetailAssignments`;
CREATE TABLE `ConversationFeatureDetailAssignments` (
  `faID` int(10) unsigned NOT NULL DEFAULT '0',
  `cnvID` int(10) unsigned NOT NULL DEFAULT '0',
  PRIMARY KEY (`faID`),
  KEY `cnvID` (`cnvID`)
) ENGINE=InnoDB DEFAULT CHARSET=utf8mb4 COLLATE=utf8mb4_unicode_ci;

INSERT INTO `ConversationFeatureDetailAssignments` (`faID`, `cnvID`) VALUES
(1,	1),
(3,	2),
(4,	3),
(5,	4);

DROP TABLE IF EXISTS `ConversationFlaggedMessages`;
CREATE TABLE `ConversationFlaggedMessages` (
  `cnvMessageID` int(10) unsigned NOT NULL,
  `cnvMessageFlagTypeID` int(11) DEFAULT NULL,
  PRIMARY KEY (`cnvMessageID`),
  KEY `cnvMessageFlagTypeID` (`cnvMessageFlagTypeID`)
) ENGINE=InnoDB DEFAULT CHARSET=utf8mb4 COLLATE=utf8mb4_unicode_ci;


DROP TABLE IF EXISTS `ConversationFlaggedMessageTypes`;
CREATE TABLE `ConversationFlaggedMessageTypes` (
  `cnvMessageFlagTypeID` int(10) unsigned NOT NULL AUTO_INCREMENT,
  `cnvMessageFlagTypeHandle` varchar(64) COLLATE utf8mb4_unicode_ci DEFAULT NULL,
  PRIMARY KEY (`cnvMessageFlagTypeID`),
  UNIQUE KEY `cnvMessageFlagTypeHandle` (`cnvMessageFlagTypeHandle`)
) ENGINE=InnoDB DEFAULT CHARSET=utf8mb4 COLLATE=utf8mb4_unicode_ci;

INSERT INTO `ConversationFlaggedMessageTypes` (`cnvMessageFlagTypeID`, `cnvMessageFlagTypeHandle`) VALUES
(1,	'spam');

DROP TABLE IF EXISTS `ConversationMessageAttachments`;
CREATE TABLE `ConversationMessageAttachments` (
  `cnvMessageAttachmentID` int(10) unsigned NOT NULL AUTO_INCREMENT,
  `cnvMessageID` int(11) DEFAULT NULL,
  `fID` int(11) DEFAULT NULL,
  PRIMARY KEY (`cnvMessageAttachmentID`),
  KEY `cnvMessageID` (`cnvMessageID`),
  KEY `fID` (`fID`)
) ENGINE=InnoDB DEFAULT CHARSET=utf8mb4 COLLATE=utf8mb4_unicode_ci;


DROP TABLE IF EXISTS `ConversationMessageNotifications`;
CREATE TABLE `ConversationMessageNotifications` (
  `cnvMessageID` int(10) unsigned NOT NULL,
  `nID` int(10) unsigned NOT NULL,
  PRIMARY KEY (`nID`),
  CONSTRAINT `FK_559DE1CBED024EFD` FOREIGN KEY (`nID`) REFERENCES `Notifications` (`nID`) ON DELETE CASCADE
) ENGINE=InnoDB DEFAULT CHARSET=utf8mb4 COLLATE=utf8mb4_unicode_ci;


DROP TABLE IF EXISTS `ConversationMessageRatings`;
CREATE TABLE `ConversationMessageRatings` (
  `cnvMessageRatingID` int(10) unsigned NOT NULL AUTO_INCREMENT,
  `cnvMessageID` int(10) unsigned DEFAULT NULL,
  `cnvRatingTypeID` int(10) unsigned NOT NULL DEFAULT '0',
  `cnvMessageRatingIP` tinyblob,
  `timestamp` datetime DEFAULT NULL,
  `uID` int(10) unsigned NOT NULL DEFAULT '0',
  PRIMARY KEY (`cnvMessageRatingID`),
  KEY `cnvMessageID` (`cnvMessageID`,`cnvRatingTypeID`),
  KEY `cnvRatingTypeID` (`cnvRatingTypeID`),
  KEY `uID` (`uID`)
) ENGINE=InnoDB DEFAULT CHARSET=utf8mb4 COLLATE=utf8mb4_unicode_ci;


DROP TABLE IF EXISTS `ConversationMessages`;
CREATE TABLE `ConversationMessages` (
  `cnvMessageID` int(10) unsigned NOT NULL AUTO_INCREMENT,
  `cnvID` int(10) unsigned NOT NULL DEFAULT '0',
  `cnvMessageReview` int(10) unsigned NOT NULL DEFAULT '0',
  `uID` int(10) unsigned NOT NULL DEFAULT '0',
  `cnvEditorID` int(10) unsigned NOT NULL DEFAULT '0',
  `cnvMessageAuthorName` varchar(255) COLLATE utf8mb4_unicode_ci DEFAULT NULL,
  `cnvMessageAuthorEmail` varchar(255) COLLATE utf8mb4_unicode_ci DEFAULT NULL,
  `cnvMessageAuthorWebsite` varchar(255) COLLATE utf8mb4_unicode_ci DEFAULT NULL,
  `cnvMessageSubmitIP` tinyblob,
  `cnvMessageSubmitUserAgent` longtext COLLATE utf8mb4_unicode_ci,
  `cnvMessageLevel` int(10) unsigned NOT NULL DEFAULT '0',
  `cnvMessageParentID` int(10) unsigned NOT NULL DEFAULT '0',
  `cnvMessageDateCreated` datetime DEFAULT NULL,
  `cnvMessageSubject` text COLLATE utf8mb4_unicode_ci,
  `cnvMessageBody` text COLLATE utf8mb4_unicode_ci,
  `cnvIsMessageDeleted` tinyint(1) NOT NULL DEFAULT '0',
  `cnvIsMessageApproved` tinyint(1) NOT NULL DEFAULT '0',
  `cnvMessageTotalRatingScore` bigint(20) DEFAULT '0',
  PRIMARY KEY (`cnvMessageID`),
  KEY `cnvID` (`cnvID`),
  KEY `cnvMessageParentID` (`cnvMessageParentID`),
  KEY `uID` (`uID`)
) ENGINE=InnoDB DEFAULT CHARSET=utf8mb4 COLLATE=utf8mb4_unicode_ci;


DROP TABLE IF EXISTS `ConversationPermissionAddMessageAccessList`;
CREATE TABLE `ConversationPermissionAddMessageAccessList` (
  `paID` int(10) unsigned NOT NULL DEFAULT '0',
  `peID` int(10) unsigned NOT NULL DEFAULT '0',
  `permission` varchar(1) COLLATE utf8mb4_unicode_ci NOT NULL DEFAULT 'A',
  PRIMARY KEY (`paID`,`peID`),
  KEY `peID` (`peID`)
) ENGINE=InnoDB DEFAULT CHARSET=utf8mb4 COLLATE=utf8mb4_unicode_ci;


DROP TABLE IF EXISTS `ConversationPermissionAssignments`;
CREATE TABLE `ConversationPermissionAssignments` (
  `cnvID` int(10) unsigned NOT NULL DEFAULT '0',
  `pkID` int(10) unsigned NOT NULL DEFAULT '0',
  `paID` int(10) unsigned NOT NULL DEFAULT '0',
  PRIMARY KEY (`cnvID`,`pkID`,`paID`),
  KEY `paID` (`paID`),
  KEY `pkID` (`pkID`)
) ENGINE=InnoDB DEFAULT CHARSET=utf8mb4 COLLATE=utf8mb4_unicode_ci;

INSERT INTO `ConversationPermissionAssignments` (`cnvID`, `pkID`, `paID`) VALUES
(0,	67,	111),
(0,	68,	112),
(0,	71,	113),
(0,	70,	114),
(0,	72,	115),
(0,	69,	116),
(0,	73,	117),
(0,	74,	118);

DROP TABLE IF EXISTS `ConversationRatingTypes`;
CREATE TABLE `ConversationRatingTypes` (
  `cnvRatingTypeID` int(10) unsigned NOT NULL AUTO_INCREMENT,
  `cnvRatingTypeHandle` varchar(255) COLLATE utf8mb4_unicode_ci DEFAULT NULL,
  `cnvRatingTypeName` varchar(10) COLLATE utf8mb4_unicode_ci DEFAULT NULL,
  `cnvRatingTypeCommunityPoints` int(11) DEFAULT NULL,
  `pkgID` int(10) unsigned NOT NULL DEFAULT '0',
  PRIMARY KEY (`cnvRatingTypeID`),
  UNIQUE KEY `cnvRatingTypeHandle` (`cnvRatingTypeHandle`),
  KEY `pkgID` (`pkgID`,`cnvRatingTypeHandle`)
) ENGINE=InnoDB DEFAULT CHARSET=utf8mb4 COLLATE=utf8mb4_unicode_ci;

INSERT INTO `ConversationRatingTypes` (`cnvRatingTypeID`, `cnvRatingTypeHandle`, `cnvRatingTypeName`, `cnvRatingTypeCommunityPoints`, `pkgID`) VALUES
(1,	'up_vote',	'Up Vote',	1,	0),
(2,	'down_vote',	'Down Vote',	0,	0);

DROP TABLE IF EXISTS `Conversations`;
CREATE TABLE `Conversations` (
  `cnvID` int(10) unsigned NOT NULL AUTO_INCREMENT,
  `cID` int(10) unsigned DEFAULT '0',
  `cnvDateCreated` datetime NOT NULL,
  `cnvDateLastMessage` datetime DEFAULT NULL,
  `cnvParentMessageID` int(10) unsigned DEFAULT '0',
  `cnvAttachmentsEnabled` tinyint(1) NOT NULL DEFAULT '1',
  `cnvMessagesTotal` int(10) unsigned DEFAULT '0',
  `cnvOverrideGlobalPermissions` tinyint(1) DEFAULT '0',
  `cnvAttachmentOverridesEnabled` tinyint(1) NOT NULL DEFAULT '0',
  `cnvMaxFilesGuest` int(11) DEFAULT '0',
  `cnvMaxFilesRegistered` int(11) DEFAULT '0',
  `cnvMaxFileSizeGuest` int(11) DEFAULT '0',
  `cnvMaxFileSizeRegistered` int(11) DEFAULT '0',
  `cnvFileExtensions` text COLLATE utf8mb4_unicode_ci,
  `cnvNotificationOverridesEnabled` tinyint(1) NOT NULL DEFAULT '0',
  `cnvEnableSubscription` tinyint(1) DEFAULT '0',
  PRIMARY KEY (`cnvID`),
  KEY `cID` (`cID`),
  KEY `cnvParentMessageID` (`cnvParentMessageID`)
) ENGINE=InnoDB DEFAULT CHARSET=utf8mb4 COLLATE=utf8mb4_unicode_ci;

INSERT INTO `Conversations` (`cnvID`, `cID`, `cnvDateCreated`, `cnvDateLastMessage`, `cnvParentMessageID`, `cnvAttachmentsEnabled`, `cnvMessagesTotal`, `cnvOverrideGlobalPermissions`, `cnvAttachmentOverridesEnabled`, `cnvMaxFilesGuest`, `cnvMaxFilesRegistered`, `cnvMaxFileSizeGuest`, `cnvMaxFileSizeRegistered`, `cnvFileExtensions`, `cnvNotificationOverridesEnabled`, `cnvEnableSubscription`) VALUES
(1,	210,	'2021-12-05 08:56:05',	'2021-12-05 08:56:05',	0,	1,	0,	0,	0,	0,	0,	0,	0,	NULL,	0,	0),
(2,	211,	'2021-12-05 08:56:15',	'2021-12-05 08:56:15',	0,	1,	0,	0,	0,	0,	0,	0,	0,	NULL,	0,	0),
(3,	212,	'2021-12-05 08:56:16',	'2021-12-05 08:56:16',	0,	1,	0,	0,	0,	0,	0,	0,	0,	NULL,	0,	0),
(4,	213,	'2021-12-05 08:56:17',	'2021-12-05 08:56:17',	0,	1,	0,	0,	0,	0,	0,	0,	0,	NULL,	0,	0);

DROP TABLE IF EXISTS `ConversationSubscriptions`;
CREATE TABLE `ConversationSubscriptions` (
  `cnvID` int(10) unsigned NOT NULL DEFAULT '0',
  `uID` int(10) unsigned NOT NULL DEFAULT '0',
  `type` varchar(1) COLLATE utf8mb4_unicode_ci DEFAULT 'S',
  PRIMARY KEY (`cnvID`,`uID`),
  KEY `cnvID` (`cnvID`),
  KEY `uID` (`uID`)
) ENGINE=InnoDB DEFAULT CHARSET=utf8mb4 COLLATE=utf8mb4_unicode_ci;

INSERT INTO `ConversationSubscriptions` (`cnvID`, `uID`, `type`) VALUES
(0,	1,	'S');

DROP TABLE IF EXISTS `DownloadStatistics`;
CREATE TABLE `DownloadStatistics` (
  `dsID` int(10) unsigned NOT NULL AUTO_INCREMENT,
  `fID` int(10) unsigned NOT NULL,
  `fvID` int(10) unsigned NOT NULL,
  `uID` int(10) unsigned NOT NULL,
  `rcID` int(10) unsigned NOT NULL,
  `timestamp` timestamp NOT NULL DEFAULT CURRENT_TIMESTAMP,
  PRIMARY KEY (`dsID`),
  KEY `fID` (`fID`,`timestamp`),
  KEY `fvID` (`fID`,`fvID`),
  KEY `uID` (`uID`),
  KEY `rcID` (`rcID`),
  KEY `timestamp` (`timestamp`)
) ENGINE=InnoDB DEFAULT CHARSET=utf8mb4 COLLATE=utf8mb4_unicode_ci;


DROP TABLE IF EXISTS `ExpressAttributeKeys`;
CREATE TABLE `ExpressAttributeKeys` (
  `entity_id` char(36) COLLATE utf8mb4_unicode_ci DEFAULT NULL COMMENT '(DC2Type:guid)',
  `akID` int(10) unsigned NOT NULL,
  PRIMARY KEY (`akID`),
  KEY `IDX_8C881F181257D5D` (`entity_id`),
  CONSTRAINT `FK_8C881F181257D5D` FOREIGN KEY (`entity_id`) REFERENCES `ExpressEntities` (`id`),
  CONSTRAINT `FK_8C881F1B6561A7E` FOREIGN KEY (`akID`) REFERENCES `AttributeKeys` (`akID`) ON DELETE CASCADE
) ENGINE=InnoDB DEFAULT CHARSET=utf8mb4 COLLATE=utf8mb4_unicode_ci;

INSERT INTO `ExpressAttributeKeys` (`entity_id`, `akID`) VALUES
('83ae65b1-79e8-4ded-bbca-e419bfd19bb6',	30),
('83ae65b1-79e8-4ded-bbca-e419bfd19bb6',	31),
('83ae65b1-79e8-4ded-bbca-e419bfd19bb6',	32),
('83ae65b1-79e8-4ded-bbca-e419bfd19bb6',	33),
('83ae65b1-79e8-4ded-bbca-e419bfd19bb6',	34);

DROP TABLE IF EXISTS `ExpressEntities`;
CREATE TABLE `ExpressEntities` (
  `id` char(36) COLLATE utf8mb4_unicode_ci NOT NULL COMMENT '(DC2Type:guid)',
  `default_view_form_id` char(36) COLLATE utf8mb4_unicode_ci DEFAULT NULL COMMENT '(DC2Type:guid)',
  `default_edit_form_id` char(36) COLLATE utf8mb4_unicode_ci DEFAULT NULL COMMENT '(DC2Type:guid)',
  `name` varchar(255) COLLATE utf8mb4_unicode_ci NOT NULL,
  `handle` varchar(255) COLLATE utf8mb4_unicode_ci NOT NULL,
  `plural_handle` varchar(255) COLLATE utf8mb4_unicode_ci DEFAULT NULL,
  `label_mask` varchar(255) COLLATE utf8mb4_unicode_ci DEFAULT NULL,
  `supports_custom_display_order` tinyint(1) NOT NULL,
  `description` longtext COLLATE utf8mb4_unicode_ci,
  `result_column_set` longtext COLLATE utf8mb4_unicode_ci COMMENT '(DC2Type:object)',
  `include_in_public_list` tinyint(1) NOT NULL,
  `entity_results_node_id` int(11) NOT NULL,
  `items_per_page` int(11) NOT NULL,
  `created_date` datetime NOT NULL,
  `pkgID` int(10) unsigned DEFAULT NULL,
  PRIMARY KEY (`id`),
  UNIQUE KEY `UNIQ_BC772AA6918020D9` (`handle`),
  UNIQUE KEY `UNIQ_BC772AA6547D6B2D` (`default_view_form_id`),
  UNIQUE KEY `UNIQ_BC772AA6C7DEC56D` (`default_edit_form_id`),
  KEY `IDX_BC772AA6CE45CBB0` (`pkgID`),
  CONSTRAINT `FK_BC772AA6547D6B2D` FOREIGN KEY (`default_view_form_id`) REFERENCES `ExpressForms` (`id`),
  CONSTRAINT `FK_BC772AA6C7DEC56D` FOREIGN KEY (`default_edit_form_id`) REFERENCES `ExpressForms` (`id`),
  CONSTRAINT `FK_BC772AA6CE45CBB0` FOREIGN KEY (`pkgID`) REFERENCES `Packages` (`pkgID`)
) ENGINE=InnoDB DEFAULT CHARSET=utf8mb4 COLLATE=utf8mb4_unicode_ci;

INSERT INTO `ExpressEntities` (`id`, `default_view_form_id`, `default_edit_form_id`, `name`, `handle`, `plural_handle`, `label_mask`, `supports_custom_display_order`, `description`, `result_column_set`, `include_in_public_list`, `entity_results_node_id`, `items_per_page`, `created_date`, `pkgID`) VALUES
('83ae65b1-79e8-4ded-bbca-e419bfd19bb6',	'881b6bde-220f-4482-b8f9-ace40b5d169b',	'881b6bde-220f-4482-b8f9-ace40b5d169b',	'Contact',	'express_form_170',	'',	NULL,	0,	'',	'N;',	0,	43,	10,	'2021-12-05 08:56:02',	NULL);

DROP TABLE IF EXISTS `ExpressEntityAssociationEntries`;
CREATE TABLE `ExpressEntityAssociationEntries` (
  `id` int(11) NOT NULL AUTO_INCREMENT,
  `association_id` int(11) DEFAULT NULL,
  `displayOrder` int(10) unsigned NOT NULL DEFAULT '0',
  `exEntryID` int(11) DEFAULT NULL,
  PRIMARY KEY (`id`),
  KEY `IDX_9C2BB76C6DCB6296` (`exEntryID`),
  KEY `IDX_9C2BB76CEFB9C8A5` (`association_id`),
  CONSTRAINT `FK_9C2BB76C6DCB6296` FOREIGN KEY (`exEntryID`) REFERENCES `ExpressEntityEntries` (`exEntryID`),
  CONSTRAINT `FK_9C2BB76CEFB9C8A5` FOREIGN KEY (`association_id`) REFERENCES `ExpressEntityEntryAssociations` (`id`)
) ENGINE=InnoDB DEFAULT CHARSET=utf8mb4 COLLATE=utf8mb4_unicode_ci;


DROP TABLE IF EXISTS `ExpressEntityAssociations`;
CREATE TABLE `ExpressEntityAssociations` (
  `id` char(36) COLLATE utf8mb4_unicode_ci NOT NULL COMMENT '(DC2Type:guid)',
  `source_entity_id` char(36) COLLATE utf8mb4_unicode_ci DEFAULT NULL COMMENT '(DC2Type:guid)',
  `target_entity_id` char(36) COLLATE utf8mb4_unicode_ci DEFAULT NULL COMMENT '(DC2Type:guid)',
  `is_owned_by_association` tinyint(1) NOT NULL,
  `is_owning_association` tinyint(1) NOT NULL,
  `target_property_name` varchar(255) COLLATE utf8mb4_unicode_ci DEFAULT NULL,
  `inversed_by_property_name` varchar(255) COLLATE utf8mb4_unicode_ci DEFAULT NULL,
  `type` varchar(255) COLLATE utf8mb4_unicode_ci NOT NULL,
  `association_type` varchar(255) COLLATE utf8mb4_unicode_ci DEFAULT NULL,
  PRIMARY KEY (`id`),
  KEY `IDX_98A0F796E9BBEE93` (`source_entity_id`),
  KEY `IDX_98A0F796B5910F71` (`target_entity_id`),
  CONSTRAINT `FK_98A0F796B5910F71` FOREIGN KEY (`target_entity_id`) REFERENCES `ExpressEntities` (`id`),
  CONSTRAINT `FK_98A0F796E9BBEE93` FOREIGN KEY (`source_entity_id`) REFERENCES `ExpressEntities` (`id`)
) ENGINE=InnoDB DEFAULT CHARSET=utf8mb4 COLLATE=utf8mb4_unicode_ci;


DROP TABLE IF EXISTS `ExpressEntityEntries`;
CREATE TABLE `ExpressEntityEntries` (
  `exEntryID` int(11) NOT NULL AUTO_INCREMENT,
  `exEntryDisplayOrder` int(11) NOT NULL,
  `exEntryDateCreated` datetime NOT NULL,
  `exEntryDateModified` datetime DEFAULT NULL,
  `publicIdentifier` varchar(255) COLLATE utf8mb4_unicode_ci DEFAULT NULL,
  `uID` int(10) unsigned DEFAULT NULL,
  `exEntryEntityID` char(36) COLLATE utf8mb4_unicode_ci DEFAULT NULL COMMENT '(DC2Type:guid)',
  PRIMARY KEY (`exEntryID`),
  KEY `IDX_B8AE3531FD71026C` (`uID`),
  KEY `IDX_B8AE3531AFC87D03` (`exEntryEntityID`),
  CONSTRAINT `FK_B8AE3531AFC87D03` FOREIGN KEY (`exEntryEntityID`) REFERENCES `ExpressEntities` (`id`),
  CONSTRAINT `FK_B8AE3531FD71026C` FOREIGN KEY (`uID`) REFERENCES `Users` (`uID`)
) ENGINE=InnoDB DEFAULT CHARSET=utf8mb4 COLLATE=utf8mb4_unicode_ci;


DROP TABLE IF EXISTS `ExpressEntityEntryAssociations`;
CREATE TABLE `ExpressEntityEntryAssociations` (
  `id` int(11) NOT NULL AUTO_INCREMENT,
  `association_id` char(36) COLLATE utf8mb4_unicode_ci DEFAULT NULL COMMENT '(DC2Type:guid)',
  `exEntryID` int(11) DEFAULT NULL,
  `type` varchar(255) COLLATE utf8mb4_unicode_ci NOT NULL,
  PRIMARY KEY (`id`),
  KEY `IDX_25B3A0826DCB6296` (`exEntryID`),
  KEY `IDX_25B3A082EFB9C8A5` (`association_id`),
  CONSTRAINT `FK_25B3A0826DCB6296` FOREIGN KEY (`exEntryID`) REFERENCES `ExpressEntityEntries` (`exEntryID`),
  CONSTRAINT `FK_25B3A082EFB9C8A5` FOREIGN KEY (`association_id`) REFERENCES `ExpressEntityAssociations` (`id`)
) ENGINE=InnoDB DEFAULT CHARSET=utf8mb4 COLLATE=utf8mb4_unicode_ci;


DROP TABLE IF EXISTS `ExpressEntityEntryAttributeValues`;
CREATE TABLE `ExpressEntityEntryAttributeValues` (
  `exEntryID` int(11) NOT NULL,
  `akID` int(10) unsigned NOT NULL,
  `avID` int(10) unsigned DEFAULT NULL,
  PRIMARY KEY (`exEntryID`,`akID`),
  KEY `IDX_6DB641546DCB6296` (`exEntryID`),
  KEY `IDX_6DB64154B6561A7E` (`akID`),
  KEY `IDX_6DB64154A2A82A5D` (`avID`),
  CONSTRAINT `FK_6DB641546DCB6296` FOREIGN KEY (`exEntryID`) REFERENCES `ExpressEntityEntries` (`exEntryID`),
  CONSTRAINT `FK_6DB64154A2A82A5D` FOREIGN KEY (`avID`) REFERENCES `AttributeValues` (`avID`),
  CONSTRAINT `FK_6DB64154B6561A7E` FOREIGN KEY (`akID`) REFERENCES `AttributeKeys` (`akID`)
) ENGINE=InnoDB DEFAULT CHARSET=utf8mb4 COLLATE=utf8mb4_unicode_ci;


DROP TABLE IF EXISTS `ExpressForm170ExpressSearchIndexAttributes`;
CREATE TABLE `ExpressForm170ExpressSearchIndexAttributes` (
  `exEntryID` int(11) NOT NULL,
  `ak_contact_question_first_name` longtext COLLATE utf8mb4_unicode_ci,
  `ak_contact_question_last_name` longtext COLLATE utf8mb4_unicode_ci,
  `ak_contact_question_email_address` longtext COLLATE utf8mb4_unicode_ci,
  `ak_contact_question_subject` longtext COLLATE utf8mb4_unicode_ci,
  `ak_contact_question_message` longtext COLLATE utf8mb4_unicode_ci,
  PRIMARY KEY (`exEntryID`),
  CONSTRAINT `FK_722F0F0E6DCB6296` FOREIGN KEY (`exEntryID`) REFERENCES `ExpressEntityEntries` (`exEntryID`) ON DELETE CASCADE ON UPDATE CASCADE
) ENGINE=InnoDB DEFAULT CHARSET=utf8mb4 COLLATE=utf8mb4_unicode_ci;


DROP TABLE IF EXISTS `ExpressFormFieldSetAssociationControls`;
CREATE TABLE `ExpressFormFieldSetAssociationControls` (
  `id` char(36) COLLATE utf8mb4_unicode_ci NOT NULL COMMENT '(DC2Type:guid)',
  `association_id` char(36) COLLATE utf8mb4_unicode_ci DEFAULT NULL COMMENT '(DC2Type:guid)',
  `association_entity_label_mask` varchar(255) COLLATE utf8mb4_unicode_ci DEFAULT NULL,
  `entry_selector_mode` int(10) unsigned NOT NULL DEFAULT '0',
  `enable_entry_reordering` tinyint(1) NOT NULL,
  PRIMARY KEY (`id`),
  KEY `IDX_E6DF21BBEFB9C8A5` (`association_id`),
  CONSTRAINT `FK_E6DF21BBBF396750` FOREIGN KEY (`id`) REFERENCES `ExpressFormFieldSetControls` (`id`) ON DELETE CASCADE,
  CONSTRAINT `FK_E6DF21BBEFB9C8A5` FOREIGN KEY (`association_id`) REFERENCES `ExpressEntityAssociations` (`id`)
) ENGINE=InnoDB DEFAULT CHARSET=utf8mb4 COLLATE=utf8mb4_unicode_ci;


DROP TABLE IF EXISTS `ExpressFormFieldSetAttributeKeyControls`;
CREATE TABLE `ExpressFormFieldSetAttributeKeyControls` (
  `id` char(36) COLLATE utf8mb4_unicode_ci NOT NULL COMMENT '(DC2Type:guid)',
  `akID` int(10) unsigned DEFAULT NULL,
  PRIMARY KEY (`id`),
  KEY `IDX_8481F9D1B6561A7E` (`akID`),
  CONSTRAINT `FK_8481F9D1B6561A7E` FOREIGN KEY (`akID`) REFERENCES `AttributeKeys` (`akID`),
  CONSTRAINT `FK_8481F9D1BF396750` FOREIGN KEY (`id`) REFERENCES `ExpressFormFieldSetControls` (`id`) ON DELETE CASCADE
) ENGINE=InnoDB DEFAULT CHARSET=utf8mb4 COLLATE=utf8mb4_unicode_ci;

INSERT INTO `ExpressFormFieldSetAttributeKeyControls` (`id`, `akID`) VALUES
('f68175ca-634c-11e6-a245-62e65b165d8e',	30),
('fbc62d32-634c-11e6-a245-62e65b165d8e',	31),
('02181ae2-634d-11e6-a245-62e65b165d8e',	32),
('b3c4ee52-6350-11e6-a245-62e65b165d8e',	33),
('bf4cdc08-6350-11e6-a245-62e65b165d8e',	34);

DROP TABLE IF EXISTS `ExpressFormFieldSetAuthorControls`;
CREATE TABLE `ExpressFormFieldSetAuthorControls` (
  `id` char(36) COLLATE utf8mb4_unicode_ci NOT NULL COMMENT '(DC2Type:guid)',
  PRIMARY KEY (`id`),
  CONSTRAINT `FK_CF378786BF396750` FOREIGN KEY (`id`) REFERENCES `ExpressFormFieldSetControls` (`id`) ON DELETE CASCADE
) ENGINE=InnoDB DEFAULT CHARSET=utf8mb4 COLLATE=utf8mb4_unicode_ci;


DROP TABLE IF EXISTS `ExpressFormFieldSetControls`;
CREATE TABLE `ExpressFormFieldSetControls` (
  `id` char(36) COLLATE utf8mb4_unicode_ci NOT NULL COMMENT '(DC2Type:guid)',
  `field_set_id` int(11) DEFAULT NULL,
  `is_required` tinyint(1) NOT NULL,
  `position` int(11) NOT NULL,
  `custom_label` longtext COLLATE utf8mb4_unicode_ci,
  `type` varchar(255) COLLATE utf8mb4_unicode_ci NOT NULL,
  PRIMARY KEY (`id`),
  KEY `IDX_E42868A43ABF811A` (`field_set_id`),
  CONSTRAINT `FK_E42868A43ABF811A` FOREIGN KEY (`field_set_id`) REFERENCES `ExpressFormFieldSets` (`id`)
) ENGINE=InnoDB DEFAULT CHARSET=utf8mb4 COLLATE=utf8mb4_unicode_ci;

INSERT INTO `ExpressFormFieldSetControls` (`id`, `field_set_id`, `is_required`, `position`, `custom_label`, `type`) VALUES
('02181ae2-634d-11e6-a245-62e65b165d8e',	1,	1,	2,	'',	'attributekeycontrol'),
('32a6369e-65a0-11e6-9add-e0995e0a1653',	1,	0,	3,	'',	'textcontrol'),
('b3c4ee52-6350-11e6-a245-62e65b165d8e',	1,	0,	4,	'',	'attributekeycontrol'),
('bf4cdc08-6350-11e6-a245-62e65b165d8e',	1,	1,	5,	'',	'attributekeycontrol'),
('f68175ca-634c-11e6-a245-62e65b165d8e',	1,	1,	0,	'',	'attributekeycontrol'),
('fbc62d32-634c-11e6-a245-62e65b165d8e',	1,	1,	1,	'',	'attributekeycontrol');

DROP TABLE IF EXISTS `ExpressFormFieldSetPublicIdentifierControls`;
CREATE TABLE `ExpressFormFieldSetPublicIdentifierControls` (
  `id` char(36) COLLATE utf8mb4_unicode_ci NOT NULL COMMENT '(DC2Type:guid)',
  PRIMARY KEY (`id`),
  CONSTRAINT `FK_67180C04BF396750` FOREIGN KEY (`id`) REFERENCES `ExpressFormFieldSetControls` (`id`) ON DELETE CASCADE
) ENGINE=InnoDB DEFAULT CHARSET=utf8mb4 COLLATE=utf8mb4_unicode_ci;


DROP TABLE IF EXISTS `ExpressFormFieldSets`;
CREATE TABLE `ExpressFormFieldSets` (
  `id` int(11) NOT NULL AUTO_INCREMENT,
  `form_id` char(36) COLLATE utf8mb4_unicode_ci DEFAULT NULL COMMENT '(DC2Type:guid)',
  `position` int(11) NOT NULL,
  `title` varchar(255) COLLATE utf8mb4_unicode_ci DEFAULT NULL,
  `description` longtext COLLATE utf8mb4_unicode_ci,
  PRIMARY KEY (`id`),
  KEY `IDX_A33BBBEC5FF69B7D` (`form_id`),
  CONSTRAINT `FK_A33BBBEC5FF69B7D` FOREIGN KEY (`form_id`) REFERENCES `ExpressForms` (`id`)
) ENGINE=InnoDB DEFAULT CHARSET=utf8mb4 COLLATE=utf8mb4_unicode_ci;

INSERT INTO `ExpressFormFieldSets` (`id`, `form_id`, `position`, `title`, `description`) VALUES
(1,	'881b6bde-220f-4482-b8f9-ace40b5d169b',	0,	'',	'');

DROP TABLE IF EXISTS `ExpressFormFieldSetTextControls`;
CREATE TABLE `ExpressFormFieldSetTextControls` (
  `id` char(36) COLLATE utf8mb4_unicode_ci NOT NULL COMMENT '(DC2Type:guid)',
  `headline` varchar(255) COLLATE utf8mb4_unicode_ci DEFAULT NULL,
  `body` longtext COLLATE utf8mb4_unicode_ci,
  PRIMARY KEY (`id`),
  CONSTRAINT `FK_DB5A209ABF396750` FOREIGN KEY (`id`) REFERENCES `ExpressFormFieldSetControls` (`id`) ON DELETE CASCADE
) ENGINE=InnoDB DEFAULT CHARSET=utf8mb4 COLLATE=utf8mb4_unicode_ci;

INSERT INTO `ExpressFormFieldSetTextControls` (`id`, `headline`, `body`) VALUES
('32a6369e-65a0-11e6-9add-e0995e0a1653',	'',	'<div class=\"alert alert-info\">Don&#39;t worry &ndash;&nbsp;we won&#39;t add you to any email list. This is just so we can contact you in case you have questions.</div>\n');

DROP TABLE IF EXISTS `ExpressForms`;
CREATE TABLE `ExpressForms` (
  `id` char(36) COLLATE utf8mb4_unicode_ci NOT NULL COMMENT '(DC2Type:guid)',
  `entity_id` char(36) COLLATE utf8mb4_unicode_ci DEFAULT NULL COMMENT '(DC2Type:guid)',
  `name` varchar(255) COLLATE utf8mb4_unicode_ci DEFAULT NULL,
  PRIMARY KEY (`id`),
  KEY `IDX_8D09031A81257D5D` (`entity_id`),
  CONSTRAINT `FK_8D09031A81257D5D` FOREIGN KEY (`entity_id`) REFERENCES `ExpressEntities` (`id`)
) ENGINE=InnoDB DEFAULT CHARSET=utf8mb4 COLLATE=utf8mb4_unicode_ci;

INSERT INTO `ExpressForms` (`id`, `entity_id`, `name`) VALUES
('881b6bde-220f-4482-b8f9-ace40b5d169b',	'83ae65b1-79e8-4ded-bbca-e419bfd19bb6',	'Form');

DROP TABLE IF EXISTS `FeatureAssignments`;
CREATE TABLE `FeatureAssignments` (
  `faID` int(10) unsigned NOT NULL AUTO_INCREMENT,
  `feID` int(10) unsigned DEFAULT NULL,
  `fcID` int(10) unsigned DEFAULT NULL,
  `fdObject` longtext COLLATE utf8mb4_unicode_ci,
  PRIMARY KEY (`faID`),
  KEY `feID` (`feID`),
  KEY `fcID` (`fcID`)
) ENGINE=InnoDB DEFAULT CHARSET=utf8mb4 COLLATE=utf8mb4_unicode_ci;

INSERT INTO `FeatureAssignments` (`faID`, `feID`, `fcID`, `fdObject`) VALUES
(1,	6,	1,	'O:47:\"Concrete\\Core\\Feature\\Detail\\ConversationDetail\":3:{s:8:\"\0*\0cnvID\";s:1:\"1\";s:7:\"\0*\0item\";N;s:5:\"error\";s:0:\"\";}'),
(2,	5,	1,	'O:40:\"Concrete\\Core\\Feature\\Detail\\ImageDetail\":5:{s:6:\"\0*\0src\";s:44:\"/application/files/3316/3868/0156/blank2.png\";s:8:\"\0*\0width\";s:3:\"250\";s:9:\"\0*\0height\";s:3:\"252\";s:7:\"\0*\0item\";N;s:5:\"error\";s:0:\"\";}'),
(3,	6,	1,	'O:47:\"Concrete\\Core\\Feature\\Detail\\ConversationDetail\":3:{s:8:\"\0*\0cnvID\";s:1:\"2\";s:7:\"\0*\0item\";N;s:5:\"error\";s:0:\"\";}'),
(4,	6,	1,	'O:47:\"Concrete\\Core\\Feature\\Detail\\ConversationDetail\":3:{s:8:\"\0*\0cnvID\";s:1:\"3\";s:7:\"\0*\0item\";N;s:5:\"error\";s:0:\"\";}'),
(5,	6,	1,	'O:47:\"Concrete\\Core\\Feature\\Detail\\ConversationDetail\":3:{s:8:\"\0*\0cnvID\";s:1:\"4\";s:7:\"\0*\0item\";N;s:5:\"error\";s:0:\"\";}'),
(6,	5,	1,	'O:40:\"Concrete\\Core\\Feature\\Detail\\ImageDetail\":5:{s:6:\"\0*\0src\";s:52:\"/application/files/8016/3868/0157/chinese_house2.jpg\";s:8:\"\0*\0width\";s:3:\"200\";s:9:\"\0*\0height\";s:3:\"200\";s:7:\"\0*\0item\";N;s:5:\"error\";s:0:\"\";}'),
(7,	5,	1,	'O:40:\"Concrete\\Core\\Feature\\Detail\\ImageDetail\":5:{s:6:\"\0*\0src\";s:43:\"/application/files/4216/3868/0156/blank.png\";s:8:\"\0*\0width\";s:3:\"592\";s:9:\"\0*\0height\";s:3:\"397\";s:7:\"\0*\0item\";N;s:5:\"error\";s:0:\"\";}'),
(8,	5,	1,	'O:40:\"Concrete\\Core\\Feature\\Detail\\ImageDetail\":5:{s:6:\"\0*\0src\";s:43:\"/application/files/4216/3868/0156/blank.png\";s:8:\"\0*\0width\";s:3:\"592\";s:9:\"\0*\0height\";s:3:\"397\";s:7:\"\0*\0item\";N;s:5:\"error\";s:0:\"\";}'),
(9,	5,	1,	'O:40:\"Concrete\\Core\\Feature\\Detail\\ImageDetail\":5:{s:6:\"\0*\0src\";s:44:\"/application/files/3316/3868/0156/blank2.png\";s:8:\"\0*\0width\";s:3:\"250\";s:9:\"\0*\0height\";s:3:\"252\";s:7:\"\0*\0item\";N;s:5:\"error\";s:0:\"\";}'),
(10,	5,	1,	'O:40:\"Concrete\\Core\\Feature\\Detail\\ImageDetail\":5:{s:6:\"\0*\0src\";s:46:\"/application/files/2216/3868/0157/masthead.png\";s:8:\"\0*\0width\";s:4:\"1100\";s:9:\"\0*\0height\";s:3:\"263\";s:7:\"\0*\0item\";N;s:5:\"error\";s:0:\"\";}'),
(11,	5,	1,	'O:40:\"Concrete\\Core\\Feature\\Detail\\ImageDetail\":5:{s:6:\"\0*\0src\";s:46:\"/application/files/9916/4068/8829/upcoming.png\";s:8:\"\0*\0width\";s:3:\"762\";s:9:\"\0*\0height\";s:3:\"647\";s:7:\"\0*\0item\";N;s:5:\"error\";s:0:\"\";}'),
(12,	5,	1,	'O:40:\"Concrete\\Core\\Feature\\Detail\\ImageDetail\":5:{s:6:\"\0*\0src\";s:46:\"/application/files/9916/4068/8829/upcoming.png\";s:8:\"\0*\0width\";s:3:\"762\";s:9:\"\0*\0height\";s:3:\"647\";s:7:\"\0*\0item\";N;s:5:\"error\";s:0:\"\";}'),
(13,	5,	1,	'O:40:\"Concrete\\Core\\Feature\\Detail\\ImageDetail\":5:{s:6:\"\0*\0src\";s:44:\"/application/files/4516/4068/8745/about2.png\";s:8:\"\0*\0width\";s:4:\"1077\";s:9:\"\0*\0height\";s:3:\"957\";s:7:\"\0*\0item\";N;s:5:\"error\";s:0:\"\";}'),
(15,	5,	1,	'O:40:\"Concrete\\Core\\Feature\\Detail\\ImageDetail\":5:{s:6:\"\0*\0src\";s:46:\"/application/files/9916/4068/8829/upcoming.png\";s:8:\"\0*\0width\";s:3:\"762\";s:9:\"\0*\0height\";s:3:\"647\";s:7:\"\0*\0item\";N;s:5:\"error\";s:0:\"\";}');

DROP TABLE IF EXISTS `FeatureCategories`;
CREATE TABLE `FeatureCategories` (
  `fcID` int(10) unsigned NOT NULL AUTO_INCREMENT,
  `fcHandle` varchar(255) COLLATE utf8mb4_unicode_ci NOT NULL,
  `pkgID` int(10) unsigned DEFAULT NULL,
  PRIMARY KEY (`fcID`),
  UNIQUE KEY `fcHandle` (`fcHandle`),
  KEY `pkgID` (`pkgID`,`fcID`)
) ENGINE=InnoDB DEFAULT CHARSET=utf8mb4 COLLATE=utf8mb4_unicode_ci;

INSERT INTO `FeatureCategories` (`fcID`, `fcHandle`, `pkgID`) VALUES
(1,	'collection_version',	0),
(2,	'gathering_item',	0);

DROP TABLE IF EXISTS `Features`;
CREATE TABLE `Features` (
  `feID` int(10) unsigned NOT NULL AUTO_INCREMENT,
  `feHandle` varchar(255) COLLATE utf8mb4_unicode_ci NOT NULL,
  `feScore` int(11) NOT NULL DEFAULT '1',
  `feHasCustomClass` tinyint(1) NOT NULL DEFAULT '0',
  `pkgID` int(10) unsigned DEFAULT NULL,
  PRIMARY KEY (`feID`),
  UNIQUE KEY `feHandle` (`feHandle`),
  KEY `pkgID` (`pkgID`,`feID`)
) ENGINE=InnoDB DEFAULT CHARSET=utf8mb4 COLLATE=utf8mb4_unicode_ci;

INSERT INTO `Features` (`feID`, `feHandle`, `feScore`, `feHasCustomClass`, `pkgID`) VALUES
(1,	'title',	1,	0,	0),
(2,	'link',	1,	0,	0),
(3,	'author',	1,	0,	0),
(4,	'date_time',	1,	0,	0),
(5,	'image',	500,	1,	0),
(6,	'conversation',	10,	1,	0),
(7,	'description',	1,	0,	0),
(8,	'featured',	1000,	0,	0);

DROP TABLE IF EXISTS `FileAttributeKeys`;
CREATE TABLE `FileAttributeKeys` (
  `akID` int(10) unsigned NOT NULL,
  PRIMARY KEY (`akID`),
  CONSTRAINT `FK_BC5C7BBB6561A7E` FOREIGN KEY (`akID`) REFERENCES `AttributeKeys` (`akID`) ON DELETE CASCADE
) ENGINE=InnoDB DEFAULT CHARSET=utf8mb4 COLLATE=utf8mb4_unicode_ci;

INSERT INTO `FileAttributeKeys` (`akID`) VALUES
(16),
(17),
(19);

DROP TABLE IF EXISTS `FileAttributeValues`;
CREATE TABLE `FileAttributeValues` (
  `fID` int(10) unsigned NOT NULL,
  `fvID` int(10) unsigned NOT NULL,
  `akID` int(10) unsigned NOT NULL,
  `avID` int(10) unsigned DEFAULT NULL,
  PRIMARY KEY (`fID`,`fvID`,`akID`),
  KEY `IDX_BBECEAA4B6561A7E` (`akID`),
  KEY `IDX_BBECEAA4A2A82A5D` (`avID`),
  CONSTRAINT `FK_BBECEAA4A2A82A5D` FOREIGN KEY (`avID`) REFERENCES `AttributeValues` (`avID`),
  CONSTRAINT `FK_BBECEAA4B6561A7E` FOREIGN KEY (`akID`) REFERENCES `AttributeKeys` (`akID`)
) ENGINE=InnoDB DEFAULT CHARSET=utf8mb4 COLLATE=utf8mb4_unicode_ci;

INSERT INTO `FileAttributeValues` (`fID`, `fvID`, `akID`, `avID`) VALUES
(1,	1,	16,	153),
(1,	1,	17,	154),
(2,	1,	16,	155),
(2,	1,	17,	156),
(3,	1,	16,	157),
(3,	1,	17,	158),
(4,	1,	16,	159),
(4,	1,	17,	160),
(5,	1,	16,	161),
(5,	1,	17,	162),
(6,	1,	16,	163),
(6,	1,	17,	164),
(7,	1,	16,	165),
(7,	1,	17,	166),
(8,	1,	16,	167),
(8,	1,	17,	168),
(9,	1,	16,	169),
(9,	1,	17,	170),
(10,	1,	16,	171),
(10,	1,	17,	172),
(11,	1,	16,	173),
(11,	1,	17,	174),
(12,	1,	16,	175),
(12,	1,	17,	176),
(13,	1,	16,	177),
(13,	1,	17,	178),
(14,	1,	16,	179),
(14,	1,	17,	180),
(15,	1,	16,	181),
(15,	1,	17,	182),
(16,	1,	16,	183),
(16,	1,	17,	184),
(17,	1,	16,	253),
(17,	1,	17,	254),
(18,	1,	16,	255),
(18,	1,	17,	256),
(19,	1,	16,	257),
(19,	1,	17,	258),
(20,	1,	16,	259),
(20,	1,	17,	260),
(21,	1,	16,	261),
(21,	1,	17,	262),
(22,	1,	16,	263),
(22,	1,	17,	264),
(23,	1,	16,	265),
(23,	1,	17,	266),
(24,	1,	16,	267),
(24,	1,	17,	268),
(25,	1,	16,	269),
(25,	1,	17,	270),
(26,	1,	16,	271),
(26,	1,	17,	272),
(27,	1,	16,	273),
(27,	1,	17,	274),
(28,	1,	16,	275),
(28,	1,	17,	276),
(29,	1,	16,	277),
(29,	1,	17,	278),
(30,	1,	16,	279),
(30,	1,	17,	280),
(31,	1,	16,	281),
(31,	1,	17,	282),
(32,	1,	16,	283),
(32,	1,	17,	284),
(33,	1,	16,	285),
(33,	1,	17,	286),
(34,	1,	16,	287),
(34,	1,	17,	288),
(35,	1,	16,	289),
(35,	1,	17,	290),
(36,	1,	16,	291),
(36,	1,	17,	292),
(37,	1,	16,	293),
(37,	1,	17,	294),
(38,	1,	16,	295),
(38,	1,	17,	296),
(39,	1,	16,	297),
(39,	1,	17,	298),
(40,	1,	16,	299),
(40,	1,	17,	300),
(41,	1,	16,	301),
(41,	1,	17,	302),
(42,	1,	16,	303),
(42,	1,	17,	304),
(43,	1,	16,	305),
(43,	1,	17,	306),
(44,	1,	16,	307),
(44,	1,	17,	308),
(45,	1,	16,	309),
(45,	1,	17,	310),
(46,	1,	16,	311),
(46,	1,	17,	312),
(47,	1,	16,	313),
(47,	1,	17,	314),
(48,	1,	16,	315),
(48,	1,	17,	316),
(49,	1,	16,	317),
(49,	1,	17,	318),
(50,	1,	16,	319),
(50,	1,	17,	320),
(51,	1,	16,	321),
(51,	1,	17,	322),
(52,	1,	16,	323),
(52,	1,	17,	324),
(53,	1,	16,	325),
(53,	1,	17,	326),
(54,	1,	16,	327),
(54,	1,	17,	328),
(55,	1,	16,	329),
(55,	1,	17,	330),
(56,	1,	16,	331),
(56,	1,	17,	332),
(57,	1,	16,	333),
(57,	1,	17,	334),
(58,	1,	16,	335),
(58,	1,	17,	336),
(59,	1,	16,	337),
(59,	1,	17,	338),
(60,	1,	16,	339),
(60,	1,	17,	340),
(61,	1,	16,	341),
(61,	1,	17,	342),
(62,	1,	16,	343),
(62,	1,	17,	344),
(63,	1,	16,	345),
(63,	1,	17,	346),
(64,	1,	16,	347),
(64,	1,	17,	348),
(65,	1,	16,	349),
(65,	1,	17,	350),
(66,	1,	16,	351),
(66,	1,	17,	352),
(67,	1,	16,	353),
(67,	1,	17,	354),
(68,	1,	16,	355),
(68,	1,	17,	356),
(69,	1,	16,	357),
(69,	1,	17,	358),
(70,	1,	16,	359),
(70,	1,	17,	360),
(71,	1,	16,	361),
(71,	1,	17,	362),
(72,	1,	16,	363),
(72,	1,	17,	364),
(73,	1,	16,	365),
(73,	1,	17,	366),
(74,	1,	16,	367),
(74,	1,	17,	368),
(75,	1,	16,	369),
(75,	1,	17,	370),
(76,	1,	16,	371),
(76,	1,	17,	372),
(77,	1,	16,	373),
(77,	1,	17,	374),
(78,	1,	16,	375),
(78,	1,	17,	376),
(79,	1,	16,	377),
(79,	1,	17,	378),
(80,	1,	16,	379),
(80,	1,	17,	380),
(81,	1,	16,	381),
(81,	1,	17,	382),
(82,	1,	16,	383),
(82,	1,	17,	384),
(83,	1,	16,	385),
(83,	1,	17,	386),
(84,	1,	16,	387),
(84,	1,	17,	388),
(85,	1,	16,	389),
(85,	1,	17,	390),
(86,	1,	16,	391),
(86,	1,	17,	392),
(87,	1,	16,	393),
(87,	1,	17,	394),
(88,	1,	16,	395),
(88,	1,	17,	396),
(89,	1,	16,	397),
(89,	1,	17,	398),
(90,	1,	16,	399),
(90,	1,	17,	400),
(91,	1,	16,	401),
(91,	1,	17,	402),
(92,	1,	16,	403),
(92,	1,	17,	404),
(93,	1,	16,	405),
(93,	1,	17,	406),
(94,	1,	16,	407),
(94,	1,	17,	408),
(95,	1,	16,	409),
(95,	1,	17,	410),
(96,	1,	16,	411),
(96,	1,	17,	412),
(97,	1,	16,	413),
(97,	1,	17,	414),
(98,	1,	16,	415),
(98,	1,	17,	416),
(99,	1,	16,	417),
(99,	1,	17,	418),
(100,	1,	16,	419),
(100,	1,	17,	420),
(101,	1,	16,	421),
(101,	1,	17,	422),
(102,	1,	16,	423),
(102,	1,	17,	424),
(103,	1,	16,	425),
(103,	1,	17,	426),
(104,	1,	16,	427),
(104,	1,	17,	428),
(105,	1,	16,	429),
(105,	1,	17,	430),
(106,	1,	16,	431),
(106,	1,	17,	432),
(107,	1,	16,	433),
(107,	1,	17,	434),
(108,	1,	16,	435),
(108,	1,	17,	436);

DROP TABLE IF EXISTS `FileImageThumbnailPaths`;
CREATE TABLE `FileImageThumbnailPaths` (
  `fileID` int(10) unsigned NOT NULL,
  `fileVersionID` int(10) unsigned NOT NULL,
  `thumbnailTypeHandle` varchar(255) COLLATE utf8mb4_unicode_ci NOT NULL,
  `storageLocationID` int(10) unsigned NOT NULL,
  `thumbnailFormat` varchar(5) COLLATE utf8mb4_unicode_ci NOT NULL,
  `path` longtext COLLATE utf8mb4_unicode_ci NOT NULL,
  `isBuilt` tinyint(1) NOT NULL,
  `lockID` varchar(255) COLLATE utf8mb4_unicode_ci DEFAULT NULL,
  `lockExpires` datetime DEFAULT NULL,
  PRIMARY KEY (`fileID`,`fileVersionID`,`thumbnailTypeHandle`,`storageLocationID`,`thumbnailFormat`),
  KEY `thumbnailPathIsBuilt` (`isBuilt`)
) ENGINE=InnoDB DEFAULT CHARSET=utf8mb4 COLLATE=utf8mb4_unicode_ci;

INSERT INTO `FileImageThumbnailPaths` (`fileID`, `fileVersionID`, `thumbnailTypeHandle`, `storageLocationID`, `thumbnailFormat`, `path`, `isBuilt`, `lockID`, `lockExpires`) VALUES
(1,	1,	'file_manager_detail',	1,	'jpeg',	'/thumbnails/file_manager_detail/1234/1234/5678/plants.jpg',	1,	NULL,	NULL),
(1,	1,	'file_manager_listing',	1,	'jpeg',	'/thumbnails/file_manager_listing/1234/1234/5678/plants.jpg',	1,	NULL,	NULL),
(1,	1,	'file_manager_listing_2x',	1,	'jpeg',	'/thumbnails/file_manager_listing_2x/1234/1234/5678/plants.jpg',	1,	NULL,	NULL),
(2,	1,	'file_manager_listing',	1,	'png',	'/thumbnails/file_manager_listing/4316/3868/0155/avatar_none.png',	1,	NULL,	NULL),
(2,	1,	'file_manager_listing_2x',	1,	'png',	'/thumbnails/file_manager_listing_2x/4316/3868/0155/avatar_none.png',	1,	NULL,	NULL),
(3,	1,	'file_manager_detail',	1,	'jpeg',	'/thumbnails/file_manager_detail/3016/3868/0156/balloon.jpg',	1,	NULL,	NULL),
(3,	1,	'file_manager_listing',	1,	'jpeg',	'/thumbnails/file_manager_listing/3016/3868/0156/balloon.jpg',	1,	NULL,	NULL),
(3,	1,	'file_manager_listing_2x',	1,	'jpeg',	'/thumbnails/file_manager_listing_2x/3016/3868/0156/balloon.jpg',	1,	NULL,	NULL),
(4,	1,	'file_manager_detail',	1,	'png',	'/thumbnails/file_manager_detail/6116/3868/0156/bio.png',	1,	NULL,	NULL),
(4,	1,	'file_manager_listing',	1,	'png',	'/thumbnails/file_manager_listing/6116/3868/0156/bio.png',	1,	NULL,	NULL),
(4,	1,	'file_manager_listing_2x',	1,	'png',	'/thumbnails/file_manager_listing_2x/6116/3868/0156/bio.png',	1,	NULL,	NULL),
(5,	1,	'file_manager_listing',	1,	'png',	'/thumbnails/file_manager_listing/4216/3868/0156/blank.png',	1,	NULL,	NULL),
(5,	1,	'file_manager_listing_2x',	1,	'png',	'/thumbnails/file_manager_listing_2x/4216/3868/0156/blank.png',	1,	NULL,	NULL),
(6,	1,	'file_manager_listing',	1,	'png',	'/thumbnails/file_manager_listing/3316/3868/0156/blank2.png',	1,	NULL,	NULL),
(6,	1,	'file_manager_listing_2x',	1,	'png',	'/thumbnails/file_manager_listing_2x/3316/3868/0156/blank2.png',	1,	NULL,	NULL),
(7,	1,	'file_manager_detail',	1,	'jpeg',	'/thumbnails/file_manager_detail/2916/3868/0156/bridge.jpg',	1,	NULL,	NULL),
(7,	1,	'file_manager_listing',	1,	'jpeg',	'/thumbnails/file_manager_listing/2916/3868/0156/bridge.jpg',	1,	NULL,	NULL),
(7,	1,	'file_manager_listing_2x',	1,	'jpeg',	'/thumbnails/file_manager_listing_2x/2916/3868/0156/bridge.jpg',	1,	NULL,	NULL),
(8,	1,	'file_manager_listing',	1,	'jpeg',	'/thumbnails/file_manager_listing/8016/3868/0157/chinese_house2.jpg',	1,	NULL,	NULL),
(8,	1,	'file_manager_listing_2x',	1,	'jpeg',	'/thumbnails/file_manager_listing_2x/8016/3868/0157/chinese_house2.jpg',	1,	NULL,	NULL),
(9,	1,	'file_manager_detail',	1,	'jpeg',	'/thumbnails/file_manager_detail/5416/3868/0157/houses.jpg',	1,	NULL,	NULL),
(9,	1,	'file_manager_listing',	1,	'jpeg',	'/thumbnails/file_manager_listing/5416/3868/0157/houses.jpg',	1,	NULL,	NULL),
(9,	1,	'file_manager_listing_2x',	1,	'jpeg',	'/thumbnails/file_manager_listing_2x/5416/3868/0157/houses.jpg',	1,	NULL,	NULL),
(10,	1,	'file_manager_listing',	1,	'png',	'/thumbnails/file_manager_listing/2216/3868/0157/masthead.png',	1,	NULL,	NULL),
(10,	1,	'file_manager_listing_2x',	1,	'png',	'/thumbnails/file_manager_listing_2x/2216/3868/0157/masthead.png',	1,	NULL,	NULL),
(11,	1,	'file_manager_detail',	1,	'jpeg',	'/thumbnails/file_manager_detail/5416/3868/0157/mountains.jpg',	1,	NULL,	NULL),
(11,	1,	'file_manager_listing',	1,	'jpeg',	'/thumbnails/file_manager_listing/5416/3868/0157/mountains.jpg',	1,	NULL,	NULL),
(11,	1,	'file_manager_listing_2x',	1,	'jpeg',	'/thumbnails/file_manager_listing_2x/5416/3868/0157/mountains.jpg',	1,	NULL,	NULL),
(12,	1,	'file_manager_detail',	1,	'jpeg',	'/thumbnails/file_manager_detail/7116/3868/0157/shoes.jpg',	1,	NULL,	NULL),
(12,	1,	'file_manager_listing',	1,	'jpeg',	'/thumbnails/file_manager_listing/7116/3868/0157/shoes.jpg',	1,	NULL,	NULL),
(12,	1,	'file_manager_listing_2x',	1,	'jpeg',	'/thumbnails/file_manager_listing_2x/7116/3868/0157/shoes.jpg',	1,	NULL,	NULL),
(13,	1,	'file_manager_listing',	1,	'png',	'/thumbnails/file_manager_listing/9016/3868/0158/slider1.png',	1,	NULL,	NULL),
(13,	1,	'file_manager_listing_2x',	1,	'png',	'/thumbnails/file_manager_listing_2x/9016/3868/0158/slider1.png',	1,	NULL,	NULL),
(14,	1,	'file_manager_listing',	1,	'png',	'/thumbnails/file_manager_listing/2716/3868/0158/slider2.png',	1,	NULL,	NULL),
(14,	1,	'file_manager_listing_2x',	1,	'png',	'/thumbnails/file_manager_listing_2x/2716/3868/0158/slider2.png',	1,	NULL,	NULL),
(15,	1,	'file_manager_detail',	1,	'jpeg',	'/thumbnails/file_manager_detail/9116/3868/0158/subway.jpg',	1,	NULL,	NULL),
(15,	1,	'file_manager_listing',	1,	'jpeg',	'/thumbnails/file_manager_listing/9116/3868/0158/subway.jpg',	1,	NULL,	NULL),
(15,	1,	'file_manager_listing_2x',	1,	'jpeg',	'/thumbnails/file_manager_listing_2x/9116/3868/0158/subway.jpg',	1,	NULL,	NULL),
(16,	1,	'file_manager_detail',	1,	'jpeg',	'/thumbnails/file_manager_detail/7316/3868/0158/sunset.jpg',	1,	NULL,	NULL),
(16,	1,	'file_manager_listing',	1,	'jpeg',	'/thumbnails/file_manager_listing/7316/3868/0158/sunset.jpg',	1,	NULL,	NULL),
(16,	1,	'file_manager_listing_2x',	1,	'jpeg',	'/thumbnails/file_manager_listing_2x/7316/3868/0158/sunset.jpg',	1,	NULL,	NULL),
(17,	1,	'file_manager_listing',	1,	'png',	'/thumbnails/file_manager_listing/7616/4049/8562/serv1.png',	1,	NULL,	NULL),
(17,	1,	'file_manager_listing_2x',	1,	'png',	'/thumbnails/file_manager_listing_2x/7616/4049/8562/serv1.png',	1,	NULL,	NULL),
(18,	1,	'file_manager_listing',	1,	'png',	'/thumbnails/file_manager_listing/6116/4068/8726/2.png',	1,	NULL,	NULL),
(18,	1,	'file_manager_listing_2x',	1,	'png',	'/thumbnails/file_manager_listing_2x/6116/4068/8726/2.png',	1,	NULL,	NULL),
(19,	1,	'file_manager_listing',	1,	'png',	'/thumbnails/file_manager_listing/7416/4068/8730/1.png',	1,	NULL,	NULL),
(19,	1,	'file_manager_listing_2x',	1,	'png',	'/thumbnails/file_manager_listing_2x/7416/4068/8730/1.png',	1,	NULL,	NULL),
(20,	1,	'file_manager_listing',	1,	'png',	'/thumbnails/file_manager_listing/7416/4068/8732/3.png',	1,	NULL,	NULL),
(20,	1,	'file_manager_listing_2x',	1,	'png',	'/thumbnails/file_manager_listing_2x/7416/4068/8732/3.png',	1,	NULL,	NULL),
(21,	1,	'file_manager_listing',	1,	'png',	'/thumbnails/file_manager_listing/1616/4068/8734/4.png',	1,	NULL,	NULL),
(21,	1,	'file_manager_listing_2x',	1,	'png',	'/thumbnails/file_manager_listing_2x/1616/4068/8734/4.png',	1,	NULL,	NULL),
(22,	1,	'file_manager_listing',	1,	'png',	'/thumbnails/file_manager_listing/5816/4068/8735/5.png',	1,	NULL,	NULL),
(22,	1,	'file_manager_listing_2x',	1,	'png',	'/thumbnails/file_manager_listing_2x/5816/4068/8735/5.png',	1,	NULL,	NULL),
(23,	1,	'file_manager_listing',	1,	'png',	'/thumbnails/file_manager_listing/1716/4068/8737/6.png',	1,	NULL,	NULL),
(23,	1,	'file_manager_listing_2x',	1,	'png',	'/thumbnails/file_manager_listing_2x/1716/4068/8737/6.png',	1,	NULL,	NULL),
(24,	1,	'file_manager_listing',	1,	'png',	'/thumbnails/file_manager_listing/6216/4068/8739/7.png',	1,	NULL,	NULL),
(24,	1,	'file_manager_listing_2x',	1,	'png',	'/thumbnails/file_manager_listing_2x/6216/4068/8739/7.png',	1,	NULL,	NULL),
(25,	1,	'file_manager_listing',	1,	'png',	'/thumbnails/file_manager_listing/8616/4068/8740/11.png',	1,	NULL,	NULL),
(25,	1,	'file_manager_listing_2x',	1,	'png',	'/thumbnails/file_manager_listing_2x/8616/4068/8740/11.png',	1,	NULL,	NULL),
(26,	1,	'file_manager_listing',	1,	'png',	'/thumbnails/file_manager_listing/5816/4068/8742/12.png',	1,	NULL,	NULL),
(26,	1,	'file_manager_listing_2x',	1,	'png',	'/thumbnails/file_manager_listing_2x/5816/4068/8742/12.png',	1,	NULL,	NULL),
(27,	1,	'file_manager_listing',	1,	'png',	'/thumbnails/file_manager_listing/3816/4068/8744/13.png',	1,	NULL,	NULL),
(27,	1,	'file_manager_listing_2x',	1,	'png',	'/thumbnails/file_manager_listing_2x/3816/4068/8744/13.png',	1,	NULL,	NULL),
(28,	1,	'file_manager_detail',	1,	'png',	'/thumbnails/file_manager_detail/4516/4068/8745/about2.png',	1,	NULL,	NULL),
(28,	1,	'file_manager_listing',	1,	'png',	'/thumbnails/file_manager_listing/4516/4068/8745/about2.png',	1,	NULL,	NULL),
(28,	1,	'file_manager_listing_2x',	1,	'png',	'/thumbnails/file_manager_listing_2x/4516/4068/8745/about2.png',	1,	NULL,	NULL),
(29,	1,	'file_manager_detail',	1,	'png',	'/thumbnails/file_manager_detail/8816/4068/8750/ABOUT-IACAPAP-bg-logo.png',	1,	NULL,	NULL),
(29,	1,	'file_manager_listing',	1,	'png',	'/thumbnails/file_manager_listing/8816/4068/8750/ABOUT-IACAPAP-bg-logo.png',	1,	NULL,	NULL),
(29,	1,	'file_manager_listing_2x',	1,	'png',	'/thumbnails/file_manager_listing_2x/8816/4068/8750/ABOUT-IACAPAP-bg-logo.png',	1,	NULL,	NULL),
(30,	1,	'file_manager_detail',	1,	'jpeg',	'/thumbnails/file_manager_detail/3416/4068/8752/AL-JALILA.jpg',	1,	NULL,	NULL),
(30,	1,	'file_manager_listing',	1,	'jpeg',	'/thumbnails/file_manager_listing/3416/4068/8752/AL-JALILA.jpg',	1,	NULL,	NULL),
(30,	1,	'file_manager_listing_2x',	1,	'jpeg',	'/thumbnails/file_manager_listing_2x/3416/4068/8752/AL-JALILA.jpg',	1,	NULL,	NULL),
(31,	1,	'file_manager_detail',	1,	'jpeg',	'/thumbnails/file_manager_detail/1016/4068/8754/AL-JALILA-bg.jpg',	1,	NULL,	NULL),
(31,	1,	'file_manager_listing',	1,	'jpeg',	'/thumbnails/file_manager_listing/1016/4068/8754/AL-JALILA-bg.jpg',	1,	NULL,	NULL),
(31,	1,	'file_manager_listing_2x',	1,	'jpeg',	'/thumbnails/file_manager_listing_2x/1016/4068/8754/AL-JALILA-bg.jpg',	1,	NULL,	NULL),
(32,	1,	'file_manager_detail',	1,	'jpeg',	'/thumbnails/file_manager_detail/4316/4068/8757/banner.jpg',	1,	NULL,	NULL),
(32,	1,	'file_manager_listing',	1,	'jpeg',	'/thumbnails/file_manager_listing/4316/4068/8757/banner.jpg',	1,	NULL,	NULL),
(32,	1,	'file_manager_listing_2x',	1,	'jpeg',	'/thumbnails/file_manager_listing_2x/4316/4068/8757/banner.jpg',	1,	NULL,	NULL),
(33,	1,	'file_manager_listing',	1,	'jpeg',	'/thumbnails/file_manager_listing/6516/4068/8759/banner2.jpg',	1,	NULL,	NULL),
(33,	1,	'file_manager_listing_2x',	1,	'jpeg',	'/thumbnails/file_manager_listing_2x/6516/4068/8759/banner2.jpg',	1,	NULL,	NULL),
(34,	1,	'file_manager_detail',	1,	'png',	'/thumbnails/file_manager_detail/6316/4068/8761/bg2.png',	1,	NULL,	NULL),
(34,	1,	'file_manager_listing',	1,	'png',	'/thumbnails/file_manager_listing/6316/4068/8761/bg2.png',	1,	NULL,	NULL),
(34,	1,	'file_manager_listing_2x',	1,	'png',	'/thumbnails/file_manager_listing_2x/6316/4068/8761/bg2.png',	1,	NULL,	NULL),
(35,	1,	'file_manager_detail',	1,	'png',	'/thumbnails/file_manager_detail/4616/4068/8767/bg-3.png',	1,	NULL,	NULL),
(35,	1,	'file_manager_listing',	1,	'png',	'/thumbnails/file_manager_listing/4616/4068/8767/bg-3.png',	1,	NULL,	NULL),
(35,	1,	'file_manager_listing_2x',	1,	'png',	'/thumbnails/file_manager_listing_2x/4616/4068/8767/bg-3.png',	1,	NULL,	NULL),
(36,	1,	'file_manager_detail',	1,	'png',	'/thumbnails/file_manager_detail/7516/4068/8773/bg-4.png',	1,	NULL,	NULL),
(36,	1,	'file_manager_listing',	1,	'png',	'/thumbnails/file_manager_listing/7516/4068/8773/bg-4.png',	1,	NULL,	NULL),
(36,	1,	'file_manager_listing_2x',	1,	'png',	'/thumbnails/file_manager_listing_2x/7516/4068/8773/bg-4.png',	1,	NULL,	NULL),
(37,	1,	'file_manager_listing',	1,	'jpeg',	'/thumbnails/file_manager_listing/1116/4068/8776/Conference-2.jpg',	1,	NULL,	NULL),
(37,	1,	'file_manager_listing_2x',	1,	'jpeg',	'/thumbnails/file_manager_listing_2x/1116/4068/8776/Conference-2.jpg',	1,	NULL,	NULL),
(38,	1,	'file_manager_detail',	1,	'jpeg',	'/thumbnails/file_manager_detail/1516/4068/8777/Confrence-1.jpg',	1,	NULL,	NULL),
(38,	1,	'file_manager_listing',	1,	'jpeg',	'/thumbnails/file_manager_listing/1516/4068/8777/Confrence-1.jpg',	1,	NULL,	NULL),
(38,	1,	'file_manager_listing_2x',	1,	'jpeg',	'/thumbnails/file_manager_listing_2x/1516/4068/8777/Confrence-1.jpg',	1,	NULL,	NULL),
(39,	1,	'file_manager_listing',	1,	'png',	'/thumbnails/file_manager_listing/7216/4068/8779/download.png',	1,	NULL,	NULL),
(39,	1,	'file_manager_listing_2x',	1,	'png',	'/thumbnails/file_manager_listing_2x/7216/4068/8779/download.png',	1,	NULL,	NULL),
(40,	1,	'file_manager_detail',	1,	'jpeg',	'/thumbnails/file_manager_detail/6716/4068/8781/footer-bg.jpg',	1,	NULL,	NULL),
(40,	1,	'file_manager_listing',	1,	'jpeg',	'/thumbnails/file_manager_listing/6716/4068/8781/footer-bg.jpg',	1,	NULL,	NULL),
(40,	1,	'file_manager_listing_2x',	1,	'jpeg',	'/thumbnails/file_manager_listing_2x/6716/4068/8781/footer-bg.jpg',	1,	NULL,	NULL),
(41,	1,	'file_manager_listing',	1,	'png',	'/thumbnails/file_manager_listing/6016/4068/8783/host.png',	1,	NULL,	NULL),
(41,	1,	'file_manager_listing_2x',	1,	'png',	'/thumbnails/file_manager_listing_2x/6016/4068/8783/host.png',	1,	NULL,	NULL),
(42,	1,	'file_manager_detail',	1,	'jpeg',	'/thumbnails/file_manager_detail/6816/4068/8786/IACAPAP-2022-logo.jpg',	1,	NULL,	NULL),
(42,	1,	'file_manager_listing',	1,	'jpeg',	'/thumbnails/file_manager_listing/6816/4068/8786/IACAPAP-2022-logo.jpg',	1,	NULL,	NULL),
(42,	1,	'file_manager_listing_2x',	1,	'jpeg',	'/thumbnails/file_manager_listing_2x/6816/4068/8786/IACAPAP-2022-logo.jpg',	1,	NULL,	NULL),
(43,	1,	'file_manager_detail',	1,	'png',	'/thumbnails/file_manager_detail/4016/4068/8788/img_avatar.png',	1,	NULL,	NULL),
(43,	1,	'file_manager_listing',	1,	'png',	'/thumbnails/file_manager_listing/4016/4068/8788/img_avatar.png',	1,	NULL,	NULL),
(43,	1,	'file_manager_listing_2x',	1,	'png',	'/thumbnails/file_manager_listing_2x/4016/4068/8788/img_avatar.png',	1,	NULL,	NULL),
(44,	1,	'file_manager_listing',	1,	'jpeg',	'/thumbnails/file_manager_listing/1816/4068/8791/Informationof-Registration.jpg',	1,	NULL,	NULL),
(44,	1,	'file_manager_listing_2x',	1,	'jpeg',	'/thumbnails/file_manager_listing_2x/1816/4068/8791/Informationof-Registration.jpg',	1,	NULL,	NULL),
(45,	1,	'file_manager_listing',	1,	'png',	'/thumbnails/file_manager_listing/9516/4068/8793/lines.png',	1,	NULL,	NULL),
(45,	1,	'file_manager_listing_2x',	1,	'png',	'/thumbnails/file_manager_listing_2x/9516/4068/8793/lines.png',	1,	NULL,	NULL),
(46,	1,	'file_manager_listing',	1,	'png',	'/thumbnails/file_manager_listing/4116/4068/8795/logo_white.png',	1,	NULL,	NULL),
(46,	1,	'file_manager_listing_2x',	1,	'png',	'/thumbnails/file_manager_listing_2x/4116/4068/8795/logo_white.png',	1,	NULL,	NULL),
(47,	1,	'file_manager_detail',	1,	'png',	'/thumbnails/file_manager_detail/7616/4068/8796/logo-2.png',	1,	NULL,	NULL),
(47,	1,	'file_manager_listing',	1,	'png',	'/thumbnails/file_manager_listing/7616/4068/8796/logo-2.png',	1,	NULL,	NULL),
(47,	1,	'file_manager_listing_2x',	1,	'png',	'/thumbnails/file_manager_listing_2x/7616/4068/8796/logo-2.png',	1,	NULL,	NULL),
(48,	1,	'file_manager_listing',	1,	'png',	'/thumbnails/file_manager_listing/2316/4068/8799/logoHead.png',	1,	NULL,	NULL),
(48,	1,	'file_manager_listing_2x',	1,	'png',	'/thumbnails/file_manager_listing_2x/2316/4068/8799/logoHead.png',	1,	NULL,	NULL),
(49,	1,	'file_manager_listing',	1,	'png',	'/thumbnails/file_manager_listing/8516/4068/8801/mein-logo-1.png',	1,	NULL,	NULL),
(49,	1,	'file_manager_listing_2x',	1,	'png',	'/thumbnails/file_manager_listing_2x/8516/4068/8801/mein-logo-1.png',	1,	NULL,	NULL),
(50,	1,	'file_manager_listing',	1,	'jpeg',	'/thumbnails/file_manager_listing/9116/4068/8803/Online-Registration.jpg',	1,	NULL,	NULL),
(50,	1,	'file_manager_listing_2x',	1,	'jpeg',	'/thumbnails/file_manager_listing_2x/9116/4068/8803/Online-Registration.jpg',	1,	NULL,	NULL),
(51,	1,	'file_manager_detail',	1,	'jpeg',	'/thumbnails/file_manager_detail/8116/4068/8804/OUR-MISSION-bg.jpg',	1,	NULL,	NULL),
(51,	1,	'file_manager_listing',	1,	'jpeg',	'/thumbnails/file_manager_listing/8116/4068/8804/OUR-MISSION-bg.jpg',	1,	NULL,	NULL),
(51,	1,	'file_manager_listing_2x',	1,	'jpeg',	'/thumbnails/file_manager_listing_2x/8116/4068/8804/OUR-MISSION-bg.jpg',	1,	NULL,	NULL),
(52,	1,	'file_manager_detail',	1,	'jpeg',	'/thumbnails/file_manager_detail/4316/4068/8807/Regionally-Pertinent-Topics-bg.jpg',	1,	NULL,	NULL),
(52,	1,	'file_manager_listing',	1,	'jpeg',	'/thumbnails/file_manager_listing/4316/4068/8807/Regionally-Pertinent-Topics-bg.jpg',	1,	NULL,	NULL),
(52,	1,	'file_manager_listing_2x',	1,	'jpeg',	'/thumbnails/file_manager_listing_2x/4316/4068/8807/Regionally-Pertinent-Topics-bg.jpg',	1,	NULL,	NULL),
(53,	1,	'file_manager_listing',	1,	'jpeg',	'/thumbnails/file_manager_listing/4416/4068/8809/Registration-TC.jpg',	1,	NULL,	NULL),
(53,	1,	'file_manager_listing_2x',	1,	'jpeg',	'/thumbnails/file_manager_listing_2x/4416/4068/8809/Registration-TC.jpg',	1,	NULL,	NULL),
(54,	1,	'file_manager_listing',	1,	'jpeg',	'/thumbnails/file_manager_listing/8716/4068/8811/slide1.jpg',	1,	NULL,	NULL),
(54,	1,	'file_manager_listing_2x',	1,	'jpeg',	'/thumbnails/file_manager_listing_2x/8716/4068/8811/slide1.jpg',	1,	NULL,	NULL),
(55,	1,	'file_manager_listing',	1,	'jpeg',	'/thumbnails/file_manager_listing/1216/4068/8813/slide2.jpg',	1,	NULL,	NULL),
(55,	1,	'file_manager_listing_2x',	1,	'jpeg',	'/thumbnails/file_manager_listing_2x/1216/4068/8813/slide2.jpg',	1,	NULL,	NULL),
(56,	1,	'file_manager_listing',	1,	'jpeg',	'/thumbnails/file_manager_listing/4316/4068/8814/slide3.jpg',	1,	NULL,	NULL),
(56,	1,	'file_manager_listing_2x',	1,	'jpeg',	'/thumbnails/file_manager_listing_2x/4316/4068/8814/slide3.jpg',	1,	NULL,	NULL),
(57,	1,	'file_manager_listing',	1,	'jpeg',	'/thumbnails/file_manager_listing/1016/4068/8816/sponser-logo.jpg',	1,	NULL,	NULL),
(57,	1,	'file_manager_listing_2x',	1,	'jpeg',	'/thumbnails/file_manager_listing_2x/1016/4068/8816/sponser-logo.jpg',	1,	NULL,	NULL),
(58,	1,	'file_manager_listing',	1,	'jpeg',	'/thumbnails/file_manager_listing/5316/4068/8818/team-1.jpg',	1,	NULL,	NULL),
(58,	1,	'file_manager_listing_2x',	1,	'jpeg',	'/thumbnails/file_manager_listing_2x/5316/4068/8818/team-1.jpg',	1,	NULL,	NULL),
(59,	1,	'file_manager_listing',	1,	'jpeg',	'/thumbnails/file_manager_listing/5316/4068/8819/team-2.jpg',	1,	NULL,	NULL),
(59,	1,	'file_manager_listing_2x',	1,	'jpeg',	'/thumbnails/file_manager_listing_2x/5316/4068/8819/team-2.jpg',	1,	NULL,	NULL),
(60,	1,	'file_manager_listing',	1,	'jpeg',	'/thumbnails/file_manager_listing/4916/4068/8821/team-3.jpg',	1,	NULL,	NULL),
(60,	1,	'file_manager_listing_2x',	1,	'jpeg',	'/thumbnails/file_manager_listing_2x/4916/4068/8821/team-3.jpg',	1,	NULL,	NULL),
(61,	1,	'file_manager_listing',	1,	'jpeg',	'/thumbnails/file_manager_listing/4616/4068/8823/team-4.jpg',	1,	NULL,	NULL),
(61,	1,	'file_manager_listing_2x',	1,	'jpeg',	'/thumbnails/file_manager_listing_2x/4616/4068/8823/team-4.jpg',	1,	NULL,	NULL),
(62,	1,	'file_manager_listing',	1,	'jpeg',	'/thumbnails/file_manager_listing/5016/4068/8824/THE-ORGANISATION-1.jpg',	1,	NULL,	NULL),
(62,	1,	'file_manager_listing_2x',	1,	'jpeg',	'/thumbnails/file_manager_listing_2x/5016/4068/8824/THE-ORGANISATION-1.jpg',	1,	NULL,	NULL),
(63,	1,	'file_manager_listing',	1,	'jpeg',	'/thumbnails/file_manager_listing/5016/4068/8826/THE-ORGANISATION-2.jpg',	1,	NULL,	NULL),
(63,	1,	'file_manager_listing_2x',	1,	'jpeg',	'/thumbnails/file_manager_listing_2x/5016/4068/8826/THE-ORGANISATION-2.jpg',	1,	NULL,	NULL),
(64,	1,	'file_manager_listing',	1,	'png',	'/thumbnails/file_manager_listing/9716/4068/8827/transparent-logo-under-countdown.png',	1,	NULL,	NULL),
(64,	1,	'file_manager_listing_2x',	1,	'png',	'/thumbnails/file_manager_listing_2x/9716/4068/8827/transparent-logo-under-countdown.png',	1,	NULL,	NULL),
(65,	1,	'file_manager_detail',	1,	'png',	'/thumbnails/file_manager_detail/9916/4068/8829/upcoming.png',	1,	NULL,	NULL),
(65,	1,	'file_manager_listing',	1,	'png',	'/thumbnails/file_manager_listing/9916/4068/8829/upcoming.png',	1,	NULL,	NULL),
(65,	1,	'file_manager_listing_2x',	1,	'png',	'/thumbnails/file_manager_listing_2x/9916/4068/8829/upcoming.png',	1,	NULL,	NULL),
(66,	1,	'file_manager_detail',	1,	'jpeg',	'/thumbnails/file_manager_detail/9616/4068/8833/Video-sec-imae.jpg',	1,	NULL,	NULL),
(66,	1,	'file_manager_listing',	1,	'jpeg',	'/thumbnails/file_manager_listing/9616/4068/8833/Video-sec-imae.jpg',	1,	NULL,	NULL),
(66,	1,	'file_manager_listing_2x',	1,	'jpeg',	'/thumbnails/file_manager_listing_2x/9616/4068/8833/Video-sec-imae.jpg',	1,	NULL,	NULL),
(67,	1,	'file_manager_detail',	1,	'jpeg',	'/thumbnails/file_manager_detail/3616/4068/8835/Video-Sec-image.jpg',	1,	NULL,	NULL),
(67,	1,	'file_manager_listing',	1,	'jpeg',	'/thumbnails/file_manager_listing/3616/4068/8835/Video-Sec-image.jpg',	1,	NULL,	NULL),
(67,	1,	'file_manager_listing_2x',	1,	'jpeg',	'/thumbnails/file_manager_listing_2x/3616/4068/8835/Video-Sec-image.jpg',	1,	NULL,	NULL),
(68,	1,	'file_manager_detail',	1,	'jpeg',	'/thumbnails/file_manager_detail/7916/4068/8836/wallpaper.jpg',	1,	NULL,	NULL),
(68,	1,	'file_manager_listing',	1,	'jpeg',	'/thumbnails/file_manager_listing/7916/4068/8836/wallpaper.jpg',	1,	NULL,	NULL),
(68,	1,	'file_manager_listing_2x',	1,	'jpeg',	'/thumbnails/file_manager_listing_2x/7916/4068/8836/wallpaper.jpg',	1,	NULL,	NULL),
(69,	1,	'file_manager_listing',	1,	'jpeg',	'/thumbnails/file_manager_listing/8416/4068/8844/Who-Should-Attend.jpg',	1,	NULL,	NULL),
(69,	1,	'file_manager_listing_2x',	1,	'jpeg',	'/thumbnails/file_manager_listing_2x/8416/4068/8844/Who-Should-Attend.jpg',	1,	NULL,	NULL),
(70,	1,	'file_manager_detail',	1,	'jpeg',	'/thumbnails/file_manager_detail/2716/4068/8846/Workshop-1.jpg',	1,	NULL,	NULL),
(70,	1,	'file_manager_listing',	1,	'jpeg',	'/thumbnails/file_manager_listing/2716/4068/8846/Workshop-1.jpg',	1,	NULL,	NULL),
(70,	1,	'file_manager_listing_2x',	1,	'jpeg',	'/thumbnails/file_manager_listing_2x/2716/4068/8846/Workshop-1.jpg',	1,	NULL,	NULL),
(71,	1,	'file_manager_detail',	1,	'jpeg',	'/thumbnails/file_manager_detail/7316/4068/8847/Workshop-2.jpg',	1,	NULL,	NULL),
(71,	1,	'file_manager_listing',	1,	'jpeg',	'/thumbnails/file_manager_listing/7316/4068/8847/Workshop-2.jpg',	1,	NULL,	NULL),
(71,	1,	'file_manager_listing_2x',	1,	'jpeg',	'/thumbnails/file_manager_listing_2x/7316/4068/8847/Workshop-2.jpg',	1,	NULL,	NULL),
(72,	1,	'file_manager_listing',	1,	'png',	'/thumbnails/file_manager_listing/4316/4102/2403/alserkal.png',	1,	NULL,	NULL),
(72,	1,	'file_manager_listing_2x',	1,	'png',	'/thumbnails/file_manager_listing_2x/4316/4102/2403/alserkal.png',	1,	NULL,	NULL),
(73,	1,	'file_manager_listing',	1,	'png',	'/thumbnails/file_manager_listing/8016/4102/2406/arrow.png',	1,	NULL,	NULL),
(73,	1,	'file_manager_listing_2x',	1,	'png',	'/thumbnails/file_manager_listing_2x/8016/4102/2406/arrow.png',	1,	NULL,	NULL),
(74,	1,	'file_manager_detail',	1,	'png',	'/thumbnails/file_manager_detail/3016/4102/2407/belowVisaBg.png',	1,	NULL,	NULL),
(74,	1,	'file_manager_listing',	1,	'png',	'/thumbnails/file_manager_listing/3016/4102/2407/belowVisaBg.png',	1,	NULL,	NULL),
(74,	1,	'file_manager_listing_2x',	1,	'png',	'/thumbnails/file_manager_listing_2x/3016/4102/2407/belowVisaBg.png',	1,	NULL,	NULL),
(75,	1,	'file_manager_detail',	1,	'png',	'/thumbnails/file_manager_detail/5616/4102/2419/conSec2.png',	1,	NULL,	NULL),
(75,	1,	'file_manager_listing',	1,	'png',	'/thumbnails/file_manager_listing/5616/4102/2419/conSec2.png',	1,	NULL,	NULL),
(75,	1,	'file_manager_listing_2x',	1,	'png',	'/thumbnails/file_manager_listing_2x/5616/4102/2419/conSec2.png',	1,	NULL,	NULL),
(76,	1,	'file_manager_detail',	1,	'png',	'/thumbnails/file_manager_detail/2216/4102/2426/contactUs.png',	1,	NULL,	NULL),
(76,	1,	'file_manager_listing',	1,	'png',	'/thumbnails/file_manager_listing/2216/4102/2426/contactUs.png',	1,	NULL,	NULL),
(76,	1,	'file_manager_listing_2x',	1,	'png',	'/thumbnails/file_manager_listing_2x/2216/4102/2426/contactUs.png',	1,	NULL,	NULL),
(77,	1,	'file_manager_listing',	1,	'png',	'/thumbnails/file_manager_listing/7616/4102/2429/cultureLogo.png',	1,	NULL,	NULL),
(77,	1,	'file_manager_listing_2x',	1,	'png',	'/thumbnails/file_manager_listing_2x/7616/4102/2429/cultureLogo.png',	1,	NULL,	NULL),
(78,	1,	'file_manager_listing',	1,	'png',	'/thumbnails/file_manager_listing/6916/4102/2430/diverseLogo.png',	1,	NULL,	NULL),
(78,	1,	'file_manager_listing_2x',	1,	'png',	'/thumbnails/file_manager_listing_2x/6916/4102/2430/diverseLogo.png',	1,	NULL,	NULL),
(79,	1,	'file_manager_listing',	1,	'png',	'/thumbnails/file_manager_listing/4616/4102/2431/dolphin.png',	1,	NULL,	NULL),
(79,	1,	'file_manager_listing_2x',	1,	'png',	'/thumbnails/file_manager_listing_2x/4616/4102/2431/dolphin.png',	1,	NULL,	NULL),
(80,	1,	'file_manager_listing',	1,	'png',	'/thumbnails/file_manager_listing/5116/4102/2433/dubaiAqua.png',	1,	NULL,	NULL),
(80,	1,	'file_manager_listing_2x',	1,	'png',	'/thumbnails/file_manager_listing_2x/5116/4102/2433/dubaiAqua.png',	1,	NULL,	NULL),
(81,	1,	'file_manager_listing',	1,	'png',	'/thumbnails/file_manager_listing/3216/4102/2435/dubaiFountine.png',	1,	NULL,	NULL),
(81,	1,	'file_manager_listing_2x',	1,	'png',	'/thumbnails/file_manager_listing_2x/3216/4102/2435/dubaiFountine.png',	1,	NULL,	NULL),
(82,	1,	'file_manager_listing',	1,	'png',	'/thumbnails/file_manager_listing/7416/4102/2436/dubaiMall.png',	1,	NULL,	NULL),
(82,	1,	'file_manager_listing_2x',	1,	'png',	'/thumbnails/file_manager_listing_2x/7416/4102/2436/dubaiMall.png',	1,	NULL,	NULL),
(83,	1,	'file_manager_listing',	1,	'png',	'/thumbnails/file_manager_listing/1816/4102/2438/econLogo.png',	1,	NULL,	NULL),
(83,	1,	'file_manager_listing_2x',	1,	'png',	'/thumbnails/file_manager_listing_2x/1816/4102/2438/econLogo.png',	1,	NULL,	NULL),
(84,	1,	'file_manager_detail',	1,	'png',	'/thumbnails/file_manager_detail/5416/4102/2439/EXPLORINGDUBAI.png',	1,	NULL,	NULL),
(84,	1,	'file_manager_listing',	1,	'png',	'/thumbnails/file_manager_listing/5416/4102/2439/EXPLORINGDUBAI.png',	1,	NULL,	NULL),
(84,	1,	'file_manager_listing_2x',	1,	'png',	'/thumbnails/file_manager_listing_2x/5416/4102/2439/EXPLORINGDUBAI.png',	1,	NULL,	NULL),
(85,	1,	'file_manager_listing',	1,	'png',	'/thumbnails/file_manager_listing/8616/4102/2464/fb.png',	1,	NULL,	NULL),
(85,	1,	'file_manager_listing_2x',	1,	'png',	'/thumbnails/file_manager_listing_2x/8616/4102/2464/fb.png',	1,	NULL,	NULL),
(86,	1,	'file_manager_listing',	1,	'png',	'/thumbnails/file_manager_listing/3916/4102/2465/fbHov.png',	1,	NULL,	NULL),
(86,	1,	'file_manager_listing_2x',	1,	'png',	'/thumbnails/file_manager_listing_2x/3916/4102/2465/fbHov.png',	1,	NULL,	NULL),
(87,	1,	'file_manager_listing',	1,	'png',	'/thumbnails/file_manager_listing/6916/4102/2467/grayCards.png',	1,	NULL,	NULL),
(87,	1,	'file_manager_listing_2x',	1,	'png',	'/thumbnails/file_manager_listing_2x/6916/4102/2467/grayCards.png',	1,	NULL,	NULL),
(88,	1,	'file_manager_listing',	1,	'png',	'/thumbnails/file_manager_listing/6816/4102/2469/insta.png',	1,	NULL,	NULL),
(88,	1,	'file_manager_listing_2x',	1,	'png',	'/thumbnails/file_manager_listing_2x/6816/4102/2469/insta.png',	1,	NULL,	NULL),
(89,	1,	'file_manager_listing',	1,	'png',	'/thumbnails/file_manager_listing/8216/4102/2470/instaHov.png',	1,	NULL,	NULL),
(89,	1,	'file_manager_listing_2x',	1,	'png',	'/thumbnails/file_manager_listing_2x/8216/4102/2470/instaHov.png',	1,	NULL,	NULL),
(90,	1,	'file_manager_listing',	1,	'png',	'/thumbnails/file_manager_listing/5016/4102/2472/jumeirah.png',	1,	NULL,	NULL),
(90,	1,	'file_manager_listing_2x',	1,	'png',	'/thumbnails/file_manager_listing_2x/5016/4102/2472/jumeirah.png',	1,	NULL,	NULL),
(91,	1,	'file_manager_listing',	1,	'png',	'/thumbnails/file_manager_listing/5816/4102/2473/larMerDubai.png',	1,	NULL,	NULL),
(91,	1,	'file_manager_listing_2x',	1,	'png',	'/thumbnails/file_manager_listing_2x/5816/4102/2473/larMerDubai.png',	1,	NULL,	NULL),
(92,	1,	'file_manager_listing',	1,	'png',	'/thumbnails/file_manager_listing/7816/4102/2475/locIcon.png',	1,	NULL,	NULL),
(92,	1,	'file_manager_listing_2x',	1,	'png',	'/thumbnails/file_manager_listing_2x/7816/4102/2475/locIcon.png',	1,	NULL,	NULL),
(93,	1,	'file_manager_listing',	1,	'png',	'/thumbnails/file_manager_listing/5616/4102/2477/mallEmirates.png',	1,	NULL,	NULL),
(93,	1,	'file_manager_listing_2x',	1,	'png',	'/thumbnails/file_manager_listing_2x/5616/4102/2477/mallEmirates.png',	1,	NULL,	NULL),
(94,	1,	'file_manager_listing',	1,	'png',	'/thumbnails/file_manager_listing/4516/4102/2478/messIcon.png',	1,	NULL,	NULL),
(94,	1,	'file_manager_listing_2x',	1,	'png',	'/thumbnails/file_manager_listing_2x/4516/4102/2478/messIcon.png',	1,	NULL,	NULL),
(95,	1,	'file_manager_listing',	1,	'png',	'/thumbnails/file_manager_listing/3716/4102/2480/miracle.png',	1,	NULL,	NULL),
(95,	1,	'file_manager_listing_2x',	1,	'png',	'/thumbnails/file_manager_listing_2x/3716/4102/2480/miracle.png',	1,	NULL,	NULL),
(96,	1,	'file_manager_listing',	1,	'png',	'/thumbnails/file_manager_listing/5016/4102/2482/multiLogo.png',	1,	NULL,	NULL),
(96,	1,	'file_manager_listing_2x',	1,	'png',	'/thumbnails/file_manager_listing_2x/5016/4102/2482/multiLogo.png',	1,	NULL,	NULL),
(97,	1,	'file_manager_detail',	1,	'png',	'/thumbnails/file_manager_detail/1516/4102/2483/ourStory.png',	1,	NULL,	NULL),
(97,	1,	'file_manager_listing',	1,	'png',	'/thumbnails/file_manager_listing/1516/4102/2483/ourStory.png',	1,	NULL,	NULL),
(97,	1,	'file_manager_listing_2x',	1,	'png',	'/thumbnails/file_manager_listing_2x/1516/4102/2483/ourStory.png',	1,	NULL,	NULL),
(98,	1,	'file_manager_detail',	1,	'png',	'/thumbnails/file_manager_detail/2416/4102/2486/sec1.png',	1,	NULL,	NULL),
(98,	1,	'file_manager_listing',	1,	'png',	'/thumbnails/file_manager_listing/2416/4102/2486/sec1.png',	1,	NULL,	NULL),
(98,	1,	'file_manager_listing_2x',	1,	'png',	'/thumbnails/file_manager_listing_2x/2416/4102/2486/sec1.png',	1,	NULL,	NULL),
(99,	1,	'file_manager_listing',	1,	'png',	'/thumbnails/file_manager_listing/8116/4102/2488/ski.png',	1,	NULL,	NULL),
(99,	1,	'file_manager_listing_2x',	1,	'png',	'/thumbnails/file_manager_listing_2x/8116/4102/2488/ski.png',	1,	NULL,	NULL),
(100,	1,	'file_manager_listing',	1,	'png',	'/thumbnails/file_manager_listing/3616/4102/2490/telIcon.png',	1,	NULL,	NULL),
(100,	1,	'file_manager_listing_2x',	1,	'png',	'/thumbnails/file_manager_listing_2x/3616/4102/2490/telIcon.png',	1,	NULL,	NULL),
(101,	1,	'file_manager_listing',	1,	'png',	'/thumbnails/file_manager_listing/4716/4102/2491/towerLogo.png',	1,	NULL,	NULL),
(101,	1,	'file_manager_listing_2x',	1,	'png',	'/thumbnails/file_manager_listing_2x/4716/4102/2491/towerLogo.png',	1,	NULL,	NULL),
(102,	1,	'file_manager_listing',	1,	'png',	'/thumbnails/file_manager_listing/3516/4102/2493/twitter.png',	1,	NULL,	NULL),
(102,	1,	'file_manager_listing_2x',	1,	'png',	'/thumbnails/file_manager_listing_2x/3516/4102/2493/twitter.png',	1,	NULL,	NULL),
(103,	1,	'file_manager_listing',	1,	'png',	'/thumbnails/file_manager_listing/5916/4102/2495/twitterHov.png',	1,	NULL,	NULL),
(103,	1,	'file_manager_listing_2x',	1,	'png',	'/thumbnails/file_manager_listing_2x/5916/4102/2495/twitterHov.png',	1,	NULL,	NULL),
(104,	1,	'file_manager_listing',	1,	'png',	'/thumbnails/file_manager_listing/7016/4102/2496/visaCards.png',	1,	NULL,	NULL),
(104,	1,	'file_manager_listing_2x',	1,	'png',	'/thumbnails/file_manager_listing_2x/7016/4102/2496/visaCards.png',	1,	NULL,	NULL),
(105,	1,	'file_manager_listing',	1,	'png',	'/thumbnails/file_manager_listing/7416/4102/2498/worldLogo.png',	1,	NULL,	NULL),
(105,	1,	'file_manager_listing_2x',	1,	'png',	'/thumbnails/file_manager_listing_2x/7416/4102/2498/worldLogo.png',	1,	NULL,	NULL),
(106,	1,	'file_manager_listing',	1,	'png',	'/thumbnails/file_manager_listing/1316/4102/2499/yellowCards.png',	1,	NULL,	NULL),
(106,	1,	'file_manager_listing_2x',	1,	'png',	'/thumbnails/file_manager_listing_2x/1316/4102/2499/yellowCards.png',	1,	NULL,	NULL),
(107,	1,	'file_manager_listing',	1,	'png',	'/thumbnails/file_manager_listing/9416/4102/2501/yt.png',	1,	NULL,	NULL),
(107,	1,	'file_manager_listing_2x',	1,	'png',	'/thumbnails/file_manager_listing_2x/9416/4102/2501/yt.png',	1,	NULL,	NULL),
(108,	1,	'file_manager_listing',	1,	'png',	'/thumbnails/file_manager_listing/8916/4102/2503/ytHov.png',	1,	NULL,	NULL),
(108,	1,	'file_manager_listing_2x',	1,	'png',	'/thumbnails/file_manager_listing_2x/8916/4102/2503/ytHov.png',	1,	NULL,	NULL);

DROP TABLE IF EXISTS `FileImageThumbnailTypeFileSets`;
CREATE TABLE `FileImageThumbnailTypeFileSets` (
  `ftfsFileSetID` int(10) unsigned NOT NULL,
  `ftfsThumbnailType` int(11) NOT NULL,
  PRIMARY KEY (`ftfsThumbnailType`,`ftfsFileSetID`),
  KEY `IDX_BD75F88D480660E5` (`ftfsThumbnailType`),
  CONSTRAINT `FK_BD75F88D480660E5` FOREIGN KEY (`ftfsThumbnailType`) REFERENCES `FileImageThumbnailTypes` (`ftTypeID`) ON DELETE CASCADE
) ENGINE=InnoDB DEFAULT CHARSET=utf8mb4 COLLATE=utf8mb4_unicode_ci;


DROP TABLE IF EXISTS `FileImageThumbnailTypes`;
CREATE TABLE `FileImageThumbnailTypes` (
  `ftTypeID` int(11) NOT NULL AUTO_INCREMENT,
  `ftTypeHandle` varchar(255) COLLATE utf8mb4_unicode_ci NOT NULL,
  `ftTypeName` varchar(255) COLLATE utf8mb4_unicode_ci NOT NULL,
  `ftTypeWidth` int(11) DEFAULT NULL,
  `ftTypeHeight` int(11) DEFAULT NULL,
  `ftTypeIsRequired` tinyint(1) NOT NULL,
  `ftTypeSizingMode` varchar(255) COLLATE utf8mb4_unicode_ci NOT NULL,
  `ftUpscalingEnabled` tinyint(1) NOT NULL,
  `ftLimitedToFileSets` tinyint(1) NOT NULL,
  `ftKeepAnimations` tinyint(1) NOT NULL,
  `ftSaveAreaBackgroundColor` varchar(255) COLLATE utf8mb4_unicode_ci NOT NULL,
  PRIMARY KEY (`ftTypeID`)
) ENGINE=InnoDB DEFAULT CHARSET=utf8mb4 COLLATE=utf8mb4_unicode_ci;

INSERT INTO `FileImageThumbnailTypes` (`ftTypeID`, `ftTypeHandle`, `ftTypeName`, `ftTypeWidth`, `ftTypeHeight`, `ftTypeIsRequired`, `ftTypeSizingMode`, `ftUpscalingEnabled`, `ftLimitedToFileSets`, `ftKeepAnimations`, `ftSaveAreaBackgroundColor`) VALUES
(1,	'small',	'Small Image',	740,	NULL,	0,	'proportional',	0,	0,	0,	''),
(2,	'medium',	'Medium Image',	940,	NULL,	0,	'proportional',	0,	0,	0,	''),
(3,	'large',	'Large Image',	1140,	NULL,	0,	'proportional',	0,	0,	0,	''),
(4,	'file_manager_listing',	'File Manager Thumbnails',	60,	60,	1,	'exact',	1,	0,	0,	''),
(5,	'file_manager_detail',	'File Manager Detail Thumbnails',	400,	400,	1,	'exact',	0,	0,	0,	'');

DROP TABLE IF EXISTS `FilePermissionAssignments`;
CREATE TABLE `FilePermissionAssignments` (
  `fID` int(10) unsigned NOT NULL DEFAULT '0',
  `pkID` int(10) unsigned NOT NULL DEFAULT '0',
  `paID` int(10) unsigned NOT NULL DEFAULT '0',
  PRIMARY KEY (`fID`,`pkID`,`paID`),
  KEY `pkID` (`pkID`),
  KEY `paID` (`paID`)
) ENGINE=InnoDB DEFAULT CHARSET=utf8mb4 COLLATE=utf8mb4_unicode_ci;


DROP TABLE IF EXISTS `FilePermissionFileTypeAccessList`;
CREATE TABLE `FilePermissionFileTypeAccessList` (
  `paID` int(10) unsigned NOT NULL DEFAULT '0',
  `peID` int(10) unsigned NOT NULL DEFAULT '0',
  `permission` varchar(1) COLLATE utf8mb4_unicode_ci NOT NULL DEFAULT '1',
  PRIMARY KEY (`paID`,`peID`),
  KEY `peID` (`peID`)
) ENGINE=InnoDB DEFAULT CHARSET=utf8mb4 COLLATE=utf8mb4_unicode_ci;


DROP TABLE IF EXISTS `FilePermissionFileTypeAccessListCustom`;
CREATE TABLE `FilePermissionFileTypeAccessListCustom` (
  `extension` varchar(64) COLLATE utf8mb4_unicode_ci NOT NULL,
  `paID` int(10) unsigned NOT NULL DEFAULT '0',
  `peID` int(10) unsigned NOT NULL DEFAULT '0',
  PRIMARY KEY (`paID`,`peID`,`extension`),
  KEY `peID` (`peID`)
) ENGINE=InnoDB DEFAULT CHARSET=utf8mb4 COLLATE=utf8mb4_unicode_ci;


DROP TABLE IF EXISTS `FilePermissionFileTypes`;
CREATE TABLE `FilePermissionFileTypes` (
  `extension` varchar(32) COLLATE utf8mb4_unicode_ci NOT NULL,
  `fsID` int(10) unsigned NOT NULL DEFAULT '0',
  `gID` int(10) unsigned NOT NULL DEFAULT '0',
  `uID` int(10) unsigned NOT NULL DEFAULT '0',
  PRIMARY KEY (`fsID`,`gID`,`uID`,`extension`),
  KEY `gID` (`gID`),
  KEY `uID` (`uID`)
) ENGINE=InnoDB DEFAULT CHARSET=utf8mb4 COLLATE=utf8mb4_unicode_ci;


DROP TABLE IF EXISTS `Files`;
CREATE TABLE `Files` (
  `fID` int(10) unsigned NOT NULL AUTO_INCREMENT,
  `fDateAdded` datetime NOT NULL,
  `fPassword` varchar(255) COLLATE utf8mb4_unicode_ci DEFAULT NULL,
  `fOverrideSetPermissions` tinyint(1) NOT NULL,
  `ocID` int(10) unsigned NOT NULL,
  `folderTreeNodeID` int(10) unsigned NOT NULL,
  `uID` int(10) unsigned DEFAULT NULL,
  `fslID` int(10) unsigned DEFAULT NULL,
  PRIMARY KEY (`fID`),
  KEY `uID` (`uID`),
  KEY `fslID` (`fslID`),
  KEY `ocID` (`ocID`),
  KEY `fOverrideSetPermissions` (`fOverrideSetPermissions`),
  CONSTRAINT `FK_C7F46F5DB81D3903` FOREIGN KEY (`fslID`) REFERENCES `FileStorageLocations` (`fslID`),
  CONSTRAINT `FK_C7F46F5DFD71026C` FOREIGN KEY (`uID`) REFERENCES `Users` (`uID`) ON DELETE SET NULL
) ENGINE=InnoDB DEFAULT CHARSET=utf8mb4 COLLATE=utf8mb4_unicode_ci;

INSERT INTO `Files` (`fID`, `fDateAdded`, `fPassword`, `fOverrideSetPermissions`, `ocID`, `folderTreeNodeID`, `uID`, `fslID`) VALUES
(1,	'2021-12-05 08:55:55',	NULL,	0,	0,	7,	1,	1),
(2,	'2021-12-05 08:55:55',	NULL,	0,	0,	7,	1,	1),
(3,	'2021-12-05 08:55:56',	NULL,	0,	0,	7,	1,	1),
(4,	'2021-12-05 08:55:56',	NULL,	0,	0,	7,	1,	1),
(5,	'2021-12-05 08:55:56',	NULL,	0,	0,	7,	1,	1),
(6,	'2021-12-05 08:55:56',	NULL,	0,	0,	7,	1,	1),
(7,	'2021-12-05 08:55:56',	NULL,	0,	0,	7,	1,	1),
(8,	'2021-12-05 08:55:57',	NULL,	0,	0,	7,	1,	1),
(9,	'2021-12-05 08:55:57',	NULL,	0,	0,	7,	1,	1),
(10,	'2021-12-05 08:55:57',	NULL,	0,	0,	7,	1,	1),
(11,	'2021-12-05 08:55:57',	NULL,	0,	0,	7,	1,	1),
(12,	'2021-12-05 08:55:57',	NULL,	0,	0,	7,	1,	1),
(13,	'2021-12-05 08:55:58',	NULL,	0,	0,	7,	1,	1),
(14,	'2021-12-05 08:55:58',	NULL,	0,	0,	7,	1,	1),
(15,	'2021-12-05 08:55:58',	NULL,	0,	0,	7,	1,	1),
(16,	'2021-12-05 08:55:58',	NULL,	0,	0,	7,	1,	1),
(17,	'2021-12-26 10:02:43',	NULL,	0,	0,	7,	1,	1),
(18,	'2021-12-28 14:52:06',	NULL,	0,	0,	7,	1,	1),
(19,	'2021-12-28 14:52:10',	NULL,	0,	0,	7,	1,	1),
(20,	'2021-12-28 14:52:12',	NULL,	0,	0,	7,	1,	1),
(21,	'2021-12-28 14:52:14',	NULL,	0,	0,	7,	1,	1),
(22,	'2021-12-28 14:52:15',	NULL,	0,	0,	7,	1,	1),
(23,	'2021-12-28 14:52:17',	NULL,	0,	0,	7,	1,	1),
(24,	'2021-12-28 14:52:19',	NULL,	0,	0,	7,	1,	1),
(25,	'2021-12-28 14:52:20',	NULL,	0,	0,	7,	1,	1),
(26,	'2021-12-28 14:52:22',	NULL,	0,	0,	7,	1,	1),
(27,	'2021-12-28 14:52:24',	NULL,	0,	0,	7,	1,	1),
(28,	'2021-12-28 14:52:25',	NULL,	0,	0,	7,	1,	1),
(29,	'2021-12-28 14:52:30',	NULL,	0,	0,	7,	1,	1),
(30,	'2021-12-28 14:52:32',	NULL,	0,	0,	7,	1,	1),
(31,	'2021-12-28 14:52:34',	NULL,	0,	0,	7,	1,	1),
(32,	'2021-12-28 14:52:37',	NULL,	0,	0,	7,	1,	1),
(33,	'2021-12-28 14:52:39',	NULL,	0,	0,	7,	1,	1),
(34,	'2021-12-28 14:52:41',	NULL,	0,	0,	7,	1,	1),
(35,	'2021-12-28 14:52:47',	NULL,	0,	0,	7,	1,	1),
(36,	'2021-12-28 14:52:53',	NULL,	0,	0,	7,	1,	1),
(37,	'2021-12-28 14:52:56',	NULL,	0,	0,	7,	1,	1),
(38,	'2021-12-28 14:52:57',	NULL,	0,	0,	7,	1,	1),
(39,	'2021-12-28 14:52:59',	NULL,	0,	0,	7,	1,	1),
(40,	'2021-12-28 14:53:01',	NULL,	0,	0,	7,	1,	1),
(41,	'2021-12-28 14:53:03',	NULL,	0,	0,	7,	1,	1),
(42,	'2021-12-28 14:53:06',	NULL,	0,	0,	7,	1,	1),
(43,	'2021-12-28 14:53:08',	NULL,	0,	0,	7,	1,	1),
(44,	'2021-12-28 14:53:11',	NULL,	0,	0,	7,	1,	1),
(45,	'2021-12-28 14:53:13',	NULL,	0,	0,	7,	1,	1),
(46,	'2021-12-28 14:53:15',	NULL,	0,	0,	7,	1,	1),
(47,	'2021-12-28 14:53:16',	NULL,	0,	0,	7,	1,	1),
(48,	'2021-12-28 14:53:19',	NULL,	0,	0,	7,	1,	1),
(49,	'2021-12-28 14:53:21',	NULL,	0,	0,	7,	1,	1),
(50,	'2021-12-28 14:53:23',	NULL,	0,	0,	7,	1,	1),
(51,	'2021-12-28 14:53:24',	NULL,	0,	0,	7,	1,	1),
(52,	'2021-12-28 14:53:27',	NULL,	0,	0,	7,	1,	1),
(53,	'2021-12-28 14:53:29',	NULL,	0,	0,	7,	1,	1),
(54,	'2021-12-28 14:53:31',	NULL,	0,	0,	7,	1,	1),
(55,	'2021-12-28 14:53:33',	NULL,	0,	0,	7,	1,	1),
(56,	'2021-12-28 14:53:34',	NULL,	0,	0,	7,	1,	1),
(57,	'2021-12-28 14:53:36',	NULL,	0,	0,	7,	1,	1),
(58,	'2021-12-28 14:53:38',	NULL,	0,	0,	7,	1,	1),
(59,	'2021-12-28 14:53:39',	NULL,	0,	0,	7,	1,	1),
(60,	'2021-12-28 14:53:41',	NULL,	0,	0,	7,	1,	1),
(61,	'2021-12-28 14:53:43',	NULL,	0,	0,	7,	1,	1),
(62,	'2021-12-28 14:53:44',	NULL,	0,	0,	7,	1,	1),
(63,	'2021-12-28 14:53:46',	NULL,	0,	0,	7,	1,	1),
(64,	'2021-12-28 14:53:47',	NULL,	0,	0,	7,	1,	1),
(65,	'2021-12-28 14:53:49',	NULL,	0,	0,	7,	1,	1),
(66,	'2021-12-28 14:53:53',	NULL,	0,	0,	7,	1,	1),
(67,	'2021-12-28 14:53:55',	NULL,	0,	0,	7,	1,	1),
(68,	'2021-12-28 14:53:56',	NULL,	0,	0,	7,	1,	1),
(69,	'2021-12-28 14:54:04',	NULL,	0,	0,	7,	1,	1),
(70,	'2021-12-28 14:54:06',	NULL,	0,	0,	7,	1,	1),
(71,	'2021-12-28 14:54:07',	NULL,	0,	0,	7,	1,	1),
(72,	'2022-01-01 11:33:23',	NULL,	0,	0,	7,	1,	1),
(73,	'2022-01-01 11:33:26',	NULL,	0,	0,	7,	1,	1),
(74,	'2022-01-01 11:33:27',	NULL,	0,	0,	7,	1,	1),
(75,	'2022-01-01 11:33:39',	NULL,	0,	0,	7,	1,	1),
(76,	'2022-01-01 11:33:46',	NULL,	0,	0,	7,	1,	1),
(77,	'2022-01-01 11:33:49',	NULL,	0,	0,	7,	1,	1),
(78,	'2022-01-01 11:33:50',	NULL,	0,	0,	7,	1,	1),
(79,	'2022-01-01 11:33:51',	NULL,	0,	0,	7,	1,	1),
(80,	'2022-01-01 11:33:53',	NULL,	0,	0,	7,	1,	1),
(81,	'2022-01-01 11:33:55',	NULL,	0,	0,	7,	1,	1),
(82,	'2022-01-01 11:33:56',	NULL,	0,	0,	7,	1,	1),
(83,	'2022-01-01 11:33:58',	NULL,	0,	0,	7,	1,	1),
(84,	'2022-01-01 11:33:59',	NULL,	0,	0,	7,	1,	1),
(85,	'2022-01-01 11:34:24',	NULL,	0,	0,	7,	1,	1),
(86,	'2022-01-01 11:34:25',	NULL,	0,	0,	7,	1,	1),
(87,	'2022-01-01 11:34:27',	NULL,	0,	0,	7,	1,	1),
(88,	'2022-01-01 11:34:29',	NULL,	0,	0,	7,	1,	1),
(89,	'2022-01-01 11:34:30',	NULL,	0,	0,	7,	1,	1),
(90,	'2022-01-01 11:34:32',	NULL,	0,	0,	7,	1,	1),
(91,	'2022-01-01 11:34:33',	NULL,	0,	0,	7,	1,	1),
(92,	'2022-01-01 11:34:35',	NULL,	0,	0,	7,	1,	1),
(93,	'2022-01-01 11:34:37',	NULL,	0,	0,	7,	1,	1),
(94,	'2022-01-01 11:34:38',	NULL,	0,	0,	7,	1,	1),
(95,	'2022-01-01 11:34:40',	NULL,	0,	0,	7,	1,	1),
(96,	'2022-01-01 11:34:42',	NULL,	0,	0,	7,	1,	1),
(97,	'2022-01-01 11:34:43',	NULL,	0,	0,	7,	1,	1),
(98,	'2022-01-01 11:34:46',	NULL,	0,	0,	7,	1,	1),
(99,	'2022-01-01 11:34:48',	NULL,	0,	0,	7,	1,	1),
(100,	'2022-01-01 11:34:50',	NULL,	0,	0,	7,	1,	1),
(101,	'2022-01-01 11:34:51',	NULL,	0,	0,	7,	1,	1),
(102,	'2022-01-01 11:34:53',	NULL,	0,	0,	7,	1,	1),
(103,	'2022-01-01 11:34:55',	NULL,	0,	0,	7,	1,	1),
(104,	'2022-01-01 11:34:56',	NULL,	0,	0,	7,	1,	1),
(105,	'2022-01-01 11:34:58',	NULL,	0,	0,	7,	1,	1),
(106,	'2022-01-01 11:34:59',	NULL,	0,	0,	7,	1,	1),
(107,	'2022-01-01 11:35:01',	NULL,	0,	0,	7,	1,	1),
(108,	'2022-01-01 11:35:03',	NULL,	0,	0,	7,	1,	1);

DROP TABLE IF EXISTS `FileSearchIndexAttributes`;
CREATE TABLE `FileSearchIndexAttributes` (
  `fID` int(10) unsigned NOT NULL,
  `ak_width` decimal(14,4) DEFAULT '0.0000',
  `ak_height` decimal(14,4) DEFAULT '0.0000',
  `ak_duration` decimal(14,4) DEFAULT '0.0000',
  PRIMARY KEY (`fID`),
  CONSTRAINT `FK_3A3A4845E3111F45` FOREIGN KEY (`fID`) REFERENCES `Files` (`fID`) ON DELETE CASCADE ON UPDATE CASCADE
) ENGINE=InnoDB DEFAULT CHARSET=utf8mb4 COLLATE=utf8mb4_unicode_ci;

INSERT INTO `FileSearchIndexAttributes` (`fID`, `ak_width`, `ak_height`, `ak_duration`) VALUES
(1,	1600.0000,	1066.0000,	0.0000),
(2,	200.0000,	200.0000,	0.0000),
(3,	500.0000,	500.0000,	0.0000),
(4,	460.0000,	460.0000,	0.0000),
(5,	592.0000,	397.0000,	0.0000),
(6,	250.0000,	252.0000,	0.0000),
(7,	1600.0000,	1067.0000,	0.0000),
(8,	200.0000,	200.0000,	0.0000),
(9,	1499.0000,	1067.0000,	0.0000),
(10,	1100.0000,	263.0000,	0.0000),
(11,	1600.0000,	1067.0000,	0.0000),
(12,	1600.0000,	1067.0000,	0.0000),
(13,	1100.0000,	368.0000,	0.0000),
(14,	1100.0000,	368.0000,	0.0000),
(15,	1600.0000,	1067.0000,	0.0000),
(16,	1600.0000,	953.0000,	0.0000),
(17,	23.0000,	49.0000,	0.0000),
(18,	63.0000,	46.0000,	0.0000),
(19,	23.0000,	49.0000,	0.0000),
(20,	25.0000,	54.0000,	0.0000),
(21,	59.0000,	68.0000,	0.0000),
(22,	66.0000,	67.0000,	0.0000),
(23,	68.0000,	60.0000,	0.0000),
(24,	66.0000,	42.0000,	0.0000),
(25,	42.0000,	42.0000,	0.0000),
(26,	37.0000,	37.0000,	0.0000),
(27,	33.0000,	39.0000,	0.0000),
(28,	1077.0000,	957.0000,	0.0000),
(29,	706.0000,	953.0000,	0.0000),
(30,	548.0000,	494.0000,	0.0000),
(31,	1440.0000,	751.0000,	0.0000),
(32,	1440.0000,	665.0000,	0.0000),
(33,	1440.0000,	312.0000,	0.0000),
(34,	820.0000,	815.0000,	0.0000),
(35,	820.0000,	815.0000,	0.0000),
(36,	706.0000,	953.0000,	0.0000),
(37,	371.0000,	280.0000,	0.0000),
(38,	548.0000,	494.0000,	0.0000),
(39,	23.0000,	49.0000,	0.0000),
(40,	866.0000,	402.0000,	0.0000),
(41,	1151.0000,	122.0000,	0.0000),
(42,	513.0000,	529.0000,	0.0000),
(43,	499.0000,	498.0000,	0.0000),
(44,	371.0000,	253.0000,	0.0000),
(45,	73.0000,	698.0000,	0.0000),
(46,	657.0000,	200.0000,	0.0000),
(47,	513.0000,	529.0000,	0.0000),
(48,	96.0000,	103.0000,	0.0000),
(49,	243.0000,	67.0000,	0.0000),
(50,	371.0000,	253.0000,	0.0000),
(51,	1440.0000,	654.0000,	0.0000),
(52,	1440.0000,	420.0000,	0.0000),
(53,	371.0000,	253.0000,	0.0000),
(54,	369.0000,	330.0000,	0.0000),
(55,	369.0000,	330.0000,	0.0000),
(56,	367.0000,	330.0000,	0.0000),
(57,	1397.0000,	158.0000,	0.0000),
(58,	271.0000,	285.0000,	0.0000),
(59,	271.0000,	285.0000,	0.0000),
(60,	271.0000,	285.0000,	0.0000),
(61,	272.0000,	285.0000,	0.0000),
(62,	297.0000,	330.0000,	0.0000),
(63,	297.0000,	329.0000,	0.0000),
(64,	395.0000,	815.0000,	0.0000),
(65,	762.0000,	647.0000,	0.0000),
(66,	674.0000,	682.0000,	0.0000),
(67,	625.0000,	625.0000,	0.0000),
(68,	3840.0000,	2400.0000,	0.0000),
(69,	574.0000,	306.0000,	0.0000),
(70,	571.0000,	410.0000,	0.0000),
(71,	571.0000,	410.0000,	0.0000),
(72,	269.0000,	270.0000,	0.0000),
(73,	18.0000,	13.0000,	0.0000),
(74,	1127.0000,	751.0000,	0.0000),
(75,	1440.0000,	699.0000,	0.0000),
(76,	551.0000,	473.0000,	0.0000),
(77,	57.0000,	43.0000,	0.0000),
(78,	58.0000,	47.0000,	0.0000),
(79,	269.0000,	270.0000,	0.0000),
(80,	269.0000,	270.0000,	0.0000),
(81,	269.0000,	270.0000,	0.0000),
(82,	269.0000,	270.0000,	0.0000),
(83,	47.0000,	43.0000,	0.0000),
(84,	1440.0000,	1235.0000,	0.0000),
(85,	12.0000,	27.0000,	0.0000),
(86,	12.0000,	27.0000,	0.0000),
(87,	250.0000,	95.0000,	0.0000),
(88,	23.0000,	24.0000,	0.0000),
(89,	23.0000,	24.0000,	0.0000),
(90,	269.0000,	270.0000,	0.0000),
(91,	269.0000,	270.0000,	0.0000),
(92,	14.0000,	20.0000,	0.0000),
(93,	269.0000,	270.0000,	0.0000),
(94,	18.0000,	15.0000,	0.0000),
(95,	269.0000,	270.0000,	0.0000),
(96,	60.0000,	50.0000,	0.0000),
(97,	558.0000,	484.0000,	0.0000),
(98,	579.0000,	586.0000,	0.0000),
(99,	269.0000,	270.0000,	0.0000),
(100,	15.0000,	15.0000,	0.0000),
(101,	43.0000,	57.0000,	0.0000),
(102,	26.0000,	21.0000,	0.0000),
(103,	26.0000,	21.0000,	0.0000),
(104,	249.0000,	94.0000,	0.0000),
(105,	53.0000,	44.0000,	0.0000),
(106,	250.0000,	95.0000,	0.0000),
(107,	26.0000,	19.0000,	0.0000),
(108,	26.0000,	19.0000,	0.0000);

DROP TABLE IF EXISTS `FileSetFiles`;
CREATE TABLE `FileSetFiles` (
  `fsfID` int(10) unsigned NOT NULL AUTO_INCREMENT,
  `fID` int(10) unsigned NOT NULL,
  `fsID` int(10) unsigned NOT NULL,
  `timestamp` timestamp NOT NULL DEFAULT CURRENT_TIMESTAMP,
  `fsDisplayOrder` int(10) unsigned NOT NULL,
  PRIMARY KEY (`fsfID`),
  KEY `fID` (`fID`),
  KEY `fsID` (`fsID`)
) ENGINE=InnoDB DEFAULT CHARSET=utf8mb4 COLLATE=utf8mb4_unicode_ci;


DROP TABLE IF EXISTS `FileSets`;
CREATE TABLE `FileSets` (
  `fsID` int(10) unsigned NOT NULL AUTO_INCREMENT,
  `fsName` varchar(64) COLLATE utf8mb4_unicode_ci NOT NULL,
  `uID` int(10) unsigned NOT NULL DEFAULT '0',
  `fsType` smallint(6) NOT NULL,
  `fsOverrideGlobalPermissions` smallint(6) DEFAULT NULL,
  PRIMARY KEY (`fsID`),
  KEY `uID` (`uID`,`fsType`,`fsName`),
  KEY `fsName` (`fsName`),
  KEY `fsType` (`fsType`)
) ENGINE=InnoDB DEFAULT CHARSET=utf8mb4 COLLATE=utf8mb4_unicode_ci;


DROP TABLE IF EXISTS `FileSetSavedSearches`;
CREATE TABLE `FileSetSavedSearches` (
  `fsID` int(10) unsigned NOT NULL DEFAULT '0',
  `fsSearchRequest` text COLLATE utf8mb4_unicode_ci,
  `fsResultColumns` text COLLATE utf8mb4_unicode_ci,
  PRIMARY KEY (`fsID`)
) ENGINE=InnoDB DEFAULT CHARSET=utf8mb4 COLLATE=utf8mb4_unicode_ci;


DROP TABLE IF EXISTS `FileStorageLocations`;
CREATE TABLE `FileStorageLocations` (
  `fslName` varchar(255) COLLATE utf8mb4_unicode_ci NOT NULL,
  `fslConfiguration` longtext COLLATE utf8mb4_unicode_ci NOT NULL COMMENT '(DC2Type:object)',
  `fslID` int(10) unsigned NOT NULL AUTO_INCREMENT,
  `fslIsDefault` tinyint(1) NOT NULL,
  PRIMARY KEY (`fslID`)
) ENGINE=InnoDB DEFAULT CHARSET=utf8mb4 COLLATE=utf8mb4_unicode_ci;

INSERT INTO `FileStorageLocations` (`fslName`, `fslConfiguration`, `fslID`, `fslIsDefault`) VALUES
('Default',	'O:69:\"Concrete\\Core\\File\\StorageLocation\\Configuration\\DefaultConfiguration\":1:{s:10:\"\0*\0default\";b:1;}',	1,	1);

DROP TABLE IF EXISTS `FileStorageLocationTypes`;
CREATE TABLE `FileStorageLocationTypes` (
  `fslTypeHandle` longtext COLLATE utf8mb4_unicode_ci NOT NULL,
  `fslTypeName` longtext COLLATE utf8mb4_unicode_ci NOT NULL,
  `fslTypeID` int(11) NOT NULL AUTO_INCREMENT,
  `pkgID` int(11) NOT NULL,
  PRIMARY KEY (`fslTypeID`)
) ENGINE=InnoDB DEFAULT CHARSET=utf8mb4 COLLATE=utf8mb4_unicode_ci;

INSERT INTO `FileStorageLocationTypes` (`fslTypeHandle`, `fslTypeName`, `fslTypeID`, `pkgID`) VALUES
('default',	'Default',	1,	0),
('local',	'Local',	2,	0);

DROP TABLE IF EXISTS `FileUsageRecord`;
CREATE TABLE `FileUsageRecord` (
  `file_id` int(11) NOT NULL,
  `block_id` int(11) NOT NULL,
  `collection_id` int(11) NOT NULL,
  `collection_version_id` int(11) NOT NULL,
  PRIMARY KEY (`file_id`,`block_id`,`collection_id`,`collection_version_id`),
  KEY `block` (`block_id`),
  KEY `collection_version` (`collection_id`,`collection_version_id`)
) ENGINE=InnoDB DEFAULT CHARSET=utf8mb4 COLLATE=utf8mb4_unicode_ci;

INSERT INTO `FileUsageRecord` (`file_id`, `block_id`, `collection_id`, `collection_version_id`) VALUES
(6,	123,	197,	1),
(8,	138,	201,	1),
(5,	145,	214,	1),
(5,	152,	214,	1),
(6,	156,	214,	1),
(10,	159,	215,	1),
(65,	298,	214,	4),
(65,	299,	214,	5),
(28,	303,	214,	5),
(65,	321,	214,	11);

DROP TABLE IF EXISTS `FileVersionLog`;
CREATE TABLE `FileVersionLog` (
  `fvlID` int(10) unsigned NOT NULL AUTO_INCREMENT,
  `fID` int(10) unsigned NOT NULL DEFAULT '0',
  `fvID` int(10) unsigned NOT NULL DEFAULT '0',
  `fvUpdateTypeID` smallint(5) unsigned NOT NULL DEFAULT '0',
  `fvUpdateTypeAttributeID` int(10) unsigned NOT NULL DEFAULT '0',
  PRIMARY KEY (`fvlID`),
  KEY `fvID` (`fID`,`fvID`,`fvlID`)
) ENGINE=InnoDB DEFAULT CHARSET=utf8mb4 COLLATE=utf8mb4_unicode_ci;


DROP TABLE IF EXISTS `FileVersions`;
CREATE TABLE `FileVersions` (
  `fvID` int(11) NOT NULL,
  `fvFilename` varchar(255) COLLATE utf8mb4_unicode_ci NOT NULL,
  `fvPrefix` varchar(255) COLLATE utf8mb4_unicode_ci DEFAULT NULL,
  `fvDateAdded` datetime NOT NULL,
  `fvActivateDateTime` datetime NOT NULL,
  `fvIsApproved` tinyint(1) NOT NULL,
  `fvAuthorUID` int(11) NOT NULL,
  `fvApproverUID` int(11) NOT NULL,
  `fvSize` bigint(20) NOT NULL,
  `fvTitle` varchar(255) COLLATE utf8mb4_unicode_ci DEFAULT NULL,
  `fvDescription` longtext COLLATE utf8mb4_unicode_ci,
  `fvExtension` varchar(255) COLLATE utf8mb4_unicode_ci DEFAULT NULL,
  `fvTags` longtext COLLATE utf8mb4_unicode_ci,
  `fvType` int(11) NOT NULL,
  `fvHasListingThumbnail` tinyint(1) NOT NULL,
  `fvHasDetailThumbnail` tinyint(1) NOT NULL,
  `fID` int(10) unsigned NOT NULL,
  PRIMARY KEY (`fID`,`fvID`),
  KEY `IDX_D7B5A13AE3111F45` (`fID`),
  KEY `fvFilename` (`fvFilename`),
  KEY `fvExtension` (`fvExtension`),
  KEY `fvType` (`fvType`),
  CONSTRAINT `FK_D7B5A13AE3111F45` FOREIGN KEY (`fID`) REFERENCES `Files` (`fID`)
) ENGINE=InnoDB DEFAULT CHARSET=utf8mb4 COLLATE=utf8mb4_unicode_ci;

INSERT INTO `FileVersions` (`fvID`, `fvFilename`, `fvPrefix`, `fvDateAdded`, `fvActivateDateTime`, `fvIsApproved`, `fvAuthorUID`, `fvApproverUID`, `fvSize`, `fvTitle`, `fvDescription`, `fvExtension`, `fvTags`, `fvType`, `fvHasListingThumbnail`, `fvHasDetailThumbnail`, `fID`) VALUES
(1,	'plants.jpg',	'123412345678',	'2021-12-05 08:55:55',	'2021-12-05 08:55:55',	1,	1,	1,	373839,	'plants.jpg',	'',	'jpg',	'',	1,	1,	1,	1),
(1,	'avatar_none.png',	'431638680155',	'2021-12-05 08:55:55',	'2021-12-05 08:55:55',	1,	1,	1,	12769,	'avatar_none.png',	'',	'png',	'',	1,	1,	0,	2),
(1,	'balloon.jpg',	'301638680156',	'2021-12-05 08:55:56',	'2021-12-05 08:55:56',	1,	1,	1,	49708,	'balloon.jpg',	'',	'jpg',	'',	1,	1,	1,	3),
(1,	'bio.png',	'611638680156',	'2021-12-05 08:55:56',	'2021-12-05 08:55:56',	1,	1,	1,	1353,	'bio.png',	'',	'png',	'',	1,	1,	1,	4),
(1,	'blank.png',	'421638680156',	'2021-12-05 08:55:56',	'2021-12-05 08:55:56',	1,	1,	1,	1837,	'blank.png',	'',	'png',	'',	1,	1,	1,	5),
(1,	'blank2.png',	'331638680156',	'2021-12-05 08:55:56',	'2021-12-05 08:55:56',	1,	1,	1,	1210,	'blank2.png',	'',	'png',	'',	1,	1,	0,	6),
(1,	'bridge.jpg',	'291638680156',	'2021-12-05 08:55:56',	'2021-12-05 08:55:56',	1,	1,	1,	211901,	'bridge.jpg',	'',	'jpg',	'',	1,	1,	1,	7),
(1,	'chinese_house2.jpg',	'801638680157',	'2021-12-05 08:55:57',	'2021-12-05 08:55:57',	1,	1,	1,	84383,	'chinese_house2.jpg',	'',	'jpg',	'',	1,	1,	0,	8),
(1,	'houses.jpg',	'541638680157',	'2021-12-05 08:55:57',	'2021-12-05 08:55:57',	1,	1,	1,	293154,	'houses.jpg',	'',	'jpg',	'',	1,	1,	1,	9),
(1,	'masthead.png',	'221638680157',	'2021-12-05 08:55:57',	'2021-12-05 08:55:57',	1,	1,	1,	1429,	'masthead.png',	'',	'png',	'',	1,	1,	1,	10),
(1,	'mountains.jpg',	'541638680157',	'2021-12-05 08:55:57',	'2021-12-05 08:55:57',	1,	1,	1,	330436,	'mountains.jpg',	'',	'jpg',	'',	1,	1,	1,	11),
(1,	'shoes.jpg',	'711638680157',	'2021-12-05 08:55:57',	'2021-12-05 08:55:57',	1,	1,	1,	170179,	'shoes.jpg',	'',	'jpg',	'',	1,	1,	1,	12),
(1,	'slider1.png',	'901638680158',	'2021-12-05 08:55:58',	'2021-12-05 08:55:58',	1,	1,	1,	78494,	'slider1.png',	'',	'png',	'',	1,	1,	1,	13),
(1,	'slider2.png',	'271638680158',	'2021-12-05 08:55:58',	'2021-12-05 08:55:58',	1,	1,	1,	111308,	'slider2.png',	'',	'png',	'',	1,	1,	1,	14),
(1,	'subway.jpg',	'911638680158',	'2021-12-05 08:55:58',	'2021-12-05 08:55:58',	1,	1,	1,	305595,	'subway.jpg',	'',	'jpg',	'',	1,	1,	1,	15),
(1,	'sunset.jpg',	'731638680158',	'2021-12-05 08:55:58',	'2021-12-05 08:55:58',	1,	1,	1,	458047,	'sunset.jpg',	'',	'jpg',	'',	1,	1,	1,	16),
(1,	'serv1.png',	'761640498562',	'2021-12-26 10:02:43',	'2021-12-26 10:02:43',	1,	1,	1,	937,	'serv1.png',	'',	'png',	'',	1,	1,	0,	17),
(1,	'2.png',	'611640688726',	'2021-12-28 14:52:07',	'2021-12-28 14:52:07',	1,	1,	1,	1016,	'2.png',	'',	'png',	'',	1,	1,	0,	18),
(1,	'1.png',	'741640688730',	'2021-12-28 14:52:10',	'2021-12-28 14:52:10',	1,	1,	1,	937,	'1.png',	'',	'png',	'',	1,	1,	0,	19),
(1,	'3.png',	'741640688732',	'2021-12-28 14:52:12',	'2021-12-28 14:52:12',	1,	1,	1,	1383,	'3.png',	'',	'png',	'',	1,	1,	0,	20),
(1,	'4.png',	'161640688734',	'2021-12-28 14:52:14',	'2021-12-28 14:52:14',	1,	1,	1,	3046,	'4.png',	'',	'png',	'',	1,	1,	0,	21),
(1,	'5.png',	'581640688735',	'2021-12-28 14:52:15',	'2021-12-28 14:52:15',	1,	1,	1,	1649,	'5.png',	'',	'png',	'',	1,	1,	0,	22),
(1,	'6.png',	'171640688737',	'2021-12-28 14:52:17',	'2021-12-28 14:52:17',	1,	1,	1,	2435,	'6.png',	'',	'png',	'',	1,	1,	0,	23),
(1,	'7.png',	'621640688739',	'2021-12-28 14:52:19',	'2021-12-28 14:52:19',	1,	1,	1,	1058,	'7.png',	'',	'png',	'',	1,	1,	0,	24),
(1,	'11.png',	'861640688740',	'2021-12-28 14:52:20',	'2021-12-28 14:52:20',	1,	1,	1,	1323,	'11.png',	'',	'png',	'',	1,	1,	0,	25),
(1,	'12.png',	'581640688742',	'2021-12-28 14:52:22',	'2021-12-28 14:52:22',	1,	1,	1,	1723,	'12.png',	'',	'png',	'',	1,	1,	0,	26),
(1,	'13.png',	'381640688744',	'2021-12-28 14:52:24',	'2021-12-28 14:52:24',	1,	1,	1,	1519,	'13.png',	'',	'png',	'',	1,	1,	0,	27),
(1,	'about2.png',	'451640688745',	'2021-12-28 14:52:25',	'2021-12-28 14:52:25',	1,	1,	1,	1014993,	'about2.png',	'',	'png',	'',	1,	1,	1,	28),
(1,	'ABOUT-IACAPAP-bg-logo.png',	'881640688750',	'2021-12-28 14:52:30',	'2021-12-28 14:52:30',	1,	1,	1,	89535,	'ABOUT-IACAPAP-bg-logo.png',	'',	'png',	'',	1,	1,	1,	29),
(1,	'AL-JALILA.jpg',	'341640688752',	'2021-12-28 14:52:32',	'2021-12-28 14:52:32',	1,	1,	1,	329967,	'AL-JALILA.jpg',	'',	'jpg',	'',	1,	1,	1,	30),
(1,	'AL-JALILA-bg.jpg',	'101640688754',	'2021-12-28 14:52:34',	'2021-12-28 14:52:34',	1,	1,	1,	60498,	'AL-JALILA-bg.jpg',	'',	'jpg',	'',	1,	1,	1,	31),
(1,	'banner.jpg',	'431640688757',	'2021-12-28 14:52:37',	'2021-12-28 14:52:37',	1,	1,	1,	1071412,	'banner.jpg',	'',	'jpg',	'',	1,	1,	1,	32),
(1,	'banner2.jpg',	'651640688759',	'2021-12-28 14:52:39',	'2021-12-28 14:52:39',	1,	1,	1,	503673,	'banner2.jpg',	'',	'jpg',	'',	1,	1,	0,	33),
(1,	'bg2.png',	'631640688761',	'2021-12-28 14:52:41',	'2021-12-28 14:52:41',	1,	1,	1,	244423,	'bg2.png',	'',	'png',	'',	1,	1,	1,	34),
(1,	'bg-3.png',	'461640688767',	'2021-12-28 14:52:47',	'2021-12-28 14:52:47',	1,	1,	1,	244423,	'bg-3.png',	'',	'png',	'',	1,	1,	1,	35),
(1,	'bg-4.png',	'751640688773',	'2021-12-28 14:52:53',	'2021-12-28 14:52:53',	1,	1,	1,	198097,	'bg-4.png',	'',	'png',	'',	1,	1,	1,	36),
(1,	'Conference-2.jpg',	'111640688776',	'2021-12-28 14:52:56',	'2021-12-28 14:52:56',	1,	1,	1,	111161,	'Conference-2.jpg',	'',	'jpg',	'',	1,	1,	0,	37),
(1,	'Confrence-1.jpg',	'151640688777',	'2021-12-28 14:52:58',	'2021-12-28 14:52:58',	1,	1,	1,	327629,	'Confrence-1.jpg',	'',	'jpg',	'',	1,	1,	1,	38),
(1,	'download.png',	'721640688779',	'2021-12-28 14:52:59',	'2021-12-28 14:52:59',	1,	1,	1,	937,	'download.png',	'',	'png',	'',	1,	1,	0,	39),
(1,	'footer-bg.jpg',	'671640688781',	'2021-12-28 14:53:01',	'2021-12-28 14:53:01',	1,	1,	1,	52141,	'footer-bg.jpg',	'',	'jpg',	'',	1,	1,	1,	40),
(1,	'host.png',	'601640688783',	'2021-12-28 14:53:03',	'2021-12-28 14:53:03',	1,	1,	1,	40863,	'host.png',	'',	'png',	'',	1,	1,	0,	41),
(1,	'IACAPAP-2022-logo.jpg',	'681640688786',	'2021-12-28 14:53:06',	'2021-12-28 14:53:06',	1,	1,	1,	147146,	'IACAPAP-2022-logo.jpg',	'',	'jpg',	'',	1,	1,	1,	42),
(1,	'img_avatar.png',	'401640688788',	'2021-12-28 14:53:08',	'2021-12-28 14:53:08',	1,	1,	1,	8229,	'img_avatar.png',	'',	'png',	'',	1,	1,	1,	43),
(1,	'Informationof-Registration.jpg',	'181640688791',	'2021-12-28 14:53:11',	'2021-12-28 14:53:11',	1,	1,	1,	72201,	'Informationof-Registration.jpg',	'',	'jpg',	'',	1,	1,	0,	44),
(1,	'lines.png',	'951640688793',	'2021-12-28 14:53:13',	'2021-12-28 14:53:13',	1,	1,	1,	5331,	'lines.png',	'',	'png',	'',	1,	1,	0,	45),
(1,	'logo_white.png',	'411640688795',	'2021-12-28 14:53:15',	'2021-12-28 14:53:15',	1,	1,	1,	27221,	'logo_white.png',	'',	'png',	'',	1,	1,	0,	46),
(1,	'logo-2.png',	'761640688796',	'2021-12-28 14:53:17',	'2021-12-28 14:53:17',	1,	1,	1,	147146,	'logo-2.png',	'',	'png',	'',	1,	1,	1,	47),
(1,	'logoHead.png',	'231640688799',	'2021-12-28 14:53:19',	'2021-12-28 14:53:19',	1,	1,	1,	12338,	'logoHead.png',	'',	'png',	'',	1,	1,	0,	48),
(1,	'mein-logo-1.png',	'851640688801',	'2021-12-28 14:53:21',	'2021-12-28 14:53:21',	1,	1,	1,	9380,	'mein-logo-1.png',	'',	'png',	'',	1,	1,	0,	49),
(1,	'Online-Registration.jpg',	'911640688803',	'2021-12-28 14:53:23',	'2021-12-28 14:53:23',	1,	1,	1,	93398,	'Online-Registration.jpg',	'',	'jpg',	'',	1,	1,	0,	50),
(1,	'OUR-MISSION-bg.jpg',	'811640688804',	'2021-12-28 14:53:25',	'2021-12-28 14:53:25',	1,	1,	1,	110070,	'OUR-MISSION-bg.jpg',	'',	'jpg',	'',	1,	1,	1,	51),
(1,	'Regionally-Pertinent-Topics-bg.jpg',	'431640688807',	'2021-12-28 14:53:27',	'2021-12-28 14:53:27',	1,	1,	1,	58236,	'Regionally-Pertinent-Topics-bg.jpg',	'',	'jpg',	'',	1,	1,	1,	52),
(1,	'Registration-TC.jpg',	'441640688809',	'2021-12-28 14:53:30',	'2021-12-28 14:53:30',	1,	1,	1,	66907,	'Registration-T&C.jpg',	'',	'jpg',	'',	1,	1,	0,	53),
(1,	'slide1.jpg',	'871640688811',	'2021-12-28 14:53:31',	'2021-12-28 14:53:31',	1,	1,	1,	129418,	'slide1.jpg',	'',	'jpg',	'',	1,	1,	0,	54),
(1,	'slide2.jpg',	'121640688813',	'2021-12-28 14:53:33',	'2021-12-28 14:53:33',	1,	1,	1,	86802,	'slide2.jpg',	'',	'jpg',	'',	1,	1,	0,	55),
(1,	'slide3.jpg',	'431640688814',	'2021-12-28 14:53:35',	'2021-12-28 14:53:35',	1,	1,	1,	63515,	'slide3.jpg',	'',	'jpg',	'',	1,	1,	0,	56),
(1,	'sponser-logo.jpg',	'101640688816',	'2021-12-28 14:53:36',	'2021-12-28 14:53:36',	1,	1,	1,	63079,	'sponser-logo.jpg',	'',	'jpg',	'',	1,	1,	0,	57),
(1,	'team-1.jpg',	'531640688818',	'2021-12-28 14:53:38',	'2021-12-28 14:53:38',	1,	1,	1,	40196,	'team-1.jpg',	'',	'jpg',	'',	1,	1,	0,	58),
(1,	'team-2.jpg',	'531640688819',	'2021-12-28 14:53:40',	'2021-12-28 14:53:40',	1,	1,	1,	89506,	'team-2.jpg',	'',	'jpg',	'',	1,	1,	0,	59),
(1,	'team-3.jpg',	'491640688821',	'2021-12-28 14:53:41',	'2021-12-28 14:53:41',	1,	1,	1,	40740,	'team-3.jpg',	'',	'jpg',	'',	1,	1,	0,	60),
(1,	'team-4.jpg',	'461640688823',	'2021-12-28 14:53:43',	'2021-12-28 14:53:43',	1,	1,	1,	37730,	'team-4.jpg',	'',	'jpg',	'',	1,	1,	0,	61),
(1,	'THE-ORGANISATION-1.jpg',	'501640688824',	'2021-12-28 14:53:45',	'2021-12-28 14:53:45',	1,	1,	1,	112343,	'THE-ORGANISATION-1.jpg',	'',	'jpg',	'',	1,	1,	0,	62),
(1,	'THE-ORGANISATION-2.jpg',	'501640688826',	'2021-12-28 14:53:46',	'2021-12-28 14:53:46',	1,	1,	1,	80904,	'THE-ORGANISATION-2.jpg',	'',	'jpg',	'',	1,	1,	0,	63),
(1,	'transparent-logo-under-countdown.png',	'971640688827',	'2021-12-28 14:53:48',	'2021-12-28 14:53:48',	1,	1,	1,	37940,	'transparent-logo-under-countdown.png',	'',	'png',	'',	1,	1,	0,	64),
(1,	'upcoming.png',	'991640688829',	'2021-12-28 14:53:49',	'2021-12-28 14:53:49',	1,	1,	1,	864168,	'upcoming.png',	'',	'png',	'',	1,	1,	1,	65),
(1,	'Video-sec-imae.jpg',	'961640688833',	'2021-12-28 14:53:53',	'2021-12-28 14:53:53',	1,	1,	1,	328158,	'Video-sec-imae.jpg',	'',	'jpg',	'',	1,	1,	1,	66),
(1,	'Video-Sec-image.jpg',	'361640688835',	'2021-12-28 14:53:55',	'2021-12-28 14:53:55',	1,	1,	1,	124341,	'Video-Sec-image.jpg',	'',	'jpg',	'',	1,	1,	1,	67),
(1,	'wallpaper.jpg',	'791640688836',	'2021-12-28 14:53:57',	'2021-12-28 14:53:57',	1,	1,	1,	584294,	'wallpaper.jpg',	'',	'jpg',	'',	1,	1,	1,	68),
(1,	'Who-Should-Attend.jpg',	'841640688844',	'2021-12-28 14:54:04',	'2021-12-28 14:54:04',	1,	1,	1,	115194,	'Who-Should-Attend.jpg',	'',	'jpg',	'',	1,	1,	0,	69),
(1,	'Workshop-1.jpg',	'271640688846',	'2021-12-28 14:54:06',	'2021-12-28 14:54:06',	1,	1,	1,	132271,	'Workshop-1.jpg',	'',	'jpg',	'',	1,	1,	1,	70),
(1,	'Workshop-2.jpg',	'731640688847',	'2021-12-28 14:54:08',	'2021-12-28 14:54:08',	1,	1,	1,	160531,	'Workshop-2.jpg',	'',	'jpg',	'',	1,	1,	1,	71),
(1,	'alserkal.png',	'431641022403',	'2022-01-01 11:33:24',	'2022-01-01 11:33:24',	1,	1,	1,	139967,	'alserkal.png',	'',	'png',	'',	1,	1,	0,	72),
(1,	'arrow.png',	'801641022406',	'2022-01-01 11:33:26',	'2022-01-01 11:33:26',	1,	1,	1,	1027,	'arrow.png',	'',	'png',	'',	1,	1,	0,	73),
(1,	'belowVisaBg.png',	'301641022407',	'2022-01-01 11:33:28',	'2022-01-01 11:33:28',	1,	1,	1,	71601,	'belowVisaBg.png',	'',	'png',	'',	1,	1,	1,	74),
(1,	'conSec2.png',	'561641022419',	'2022-01-01 11:33:39',	'2022-01-01 11:33:39',	1,	1,	1,	15605,	'conSec2.png',	'',	'png',	'',	1,	1,	1,	75),
(1,	'contactUs.png',	'221641022426',	'2022-01-01 11:33:47',	'2022-01-01 11:33:47',	1,	1,	1,	327718,	'contactUs.png',	'',	'png',	'',	1,	1,	1,	76),
(1,	'cultureLogo.png',	'761641022429',	'2022-01-01 11:33:49',	'2022-01-01 11:33:49',	1,	1,	1,	2691,	'cultureLogo.png',	'',	'png',	'',	1,	1,	0,	77),
(1,	'diverseLogo.png',	'691641022430',	'2022-01-01 11:33:50',	'2022-01-01 11:33:50',	1,	1,	1,	3657,	'diverseLogo.png',	'',	'png',	'',	1,	1,	0,	78),
(1,	'dolphin.png',	'461641022431',	'2022-01-01 11:33:52',	'2022-01-01 11:33:52',	1,	1,	1,	137364,	'dolphin.png',	'',	'png',	'',	1,	1,	0,	79),
(1,	'dubaiAqua.png',	'511641022433',	'2022-01-01 11:33:53',	'2022-01-01 11:33:53',	1,	1,	1,	176799,	'dubaiAqua.png',	'',	'png',	'',	1,	1,	0,	80),
(1,	'dubaiFountine.png',	'321641022435',	'2022-01-01 11:33:55',	'2022-01-01 11:33:55',	1,	1,	1,	173056,	'dubaiFountine.png',	'',	'png',	'',	1,	1,	0,	81),
(1,	'dubaiMall.png',	'741641022436',	'2022-01-01 11:33:56',	'2022-01-01 11:33:56',	1,	1,	1,	127883,	'dubaiMall.png',	'',	'png',	'',	1,	1,	0,	82),
(1,	'econLogo.png',	'181641022438',	'2022-01-01 11:33:58',	'2022-01-01 11:33:58',	1,	1,	1,	3296,	'econLogo.png',	'',	'png',	'',	1,	1,	0,	83),
(1,	'EXPLORINGDUBAI.png',	'541641022439',	'2022-01-01 11:34:00',	'2022-01-01 11:34:00',	1,	1,	1,	221360,	'EXPLORINGDUBAI.png',	'',	'png',	'',	1,	1,	1,	84),
(1,	'fb.png',	'861641022464',	'2022-01-01 11:34:24',	'2022-01-01 11:34:24',	1,	1,	1,	1077,	'fb.png',	'',	'png',	'',	1,	1,	0,	85),
(1,	'fbHov.png',	'391641022465',	'2022-01-01 11:34:26',	'2022-01-01 11:34:26',	1,	1,	1,	1077,	'fbHov.png',	'',	'png',	'',	1,	1,	0,	86),
(1,	'grayCards.png',	'691641022467',	'2022-01-01 11:34:27',	'2022-01-01 11:34:27',	1,	1,	1,	2085,	'grayCards.png',	'',	'png',	'',	1,	1,	0,	87),
(1,	'insta.png',	'681641022469',	'2022-01-01 11:34:29',	'2022-01-01 11:34:29',	1,	1,	1,	1440,	'insta.png',	'',	'png',	'',	1,	1,	0,	88),
(1,	'instaHov.png',	'821641022470',	'2022-01-01 11:34:30',	'2022-01-01 11:34:30',	1,	1,	1,	1416,	'instaHov.png',	'',	'png',	'',	1,	1,	0,	89),
(1,	'jumeirah.png',	'501641022472',	'2022-01-01 11:34:32',	'2022-01-01 11:34:32',	1,	1,	1,	105486,	'jumeirah.png',	'',	'png',	'',	1,	1,	0,	90),
(1,	'larMerDubai.png',	'581641022473',	'2022-01-01 11:34:34',	'2022-01-01 11:34:34',	1,	1,	1,	156060,	'larMerDubai.png',	'',	'png',	'',	1,	1,	0,	91),
(1,	'locIcon.png',	'781641022475',	'2022-01-01 11:34:36',	'2022-01-01 11:34:36',	1,	1,	1,	1395,	'locIcon.png',	'',	'png',	'',	1,	1,	0,	92),
(1,	'mallEmirates.png',	'561641022477',	'2022-01-01 11:34:37',	'2022-01-01 11:34:37',	1,	1,	1,	180042,	'mallEmirates.png',	'',	'png',	'',	1,	1,	0,	93),
(1,	'messIcon.png',	'451641022478',	'2022-01-01 11:34:39',	'2022-01-01 11:34:39',	1,	1,	1,	1121,	'messIcon.png',	'',	'png',	'',	1,	1,	0,	94),
(1,	'miracle.png',	'371641022480',	'2022-01-01 11:34:40',	'2022-01-01 11:34:40',	1,	1,	1,	185879,	'miracle.png',	'',	'png',	'',	1,	1,	0,	95),
(1,	'multiLogo.png',	'501641022482',	'2022-01-01 11:34:42',	'2022-01-01 11:34:42',	1,	1,	1,	3802,	'multiLogo.png',	'',	'png',	'',	1,	1,	0,	96),
(1,	'ourStory.png',	'151641022483',	'2022-01-01 11:34:44',	'2022-01-01 11:34:44',	1,	1,	1,	305925,	'ourStory.png',	'',	'png',	'',	1,	1,	1,	97),
(1,	'sec1.png',	'241641022486',	'2022-01-01 11:34:46',	'2022-01-01 11:34:46',	1,	1,	1,	355618,	'sec1.png',	'',	'png',	'',	1,	1,	1,	98),
(1,	'ski.png',	'811641022488',	'2022-01-01 11:34:48',	'2022-01-01 11:34:48',	1,	1,	1,	102139,	'ski.png',	'',	'png',	'',	1,	1,	0,	99),
(1,	'telIcon.png',	'361641022490',	'2022-01-01 11:34:50',	'2022-01-01 11:34:50',	1,	1,	1,	1116,	'telIcon.png',	'',	'png',	'',	1,	1,	0,	100),
(1,	'towerLogo.png',	'471641022491',	'2022-01-01 11:34:52',	'2022-01-01 11:34:52',	1,	1,	1,	2625,	'towerLogo.png',	'',	'png',	'',	1,	1,	0,	101),
(1,	'twitter.png',	'351641022493',	'2022-01-01 11:34:53',	'2022-01-01 11:34:53',	1,	1,	1,	1353,	'twitter.png',	'',	'png',	'',	1,	1,	0,	102),
(1,	'twitterHov.png',	'591641022495',	'2022-01-01 11:34:55',	'2022-01-01 11:34:55',	1,	1,	1,	1320,	'twitterHov.png',	'',	'png',	'',	1,	1,	0,	103),
(1,	'visaCards.png',	'701641022496',	'2022-01-01 11:34:57',	'2022-01-01 11:34:57',	1,	1,	1,	2547,	'visaCards.png',	'',	'png',	'',	1,	1,	0,	104),
(1,	'worldLogo.png',	'741641022498',	'2022-01-01 11:34:58',	'2022-01-01 11:34:58',	1,	1,	1,	3608,	'worldLogo.png',	'',	'png',	'',	1,	1,	0,	105),
(1,	'yellowCards.png',	'131641022499',	'2022-01-01 11:35:00',	'2022-01-01 11:35:00',	1,	1,	1,	2078,	'yellowCards.png',	'',	'png',	'',	1,	1,	0,	106),
(1,	'yt.png',	'941641022501',	'2022-01-01 11:35:01',	'2022-01-01 11:35:01',	1,	1,	1,	1237,	'yt.png',	'',	'png',	'',	1,	1,	0,	107),
(1,	'ytHov.png',	'891641022503',	'2022-01-01 11:35:03',	'2022-01-01 11:35:03',	1,	1,	1,	1235,	'ytHov.png',	'',	'png',	'',	1,	1,	0,	108);

DROP TABLE IF EXISTS `FormSubmissionNotifications`;
CREATE TABLE `FormSubmissionNotifications` (
  `exEntryID` int(11) DEFAULT NULL,
  `nID` int(10) unsigned NOT NULL,
  PRIMARY KEY (`nID`),
  KEY `IDX_E7B6BE406DCB6296` (`exEntryID`),
  CONSTRAINT `FK_E7B6BE406DCB6296` FOREIGN KEY (`exEntryID`) REFERENCES `ExpressEntityEntries` (`exEntryID`) ON DELETE CASCADE,
  CONSTRAINT `FK_E7B6BE40ED024EFD` FOREIGN KEY (`nID`) REFERENCES `Notifications` (`nID`) ON DELETE CASCADE
) ENGINE=InnoDB DEFAULT CHARSET=utf8mb4 COLLATE=utf8mb4_unicode_ci;


DROP TABLE IF EXISTS `gaPage`;
CREATE TABLE `gaPage` (
  `gaiID` int(10) unsigned NOT NULL,
  `cID` int(10) unsigned DEFAULT NULL,
  PRIMARY KEY (`gaiID`),
  KEY `cID` (`cID`)
) ENGINE=InnoDB DEFAULT CHARSET=utf8mb4 COLLATE=utf8mb4_unicode_ci;


DROP TABLE IF EXISTS `GatheringConfiguredDataSources`;
CREATE TABLE `GatheringConfiguredDataSources` (
  `gcsID` int(10) unsigned NOT NULL AUTO_INCREMENT,
  `gaID` int(10) unsigned DEFAULT NULL,
  `gasID` int(10) unsigned DEFAULT NULL,
  `gcdObject` longtext COLLATE utf8mb4_unicode_ci,
  PRIMARY KEY (`gcsID`),
  KEY `gaID` (`gaID`),
  KEY `gasID` (`gasID`)
) ENGINE=InnoDB DEFAULT CHARSET=utf8mb4 COLLATE=utf8mb4_unicode_ci;


DROP TABLE IF EXISTS `GatheringDataSources`;
CREATE TABLE `GatheringDataSources` (
  `gasID` int(10) unsigned NOT NULL AUTO_INCREMENT,
  `gasName` varchar(255) COLLATE utf8mb4_unicode_ci DEFAULT NULL,
  `gasHandle` varchar(255) COLLATE utf8mb4_unicode_ci NOT NULL,
  `pkgID` int(10) unsigned NOT NULL DEFAULT '0',
  `gasDisplayOrder` int(10) unsigned NOT NULL DEFAULT '0',
  PRIMARY KEY (`gasID`),
  UNIQUE KEY `gasHandle` (`gasHandle`),
  KEY `pkgID` (`pkgID`)
) ENGINE=InnoDB DEFAULT CHARSET=utf8mb4 COLLATE=utf8mb4_unicode_ci;

INSERT INTO `GatheringDataSources` (`gasID`, `gasName`, `gasHandle`, `pkgID`, `gasDisplayOrder`) VALUES
(1,	'Site Page',	'page',	0,	0),
(2,	'RSS Feed',	'rss_feed',	0,	1),
(3,	'Flickr Feed',	'flickr_feed',	0,	2),
(4,	'Twitter',	'twitter',	0,	3);

DROP TABLE IF EXISTS `GatheringItemFeatureAssignments`;
CREATE TABLE `GatheringItemFeatureAssignments` (
  `gafaID` int(10) unsigned NOT NULL AUTO_INCREMENT,
  `gaiID` int(10) unsigned DEFAULT NULL,
  `faID` int(10) unsigned DEFAULT NULL,
  PRIMARY KEY (`gafaID`),
  KEY `gaiID` (`gaiID`,`faID`),
  KEY `faID` (`faID`)
) ENGINE=InnoDB DEFAULT CHARSET=utf8mb4 COLLATE=utf8mb4_unicode_ci;


DROP TABLE IF EXISTS `GatheringItems`;
CREATE TABLE `GatheringItems` (
  `gaiID` int(10) unsigned NOT NULL AUTO_INCREMENT,
  `gaID` int(10) unsigned DEFAULT NULL,
  `gasID` int(10) unsigned DEFAULT NULL,
  `gaiDateTimeCreated` datetime NOT NULL,
  `gaiPublicDateTime` datetime NOT NULL,
  `gaiTitle` text COLLATE utf8mb4_unicode_ci,
  `gaiSlotWidth` int(10) unsigned DEFAULT '1',
  `gaiSlotHeight` int(10) unsigned DEFAULT '1',
  `gaiKey` varchar(255) COLLATE utf8mb4_unicode_ci NOT NULL,
  `gaiBatchDisplayOrder` int(10) unsigned NOT NULL DEFAULT '0',
  `gaiBatchTimestamp` int(10) unsigned NOT NULL DEFAULT '0',
  `gaiIsDeleted` tinyint(1) DEFAULT '0',
  PRIMARY KEY (`gaiID`),
  UNIQUE KEY `gaiUniqueKey` (`gaiKey`,`gasID`,`gaID`),
  KEY `gaID` (`gaID`,`gaiBatchTimestamp`),
  KEY `gasID` (`gasID`)
) ENGINE=InnoDB DEFAULT CHARSET=utf8mb4 COLLATE=utf8mb4_unicode_ci;


DROP TABLE IF EXISTS `GatheringItemSelectedTemplates`;
CREATE TABLE `GatheringItemSelectedTemplates` (
  `gaiID` int(10) unsigned NOT NULL DEFAULT '0',
  `gatID` int(10) unsigned NOT NULL DEFAULT '0',
  `gatTypeID` int(10) unsigned DEFAULT '0',
  PRIMARY KEY (`gaiID`,`gatID`),
  UNIQUE KEY `gatUniqueKey` (`gaiID`,`gatTypeID`),
  KEY `gatTypeID` (`gatTypeID`),
  KEY `gatID` (`gatID`)
) ENGINE=InnoDB DEFAULT CHARSET=utf8mb4 COLLATE=utf8mb4_unicode_ci;


DROP TABLE IF EXISTS `GatheringItemTemplateFeatures`;
CREATE TABLE `GatheringItemTemplateFeatures` (
  `gfeID` int(10) unsigned NOT NULL AUTO_INCREMENT,
  `gatID` int(10) unsigned DEFAULT NULL,
  `feID` int(10) unsigned DEFAULT NULL,
  PRIMARY KEY (`gfeID`),
  KEY `gatID` (`gatID`),
  KEY `feID` (`feID`,`gatID`)
) ENGINE=InnoDB DEFAULT CHARSET=utf8mb4 COLLATE=utf8mb4_unicode_ci;

INSERT INTO `GatheringItemTemplateFeatures` (`gfeID`, `gatID`, `feID`) VALUES
(4,	1,	1),
(10,	2,	1),
(13,	3,	1),
(16,	4,	1),
(19,	5,	1),
(23,	7,	1),
(29,	11,	1),
(33,	12,	1),
(37,	13,	1),
(42,	14,	1),
(47,	15,	1),
(53,	17,	1),
(56,	18,	1),
(63,	21,	1),
(64,	22,	1),
(3,	1,	2),
(9,	2,	2),
(12,	3,	2),
(15,	4,	2),
(18,	5,	2),
(21,	6,	2),
(25,	8,	2),
(27,	9,	2),
(41,	13,	3),
(46,	14,	3),
(51,	16,	3),
(55,	17,	3),
(62,	20,	3),
(66,	22,	3),
(2,	1,	4),
(8,	2,	4),
(14,	4,	4),
(17,	5,	4),
(31,	11,	4),
(35,	12,	4),
(39,	13,	4),
(44,	14,	4),
(61,	20,	4),
(5,	1,	5),
(22,	6,	5),
(24,	8,	5),
(26,	9,	5),
(28,	10,	5),
(32,	11,	5),
(36,	12,	5),
(40,	13,	5),
(45,	14,	5),
(49,	15,	5),
(50,	16,	5),
(59,	19,	5),
(65,	22,	5),
(20,	5,	6),
(1,	1,	7),
(7,	2,	7),
(11,	3,	7),
(30,	11,	7),
(34,	12,	7),
(38,	13,	7),
(43,	14,	7),
(48,	15,	7),
(52,	16,	7),
(54,	17,	7),
(57,	18,	7),
(58,	19,	7),
(60,	20,	7),
(6,	1,	8);

DROP TABLE IF EXISTS `GatheringItemTemplates`;
CREATE TABLE `GatheringItemTemplates` (
  `gatID` int(10) unsigned NOT NULL AUTO_INCREMENT,
  `gatHandle` varchar(255) COLLATE utf8mb4_unicode_ci NOT NULL,
  `gatName` text COLLATE utf8mb4_unicode_ci,
  `gatHasCustomClass` tinyint(1) NOT NULL DEFAULT '0',
  `gatFixedSlotWidth` int(10) unsigned DEFAULT '0',
  `gatFixedSlotHeight` int(10) unsigned DEFAULT '0',
  `gatForceDefault` int(10) unsigned DEFAULT '0',
  `pkgID` int(10) unsigned DEFAULT NULL,
  `gatTypeID` int(10) unsigned DEFAULT '0',
  PRIMARY KEY (`gatID`),
  UNIQUE KEY `gatHandle` (`gatHandle`,`gatTypeID`),
  KEY `gatTypeID` (`gatTypeID`),
  KEY `pkgID` (`pkgID`)
) ENGINE=InnoDB DEFAULT CHARSET=utf8mb4 COLLATE=utf8mb4_unicode_ci;

INSERT INTO `GatheringItemTemplates` (`gatID`, `gatHandle`, `gatName`, `gatHasCustomClass`, `gatFixedSlotWidth`, `gatFixedSlotHeight`, `gatForceDefault`, `pkgID`, `gatTypeID`) VALUES
(1,	'featured',	'Featured Item',	0,	6,	2,	1,	0,	1),
(2,	'title_date_description',	'Title Date & Description',	0,	0,	0,	0,	0,	1),
(3,	'title_description',	'Title & Description',	0,	0,	0,	0,	0,	1),
(4,	'title_date',	'Title & Date',	0,	0,	0,	0,	0,	1),
(5,	'title_date_comments',	'Title, Date & Comments',	1,	0,	0,	0,	0,	1),
(6,	'thumbnail',	'Thumbnail',	0,	0,	0,	0,	0,	1),
(7,	'basic',	'Basic',	0,	0,	0,	0,	0,	2),
(8,	'image_sharing_link',	'Image Sharing Link',	0,	0,	0,	0,	0,	2),
(9,	'image_conversation',	'Image Conversation',	0,	0,	0,	0,	0,	2),
(10,	'image',	'Large Image',	0,	0,	0,	0,	0,	2),
(11,	'masthead_image_left',	'Masthead Image Left',	0,	0,	0,	0,	0,	1),
(12,	'masthead_image_right',	'Masthead Image Right',	0,	0,	0,	0,	0,	1),
(13,	'masthead_image_byline_right',	'Masthead Image Byline Right',	0,	0,	0,	0,	0,	1),
(14,	'masthead_image_byline_left',	'Masthead Image Byline Left',	0,	0,	0,	0,	0,	1),
(15,	'image_masthead_description_center',	'Image Masthead Description Center',	0,	0,	0,	0,	0,	1),
(16,	'image_byline_description_center',	'Image Byline Description Center',	0,	0,	0,	0,	0,	1),
(17,	'masthead_byline_description',	'Masthead Byline Description',	0,	0,	0,	0,	0,	1),
(18,	'masthead_description',	'Masthead Description',	0,	0,	0,	0,	0,	1),
(19,	'thumbnail_description_center',	'Thumbnail & Description Center',	0,	0,	0,	0,	0,	1),
(20,	'tweet',	'Tweet',	0,	0,	0,	0,	0,	1),
(21,	'vimeo',	'Vimeo',	0,	0,	0,	0,	0,	1),
(22,	'image_overlay_headline',	'Image Overlay Headline',	0,	0,	0,	0,	0,	1);

DROP TABLE IF EXISTS `GatheringItemTemplateTypes`;
CREATE TABLE `GatheringItemTemplateTypes` (
  `gatTypeID` int(10) unsigned NOT NULL AUTO_INCREMENT,
  `gatTypeHandle` varchar(64) COLLATE utf8mb4_unicode_ci NOT NULL,
  `pkgID` int(10) unsigned NOT NULL DEFAULT '0',
  PRIMARY KEY (`gatTypeID`),
  UNIQUE KEY `gatTypeHandle` (`gatTypeHandle`),
  KEY `pkgID` (`pkgID`)
) ENGINE=InnoDB DEFAULT CHARSET=utf8mb4 COLLATE=utf8mb4_unicode_ci;

INSERT INTO `GatheringItemTemplateTypes` (`gatTypeID`, `gatTypeHandle`, `pkgID`) VALUES
(1,	'tile',	0),
(2,	'detail',	0);

DROP TABLE IF EXISTS `GatheringPermissionAssignments`;
CREATE TABLE `GatheringPermissionAssignments` (
  `gaID` int(10) unsigned NOT NULL DEFAULT '0',
  `pkID` int(10) unsigned NOT NULL DEFAULT '0',
  `paID` int(10) unsigned NOT NULL DEFAULT '0',
  PRIMARY KEY (`gaID`,`pkID`,`paID`),
  KEY `pkID` (`pkID`),
  KEY `paID` (`paID`)
) ENGINE=InnoDB DEFAULT CHARSET=utf8mb4 COLLATE=utf8mb4_unicode_ci;


DROP TABLE IF EXISTS `Gatherings`;
CREATE TABLE `Gatherings` (
  `gaID` int(10) unsigned NOT NULL AUTO_INCREMENT,
  `gaDateCreated` datetime NOT NULL,
  `gaDateLastUpdated` datetime NOT NULL,
  PRIMARY KEY (`gaID`),
  KEY `gaDateLastUpdated` (`gaDateLastUpdated`)
) ENGINE=InnoDB DEFAULT CHARSET=utf8mb4 COLLATE=utf8mb4_unicode_ci;


DROP TABLE IF EXISTS `Geolocators`;
CREATE TABLE `Geolocators` (
  `glID` int(10) unsigned NOT NULL AUTO_INCREMENT COMMENT 'Geolocator ID',
  `glHandle` varchar(255) COLLATE utf8mb4_unicode_ci NOT NULL COMMENT 'Geolocator handle',
  `glName` varchar(255) COLLATE utf8mb4_unicode_ci NOT NULL COMMENT 'Geolocator name',
  `glDescription` longtext COLLATE utf8mb4_unicode_ci NOT NULL COMMENT 'Geolocator description',
  `glConfiguration` longtext COLLATE utf8mb4_unicode_ci NOT NULL COMMENT 'Geolocator configuration options(DC2Type:json_array)',
  `glActive` tinyint(1) NOT NULL COMMENT 'Is this Geolocator the active one?',
  `glPackage` int(10) unsigned DEFAULT NULL,
  PRIMARY KEY (`glID`),
  UNIQUE KEY `UNIQ_83BB1614D4F4D416` (`glHandle`),
  KEY `IDX_83BB1614D5F6CC40` (`glPackage`),
  CONSTRAINT `FK_83BB1614D5F6CC40` FOREIGN KEY (`glPackage`) REFERENCES `Packages` (`pkgID`) ON DELETE CASCADE
) ENGINE=InnoDB DEFAULT CHARSET=utf8mb4 COLLATE=utf8mb4_unicode_ci COMMENT='List of all the installed Geolocator services';

INSERT INTO `Geolocators` (`glID`, `glHandle`, `glName`, `glDescription`, `glConfiguration`, `glActive`, `glPackage`) VALUES
(1,	'geoplugin',	'geoPlugin',	'',	'{\"url\":\"http:\\/\\/www.geoplugin.net\\/json.gp?ip=[[IP]]\"}',	1,	NULL);

DROP TABLE IF EXISTS `Groups`;
CREATE TABLE `Groups` (
  `gID` int(10) unsigned NOT NULL AUTO_INCREMENT,
  `gName` varchar(128) COLLATE utf8mb4_unicode_ci NOT NULL,
  `gDescription` varchar(255) COLLATE utf8mb4_unicode_ci NOT NULL,
  `gUserExpirationIsEnabled` tinyint(1) NOT NULL DEFAULT '0',
  `gUserExpirationMethod` varchar(12) COLLATE utf8mb4_unicode_ci DEFAULT NULL,
  `gUserExpirationSetDateTime` datetime DEFAULT NULL,
  `gUserExpirationInterval` int(10) unsigned NOT NULL DEFAULT '0',
  `gUserExpirationAction` varchar(20) COLLATE utf8mb4_unicode_ci DEFAULT NULL,
  `gIsBadge` tinyint(1) NOT NULL DEFAULT '0',
  `gBadgeFID` int(10) unsigned NOT NULL DEFAULT '0',
  `gBadgeDescription` varchar(255) COLLATE utf8mb4_unicode_ci DEFAULT NULL,
  `gBadgeCommunityPointValue` int(11) NOT NULL DEFAULT '0',
  `gIsAutomated` tinyint(1) NOT NULL DEFAULT '0',
  `gCheckAutomationOnRegister` tinyint(1) NOT NULL DEFAULT '0',
  `gCheckAutomationOnLogin` tinyint(1) NOT NULL DEFAULT '0',
  `gCheckAutomationOnJobRun` tinyint(1) NOT NULL DEFAULT '0',
  `gPath` text COLLATE utf8mb4_unicode_ci,
  `pkgID` int(10) unsigned NOT NULL DEFAULT '0',
  PRIMARY KEY (`gID`),
  KEY `gName` (`gName`),
  KEY `gBadgeFID` (`gBadgeFID`),
  KEY `pkgID` (`pkgID`),
  KEY `gPath` (`gPath`(255))
) ENGINE=InnoDB DEFAULT CHARSET=utf8mb4 COLLATE=utf8mb4_unicode_ci;

INSERT INTO `Groups` (`gID`, `gName`, `gDescription`, `gUserExpirationIsEnabled`, `gUserExpirationMethod`, `gUserExpirationSetDateTime`, `gUserExpirationInterval`, `gUserExpirationAction`, `gIsBadge`, `gBadgeFID`, `gBadgeDescription`, `gBadgeCommunityPointValue`, `gIsAutomated`, `gCheckAutomationOnRegister`, `gCheckAutomationOnLogin`, `gCheckAutomationOnJobRun`, `gPath`, `pkgID`) VALUES
(1,	'Guest',	'The guest group represents unregistered visitors to your site.',	0,	NULL,	NULL,	0,	NULL,	0,	0,	NULL,	0,	0,	0,	0,	0,	'/Guest',	0),
(2,	'Registered Users',	'The registered users group represents all user accounts.',	0,	NULL,	NULL,	0,	NULL,	0,	0,	NULL,	0,	0,	0,	0,	0,	'/Registered Users',	0),
(3,	'Administrators',	'',	0,	NULL,	NULL,	0,	NULL,	0,	0,	NULL,	0,	0,	0,	0,	0,	'/Administrators',	0);

DROP TABLE IF EXISTS `GroupSetGroups`;
CREATE TABLE `GroupSetGroups` (
  `gID` int(10) unsigned NOT NULL DEFAULT '0',
  `gsID` int(10) unsigned NOT NULL DEFAULT '0',
  PRIMARY KEY (`gID`,`gsID`),
  KEY `gsID` (`gsID`)
) ENGINE=InnoDB DEFAULT CHARSET=utf8mb4 COLLATE=utf8mb4_unicode_ci;


DROP TABLE IF EXISTS `GroupSets`;
CREATE TABLE `GroupSets` (
  `gsID` int(10) unsigned NOT NULL AUTO_INCREMENT,
  `gsName` varchar(255) COLLATE utf8mb4_unicode_ci DEFAULT NULL,
  `pkgID` int(10) unsigned NOT NULL DEFAULT '0',
  PRIMARY KEY (`gsID`),
  KEY `gsName` (`gsName`),
  KEY `pkgID` (`pkgID`,`gsID`)
) ENGINE=InnoDB DEFAULT CHARSET=utf8mb4 COLLATE=utf8mb4_unicode_ci;


DROP TABLE IF EXISTS `IpAccessControlCategories`;
CREATE TABLE `IpAccessControlCategories` (
  `iaccID` int(10) unsigned NOT NULL AUTO_INCREMENT COMMENT 'The IP Access Control Category identifier',
  `iaccHandle` varchar(255) COLLATE utf8mb4_unicode_ci NOT NULL COMMENT 'The IP Access Control handle',
  `iaccName` varchar(255) COLLATE utf8mb4_unicode_ci NOT NULL COMMENT 'The IP Access Control name',
  `iaccEnabled` tinyint(1) NOT NULL COMMENT 'Is this IP Access Control enabled?',
  `iaccMaxEvents` int(10) unsigned NOT NULL COMMENT 'The maximum allowed events in the time window',
  `iaccTimeWindow` int(10) unsigned DEFAULT NULL COMMENT 'The time window (in seconds) where the events should be counted (NULL means no limits)',
  `iaccBanDuration` int(10) unsigned DEFAULT NULL COMMENT 'The duration (in seconds) of the ban when the maximum number of events occur in the time window (NULL means forever)',
  `iaccSiteSpecific` tinyint(1) NOT NULL COMMENT 'Is this IP Access Control Category site-specific?',
  `iaccLogChannel` varchar(255) COLLATE utf8mb4_unicode_ci NOT NULL COMMENT 'The log channel handle',
  `iaccPackage` int(10) unsigned DEFAULT NULL,
  PRIMARY KEY (`iaccID`),
  UNIQUE KEY `UNIQ_D4A1006246B4A747` (`iaccHandle`),
  KEY `IDX_D4A10062C908ED51` (`iaccPackage`),
  CONSTRAINT `FK_D4A10062C908ED51` FOREIGN KEY (`iaccPackage`) REFERENCES `Packages` (`pkgID`) ON DELETE CASCADE
) ENGINE=InnoDB DEFAULT CHARSET=utf8mb4 COLLATE=utf8mb4_unicode_ci COMMENT='List of IP Access Control Categories';

INSERT INTO `IpAccessControlCategories` (`iaccID`, `iaccHandle`, `iaccName`, `iaccEnabled`, `iaccMaxEvents`, `iaccTimeWindow`, `iaccBanDuration`, `iaccSiteSpecific`, `iaccLogChannel`, `iaccPackage`) VALUES
(1,	'failed_login',	'Failed Login Attempts',	1,	5,	300,	600,	1,	'security',	NULL);

DROP TABLE IF EXISTS `IpAccessControlEvents`;
CREATE TABLE `IpAccessControlEvents` (
  `iaceID` int(10) unsigned NOT NULL AUTO_INCREMENT COMMENT 'The IP Access Control Event identifier',
  `iaceIp` varchar(40) COLLATE utf8mb4_unicode_ci NOT NULL COMMENT 'The IP address associated to this event',
  `iaceDateTime` datetime NOT NULL COMMENT 'The date/time when this event occurred',
  `iaceCategory` int(10) unsigned NOT NULL COMMENT 'The IP Access Control Category identifier',
  `iaceSite` int(10) unsigned DEFAULT NULL,
  PRIMARY KEY (`iaceID`),
  KEY `IDX_6C004072E9480668` (`iaceCategory`),
  KEY `IDX_6C004072B0C0DFA7` (`iaceSite`),
  CONSTRAINT `FK_6C004072B0C0DFA7` FOREIGN KEY (`iaceSite`) REFERENCES `Sites` (`siteID`) ON DELETE CASCADE,
  CONSTRAINT `FK_6C004072E9480668` FOREIGN KEY (`iaceCategory`) REFERENCES `IpAccessControlCategories` (`iaccID`) ON DELETE CASCADE
) ENGINE=InnoDB DEFAULT CHARSET=utf8mb4 COLLATE=utf8mb4_unicode_ci COMMENT='List of IP Access Control Events';


DROP TABLE IF EXISTS `IpAccessControlRanges`;
CREATE TABLE `IpAccessControlRanges` (
  `iacrID` int(10) unsigned NOT NULL AUTO_INCREMENT COMMENT 'The IP Access Control Range identifier',
  `iacrIpFrom` varchar(40) COLLATE utf8mb4_unicode_ci NOT NULL COMMENT 'The initial IP address of the range',
  `iacrIpTo` varchar(40) COLLATE utf8mb4_unicode_ci NOT NULL COMMENT 'The final IP address of the range',
  `iacrType` int(10) unsigned NOT NULL COMMENT 'The type of this range',
  `iacrExpiration` datetime DEFAULT NULL COMMENT 'The date/time when this range expires (NULL means no expiration)',
  `iacrCategory` int(10) unsigned NOT NULL COMMENT 'The IP Access Control Category identifier',
  `iacrSite` int(10) unsigned DEFAULT NULL,
  PRIMARY KEY (`iacrID`),
  KEY `IDX_2B1AA65D21E929D0` (`iacrCategory`),
  KEY `IDX_2B1AA65D62009435` (`iacrSite`),
  KEY `IPIntervalExpiration` (`iacrIpFrom`,`iacrIpTo`,`iacrExpiration`),
  CONSTRAINT `FK_2B1AA65D21E929D0` FOREIGN KEY (`iacrCategory`) REFERENCES `IpAccessControlCategories` (`iaccID`) ON DELETE CASCADE,
  CONSTRAINT `FK_2B1AA65D62009435` FOREIGN KEY (`iacrSite`) REFERENCES `Sites` (`siteID`) ON DELETE CASCADE
) ENGINE=InnoDB DEFAULT CHARSET=utf8mb4 COLLATE=utf8mb4_unicode_ci COMMENT='List of IP Access Control Ranges';


DROP TABLE IF EXISTS `Jobs`;
CREATE TABLE `Jobs` (
  `jID` int(10) unsigned NOT NULL AUTO_INCREMENT,
  `jName` varchar(100) COLLATE utf8mb4_unicode_ci NOT NULL,
  `jDescription` varchar(255) COLLATE utf8mb4_unicode_ci NOT NULL,
  `jDateInstalled` datetime DEFAULT NULL,
  `jDateLastRun` datetime DEFAULT NULL,
  `pkgID` int(10) unsigned NOT NULL DEFAULT '0',
  `jLastStatusText` longtext COLLATE utf8mb4_unicode_ci,
  `jLastStatusCode` smallint(6) NOT NULL DEFAULT '0',
  `jStatus` varchar(14) COLLATE utf8mb4_unicode_ci NOT NULL DEFAULT 'ENABLED',
  `jHandle` varchar(255) COLLATE utf8mb4_unicode_ci NOT NULL,
  `jNotUninstallable` smallint(6) NOT NULL DEFAULT '0',
  `isScheduled` smallint(6) NOT NULL DEFAULT '0',
  `scheduledInterval` varchar(255) COLLATE utf8mb4_unicode_ci NOT NULL DEFAULT 'days',
  `scheduledValue` int(11) NOT NULL DEFAULT '0',
  PRIMARY KEY (`jID`),
  UNIQUE KEY `jHandle` (`jHandle`),
  KEY `pkgID` (`pkgID`),
  KEY `isScheduled` (`isScheduled`,`jDateLastRun`,`jID`),
  KEY `jDateLastRun` (`jDateLastRun`,`jID`)
) ENGINE=InnoDB DEFAULT CHARSET=utf8mb4 COLLATE=utf8mb4_unicode_ci;

INSERT INTO `Jobs` (`jID`, `jName`, `jDescription`, `jDateInstalled`, `jDateLastRun`, `pkgID`, `jLastStatusText`, `jLastStatusCode`, `jStatus`, `jHandle`, `jNotUninstallable`, `isScheduled`, `scheduledInterval`, `scheduledValue`) VALUES
(1,	'Index Search Engine - Updates',	'Index the site to allow searching to work quickly and accurately',	'2021-12-05 08:55:30',	NULL,	0,	NULL,	0,	'ENABLED',	'index_search',	1,	0,	'days',	0),
(2,	'Index Search Engine - All',	'Empties the page search index and reindexes all pages.',	'2021-12-05 08:55:30',	NULL,	0,	NULL,	0,	'ENABLED',	'index_search_all',	1,	0,	'days',	0),
(3,	'Check Automated Groups',	'Automatically add users to groups and assign badges.',	'2021-12-05 08:55:30',	NULL,	0,	NULL,	0,	'ENABLED',	'check_automated_groups',	0,	0,	'days',	0),
(4,	'Generate the sitemap.xml file',	'Generate the sitemap.xml file that search engines use to crawl your site.',	'2021-12-05 08:55:30',	NULL,	0,	NULL,	0,	'ENABLED',	'generate_sitemap',	0,	0,	'days',	0),
(5,	'Process Email Posts',	'Polls an email account and grabs private messages/postings that are sent there..',	'2021-12-05 08:55:30',	NULL,	0,	NULL,	0,	'ENABLED',	'process_email',	0,	0,	'days',	0),
(6,	'Remove Old Page Versions',	'Removes all except the 10 most recent page versions for each page.',	'2021-12-05 08:55:30',	NULL,	0,	NULL,	0,	'ENABLED',	'remove_old_page_versions',	0,	0,	'days',	0),
(7,	'Update Gatherings',	'Loads new items into gatherings.',	'2021-12-05 08:55:30',	NULL,	0,	NULL,	0,	'ENABLED',	'update_gatherings',	0,	0,	'days',	0),
(8,	'Update Statistics Trackers',	'Scan the sitemap for file usage and stack usage to update statistics trackers',	'2021-12-05 08:55:30',	NULL,	0,	NULL,	0,	'ENABLED',	'update_statistics',	0,	0,	'days',	0),
(9,	'Fill thumbnail database table',	'Re-populate the thumbnail path database table.',	'2021-12-05 08:55:30',	NULL,	0,	NULL,	0,	'ENABLED',	'fill_thumbnails_table',	0,	0,	'days',	0),
(10,	'Deactivate Users',	'Deactivates users who haven\'t logged in recently, if automatic user deactivation is active.',	'2021-12-05 08:55:30',	NULL,	0,	NULL,	0,	'ENABLED',	'deactivate_users',	0,	0,	'days',	0);

DROP TABLE IF EXISTS `JobSetJobs`;
CREATE TABLE `JobSetJobs` (
  `jsID` int(10) unsigned NOT NULL DEFAULT '0',
  `jID` int(10) unsigned NOT NULL DEFAULT '0',
  `jRunOrder` int(10) unsigned NOT NULL DEFAULT '0',
  PRIMARY KEY (`jsID`,`jID`),
  KEY `jID` (`jID`)
) ENGINE=InnoDB DEFAULT CHARSET=utf8mb4 COLLATE=utf8mb4_unicode_ci;

INSERT INTO `JobSetJobs` (`jsID`, `jID`, `jRunOrder`) VALUES
(1,	1,	0),
(1,	4,	0),
(1,	5,	0),
(1,	6,	0),
(1,	7,	0),
(1,	9,	0),
(1,	10,	0);

DROP TABLE IF EXISTS `JobSets`;
CREATE TABLE `JobSets` (
  `jsID` int(10) unsigned NOT NULL AUTO_INCREMENT,
  `jsName` varchar(128) COLLATE utf8mb4_unicode_ci NOT NULL,
  `pkgID` int(10) unsigned NOT NULL DEFAULT '0',
  `jDateLastRun` datetime DEFAULT NULL,
  `isScheduled` smallint(6) NOT NULL DEFAULT '0',
  `scheduledInterval` varchar(255) COLLATE utf8mb4_unicode_ci NOT NULL DEFAULT 'days',
  `scheduledValue` int(11) NOT NULL DEFAULT '0',
  PRIMARY KEY (`jsID`),
  KEY `pkgID` (`pkgID`),
  KEY `jsName` (`jsName`)
) ENGINE=InnoDB DEFAULT CHARSET=utf8mb4 COLLATE=utf8mb4_unicode_ci;

INSERT INTO `JobSets` (`jsID`, `jsName`, `pkgID`, `jDateLastRun`, `isScheduled`, `scheduledInterval`, `scheduledValue`) VALUES
(1,	'Default',	0,	NULL,	0,	'days',	0);

DROP TABLE IF EXISTS `JobsLog`;
CREATE TABLE `JobsLog` (
  `jlID` int(10) unsigned NOT NULL AUTO_INCREMENT,
  `jID` int(10) unsigned NOT NULL,
  `jlMessage` longtext COLLATE utf8mb4_unicode_ci NOT NULL,
  `jlTimestamp` timestamp NOT NULL DEFAULT CURRENT_TIMESTAMP,
  `jlError` int(11) NOT NULL DEFAULT '0',
  PRIMARY KEY (`jlID`),
  KEY `jID` (`jID`)
) ENGINE=InnoDB DEFAULT CHARSET=utf8mb4 COLLATE=utf8mb4_unicode_ci;


DROP TABLE IF EXISTS `LegacyAttributeKeys`;
CREATE TABLE `LegacyAttributeKeys` (
  `akID` int(10) unsigned NOT NULL,
  PRIMARY KEY (`akID`),
  CONSTRAINT `FK_740BA2BBB6561A7E` FOREIGN KEY (`akID`) REFERENCES `AttributeKeys` (`akID`) ON DELETE CASCADE
) ENGINE=InnoDB DEFAULT CHARSET=utf8mb4 COLLATE=utf8mb4_unicode_ci;


DROP TABLE IF EXISTS `Logs`;
CREATE TABLE `Logs` (
  `logID` int(10) unsigned NOT NULL AUTO_INCREMENT,
  `channel` varchar(255) COLLATE utf8mb4_unicode_ci DEFAULT NULL,
  `time` int(10) unsigned NOT NULL,
  `message` longtext COLLATE utf8mb4_unicode_ci,
  `uID` int(10) unsigned DEFAULT NULL,
  `level` int(11) NOT NULL,
  PRIMARY KEY (`logID`),
  KEY `channel` (`channel`),
  KEY `uID` (`uID`)
) ENGINE=InnoDB DEFAULT CHARSET=utf8mb4 COLLATE=utf8mb4_unicode_ci;

INSERT INTO `Logs` (`logID`, `channel`, `time`, `message`, `uID`, `level`) VALUES
(1,	'operations',	1638680808,	'Clearing cache with CacheClearer::flush().',	1,	250),
(2,	'exceptions',	1638680849,	'Exception Occurred: C:\\laragon\\www\\iacpap\\packages\\asset_pipeline\\controller.php:39 Class \'Concrete\\Package\\AssetPipeline\\Exception\' not found (0)\n',	1,	600),
(3,	'exceptions',	1638681074,	'Exception Occurred: C:\\laragon\\www\\iacpap\\packages\\asset_pipeline\\controller.php:39 Class \'Concrete\\Package\\AssetPipeline\\Exception\' not found (0)\n',	1,	600),
(4,	'exceptions',	1638681083,	'Exception Occurred: C:\\laragon\\www\\iacpap\\packages\\asset_pipeline\\controller.php:39 Class \'Concrete\\Package\\AssetPipeline\\Exception\' not found (0)\n',	1,	600),
(5,	'exceptions',	1638682562,	'Exception Occurred: C:\\laragon\\www\\iacpap\\packages\\asset_pipeline\\controller.php:39 Class \'Concrete\\Package\\AssetPipeline\\Exception\' not found (0)\n',	1,	600),
(6,	'exceptions',	1638685358,	'Exception Occurred: C:\\laragon\\www\\iacpap\\packages\\asset_pipeline\\controller.php:39 Class \'Concrete\\Package\\AssetPipeline\\Exception\' not found (0)\n',	1,	600),
(7,	'exceptions',	1638686704,	'Exception Occurred: C:\\laragon\\www\\iacpap\\packages\\asset_pipeline\\controller.php:39 Class \'Concrete\\Package\\AssetPipeline\\Exception\' not found (0)\n',	1,	600),
(8,	'exceptions',	1638686769,	'Exception Occurred: C:\\laragon\\www\\iacpap\\packages\\asset_pipeline\\controller.php:39 You need to install the composer packages for this add-on before installation! (0)\n',	1,	600),
(9,	'exceptions',	1638686841,	'Exception Occurred: C:\\laragon\\www\\iacpap\\packages\\asset_pipeline\\src\\Asset\\Filter\\Assetic\\JShrinkFilter.php:13 Interface \'Assetic\\Filter\\FilterInterface\' not found (1)\n',	1,	600),
(10,	'exceptions',	1638687600,	'Exception Occurred: C:\\laragon\\www\\iacpap\\packages\\asset_pipeline\\src\\Core\\Original\\Page\\Theme\\Theme.php:14 Cannot use Concrete\\Core\\Foundation\\Object as Object because \'Object\' is a special class name (64)\n',	1,	600),
(11,	'exceptions',	1638691762,	'Exception Occurred: C:\\laragon\\www\\iacpap\\packages\\asset_pipeline\\src\\Core\\Original\\Page\\Theme\\Theme.php:14 Cannot use Concrete\\Core\\Foundation\\Object as Object because \'Object\' is a special class name (64)\n',	1,	600),
(12,	'operations',	1638693233,	'Clearing cache with CacheClearer::flush().',	1,	250),
(13,	'operations',	1638693244,	'Clearing cache with CacheClearer::flush().',	1,	250),
(14,	'exceptions',	1638693434,	'Exception Occurred: C:\\laragon\\www\\iacpap\\packages\\iacpap\\controller.php:47 Class \'Concrete\\Package\\Iacpap\\Src\\Page\\Theme\\GridFramework\\Type\\Bootstrap4\' not found (0)\n',	1,	600),
(15,	'exceptions',	1638693751,	'Exception Occurred: C:\\laragon\\www\\iacpap\\packages\\iacpap\\controller.php:47 Class \'Concrete\\Package\\Iacpap\\Src\\Page\\Theme\\GridFramework\\Type\\Bootstrap4\' not found (0)\n',	1,	600),
(16,	'exceptions',	1638694300,	'Exception Occurred: C:\\laragon\\www\\iacpap\\packages\\iacpap\\controller.php:47 Class \'Concrete\\Package\\Iacpap\\Src\\Page\\Theme\\GridFramework\\Type\\Bootstrap4\' not found (0)\n',	1,	600),
(17,	'exceptions',	1638695270,	'Exception Occurred: C:\\laragon\\www\\iacpap\\packages\\iacpap\\controller.php:47 Class \'Concrete\\Package\\Iacpap\\Src\\Page\\Theme\\GridFramework\\Type\\Bootstrap4\' not found (0)\n',	1,	600),
(18,	'exceptions',	1638696946,	'Exception Occurred: C:\\laragon\\www\\iacpap\\packages\\iacpap\\controller.php:47 Class \'Concrete\\Package\\Iacpap\\Src\\Page\\Theme\\GridFramework\\Type\\Bootstrap4\' not found (0)\n',	1,	600),
(19,	'exceptions',	1638697013,	'Exception Occurred: C:\\laragon\\www\\iacpap\\packages\\iacpap\\controller.php:47 Class \'Concrete\\Package\\Iacpap\\Src\\Page\\Theme\\GridFramework\\Type\\Bootstrap4\' not found (0)\n',	1,	600),
(20,	'exceptions',	1638703290,	'Exception Occurred: C:\\laragon\\www\\iacpap\\concrete\\src\\Asset\\AssetList.php:67 array_merge(): Argument #2 is not an array (2)\n',	1,	600),
(21,	'exceptions',	1638703301,	'Exception Occurred: C:\\laragon\\www\\iacpap\\concrete\\src\\Asset\\AssetList.php:67 array_merge(): Argument #2 is not an array (2)\n',	1,	600),
(22,	'exceptions',	1638703353,	'Exception Occurred: C:\\laragon\\www\\iacpap\\concrete\\src\\Asset\\AssetList.php:67 array_merge(): Argument #2 is not an array (2)\n',	1,	600),
(23,	'authentication',	1638706029,	'Session Invalidated. Session user agent \"Mozilla/5.0 (Windows NT 10.0; Win64; x64) AppleWebKit/537.36 (KHTML, like Gecko) Chrome/96.0.4664.45 Safari/537.36\" did not match provided agent \"Mozilla/5.0 (iPhone; CPU iPhone OS 13_2_3 like Mac OS X) AppleWebKit/605.1.15 (KHTML, like Gecko) Version/13.0.3 Mobile/15E148 Safari/604.1\"',	1,	250),
(24,	'site_organization',	1638944849,	'Page \"content block\" at path \"/!stacks/content-block\" deleted',	1,	250),
(25,	'exceptions',	1638970739,	'Exception Occurred: C:\\laragon\\www\\iacpap\\application\\blocks\\servicesbox\\view.php:20 syntax error, unexpected end of file (0)\n',	1,	600),
(26,	'exceptions',	1638970785,	'Exception Occurred: C:\\laragon\\www\\iacpap\\application\\blocks\\servicesbox\\view.php:20 syntax error, unexpected end of file (0)\n',	1,	600),
(27,	'exceptions',	1640259474,	'Exception Occurred: D:\\laragon\\www\\iacpap\\concrete\\vendor\\doctrine\\dbal\\lib\\Doctrine\\DBAL\\Driver\\PDOConnection.php:47 SQLSTATE[HY000] [2002] No connection could be made because the target machine actively refused it.\r\n (2002)\n',	1,	600),
(28,	'exceptions',	1640680671,	'Exception Occurred: D:\\laragon\\www\\iacpap\\packages\\iacpap\\themes\\bootstrap4_iacpap\\home.php:18 syntax error, unexpected \'section\' (T_STRING), expecting \',\' or \')\' (0)\n',	1,	600),
(29,	'exceptions',	1640680696,	'Exception Occurred: D:\\laragon\\www\\iacpap\\packages\\iacpap\\themes\\bootstrap4_iacpap\\home.php:18 Use of undefined constant services_section - assumed \'services_section\' (this will throw an Error in a future version of PHP) (2)\n',	1,	600),
(30,	'exceptions',	1640680751,	'Exception Occurred: D:\\laragon\\www\\iacpap\\packages\\iacpap\\themes\\bootstrap4_iacpap\\home.php:18 Use of undefined constant services - assumed \'services\' (this will throw an Error in a future version of PHP) (2)\n',	1,	600),
(31,	'exceptions',	1640680763,	'Exception Occurred: D:\\laragon\\www\\iacpap\\packages\\iacpap\\themes\\bootstrap4_iacpap\\home.php:18 Use of undefined constant services - assumed \'services\' (this will throw an Error in a future version of PHP) (2)\n',	1,	600),
(32,	'exceptions',	1640761388,	'Exception Occurred: D:\\laragon\\www\\iacpap\\concrete\\src\\Block\\View\\BlockView.php:248 include(): Filename cannot be empty (2)\n',	1,	600),
(33,	'exceptions',	1640762024,	'Exception Occurred: D:\\laragon\\www\\iacpap\\concrete\\vendor\\illuminate\\container\\Container.php:734 Class  does not exist (-1)\n',	1,	600),
(34,	'exceptions',	1640762036,	'Exception Occurred: D:\\laragon\\www\\iacpap\\concrete\\vendor\\illuminate\\container\\Container.php:734 Class  does not exist (-1)\n',	1,	600),
(35,	'exceptions',	1640763225,	'Exception Occurred: D:\\laragon\\www\\iacpap\\application\\blocks\\workshopcards\\view.php:8 syntax error, unexpected \'<\' (0)\n',	1,	600),
(36,	'exceptions',	1640763463,	'Exception Occurred: D:\\laragon\\www\\iacpap\\application\\blocks\\workshopcards\\view.php:8 Object of class Concrete\\Core\\Entity\\File\\File could not be converted to string (4096)\n',	1,	600),
(37,	'exceptions',	1640763589,	'Exception Occurred: D:\\laragon\\www\\iacpap\\application\\blocks\\workshopcards\\view.php:8 Object of class Concrete\\Core\\Entity\\File\\File could not be converted to string (4096)\n',	1,	600),
(38,	'exceptions',	1640765578,	'Exception Occurred: D:\\laragon\\www\\iacpap\\application\\blocks\\workshopcards\\view.php:8 syntax error, unexpected \'background\' (T_STRING) (0)\n',	1,	600),
(39,	'exceptions',	1640765596,	'Exception Occurred: D:\\laragon\\www\\iacpap\\application\\blocks\\workshopcards\\view.php:8 syntax error, unexpected \'=\' (0)\n',	1,	600),
(40,	'exceptions',	1640766369,	'Exception Occurred: D:\\laragon\\www\\iacpap\\application\\blocks\\workshopcards\\view.php:8 syntax error, unexpected \'=\' (0)\n',	1,	600),
(41,	'exceptions',	1640766602,	'Exception Occurred: D:\\laragon\\www\\iacpap\\application\\blocks\\workshopcards\\view.php:8 syntax error, unexpected \')\' (0)\n',	1,	600),
(42,	'exceptions',	1640767137,	'Exception Occurred: D:\\laragon\\www\\iacpap\\application\\blocks\\workshopcards\\view.php:8 Object of class Concrete\\Core\\Entity\\File\\File could not be converted to string (4096)\n',	1,	600),
(43,	'exceptions',	1640767823,	'Exception Occurred: D:\\laragon\\www\\iacpap\\application\\blocks\\workshopcards\\view.php:2 Call to a member function make() on null (0)\n',	1,	600),
(44,	'exceptions',	1640767906,	'Exception Occurred: D:\\laragon\\www\\iacpap\\application\\blocks\\workshopcards\\view.php:2 Call to a member function make() on null (0)\n',	1,	600),
(45,	'exceptions',	1640767928,	'Exception Occurred: D:\\laragon\\www\\iacpap\\application\\blocks\\workshopcards\\view.php:2 Call to a member function make() on null (0)\n',	1,	600),
(46,	'exceptions',	1640769891,	'Exception Occurred: D:\\laragon\\www\\iacpap\\application\\blocks\\workshopcards\\view.php:8 Object of class Concrete\\Core\\Entity\\File\\File could not be converted to string (4096)\n',	1,	600),
(47,	'exceptions',	1640769894,	'Exception Occurred: D:\\laragon\\www\\iacpap\\application\\blocks\\workshopcards\\view.php:8 Object of class Concrete\\Core\\Entity\\File\\File could not be converted to string (4096)\n',	1,	600),
(48,	'exceptions',	1640778041,	'Exception Occurred: D:\\laragon\\www\\iacpap\\concrete\\src\\Area\\Area.php:140 Too few arguments to function Concrete\\Core\\Area\\Area::setAreaGridMaximumColumns(), 0 passed in D:\\laragon\\www\\iacpap\\packages\\iacpap\\themes\\bootstrap4_iacpap\\home.php on line 91 and exactly 1 expected (0)\n',	1,	600),
(49,	'exceptions',	1640848678,	'Exception Occurred: D:\\laragon\\www\\iacpap\\packages\\asset_pipeline\\vendor\\leafo\\scssphp\\src\\Parser.php:119 unclosed block: failed at `` (stdin) on line 1408 (0)\n',	1,	600),
(50,	'authentication',	1640848735,	'Session Invalidated. Session user agent \"Mozilla/5.0 (Windows NT 10.0; Win64; x64) AppleWebKit/537.36 (KHTML, like Gecko) Chrome/96.0.4664.110 Safari/537.36\" did not match provided agent \"Mozilla/5.0 (iPhone; CPU iPhone OS 13_2_3 like Mac OS X) AppleWebKit/605.1.15 (KHTML, like Gecko) Version/13.0.3 Mobile/15E148 Safari/604.1\"',	1,	250),
(51,	'authentication',	1640848764,	'Session Invalidated. Session user agent \"Mozilla/5.0 (iPhone; CPU iPhone OS 13_2_3 like Mac OS X) AppleWebKit/605.1.15 (KHTML, like Gecko) Version/13.0.3 Mobile/15E148 Safari/604.1\" did not match provided agent \"Mozilla/5.0 (Windows NT 10.0; Win64; x64) AppleWebKit/537.36 (KHTML, like Gecko) Chrome/96.0.4664.110 Safari/537.36\"',	1,	250),
(52,	'exceptions',	1640848764,	'Exception Occurred: D:\\laragon\\www\\iacpap\\concrete\\vendor\\symfony\\http-foundation\\Session\\Storage\\NativeSessionStorage.php:226 session_regenerate_id(): Session object destruction failed.  ID: user (path: D:/laragon/tmp) (2)\n',	0,	600),
(53,	'authentication',	1640848765,	'Session Invalidated. Session user agent \"Mozilla/5.0 (iPhone; CPU iPhone OS 13_2_3 like Mac OS X) AppleWebKit/605.1.15 (KHTML, like Gecko) Version/13.0.3 Mobile/15E148 Safari/604.1\" did not match provided agent \"Mozilla/5.0 (Windows NT 10.0; Win64; x64) AppleWebKit/537.36 (KHTML, like Gecko) Chrome/96.0.4664.110 Safari/537.36\"',	1,	250),
(54,	'exceptions',	1641027422,	'Exception Occurred: D:\\laragon\\www\\iacpap\\concrete\\vendor\\illuminate\\container\\Container.php:734 Class  does not exist (-1)\n',	1,	600),
(55,	'exceptions',	1641027431,	'Exception Occurred: D:\\laragon\\www\\iacpap\\concrete\\vendor\\illuminate\\container\\Container.php:734 Class  does not exist (-1)\n',	1,	600),
(56,	'exceptions',	1641027471,	'Exception Occurred: D:\\laragon\\www\\iacpap\\concrete\\vendor\\illuminate\\container\\Container.php:734 Class  does not exist (-1)\n',	1,	600),
(57,	'exceptions',	1641287302,	'Exception Occurred: D:\\laragon\\www\\iacpap\\application\\blocks\\explore_cards\\view.php:24 syntax error, unexpected \'?\' (0)\n',	1,	600),
(58,	'exceptions',	1641287344,	'Exception Occurred: D:\\laragon\\www\\iacpap\\application\\blocks\\explore_cards\\view.php:24 syntax error, unexpected \'?\' (0)\n',	1,	600),
(59,	'exceptions',	1641289310,	'Exception Occurred: D:\\laragon\\www\\iacpap\\application\\blocks\\explore_card\\view.php:14 syntax error, unexpected \'$btn_c\' (T_VARIABLE), expecting \',\' or \';\' (0)\n',	1,	600),
(60,	'exceptions',	1641289334,	'Exception Occurred: D:\\laragon\\www\\iacpap\\application\\blocks\\explore_card\\view.php:14 syntax error, unexpected \'/\' (0)\n',	1,	600),
(61,	'exceptions',	1641289349,	'Exception Occurred: D:\\laragon\\www\\iacpap\\application\\blocks\\explore_card\\view.php:14 syntax error, unexpected \'\'\">\'\' (T_CONSTANT_ENCAPSED_STRING), expecting \',\' or \';\' (0)\n',	1,	600),
(62,	'exceptions',	1641289369,	'Exception Occurred: D:\\laragon\\www\\iacpap\\application\\blocks\\explore_card\\view.php:14 syntax error, unexpected \'\'\">\'\' (T_CONSTANT_ENCAPSED_STRING), expecting \',\' or \';\' (0)\n',	1,	600),
(63,	'exceptions',	1641291104,	'Exception Occurred: D:\\laragon\\www\\iacpap\\application\\blocks\\explore_card\\view.php:14 syntax error, unexpected \'class\' (T_CLASS) (0)\n',	1,	600),
(64,	'authentication',	1641299559,	'Session Invalidated. Session user agent \"Mozilla/5.0 (Windows NT 10.0; Win64; x64) AppleWebKit/537.36 (KHTML, like Gecko) Chrome/96.0.4664.110 Safari/537.36\" did not match provided agent \"Mozilla/5.0 (iPhone; CPU iPhone OS 13_2_3 like Mac OS X) AppleWebKit/605.1.15 (KHTML, like Gecko) Version/13.0.3 Mobile/15E148 Safari/604.1\"',	1,	250);

DROP TABLE IF EXISTS `MailImporters`;
CREATE TABLE `MailImporters` (
  `miID` int(10) unsigned NOT NULL AUTO_INCREMENT,
  `miHandle` varchar(64) COLLATE utf8mb4_unicode_ci NOT NULL,
  `miServer` varchar(255) COLLATE utf8mb4_unicode_ci DEFAULT NULL,
  `miUsername` varchar(255) COLLATE utf8mb4_unicode_ci DEFAULT NULL,
  `miPassword` varchar(255) COLLATE utf8mb4_unicode_ci DEFAULT NULL,
  `miEncryption` varchar(32) COLLATE utf8mb4_unicode_ci DEFAULT NULL,
  `miIsEnabled` tinyint(1) NOT NULL DEFAULT '0',
  `miEmail` varchar(255) COLLATE utf8mb4_unicode_ci DEFAULT NULL,
  `miPort` int(10) unsigned NOT NULL DEFAULT '0',
  `pkgID` int(10) unsigned DEFAULT NULL,
  `miConnectionMethod` varchar(8) COLLATE utf8mb4_unicode_ci DEFAULT 'POP',
  PRIMARY KEY (`miID`),
  UNIQUE KEY `miHandle` (`miHandle`),
  KEY `pkgID` (`pkgID`,`miID`)
) ENGINE=InnoDB DEFAULT CHARSET=utf8mb4 COLLATE=utf8mb4_unicode_ci;

INSERT INTO `MailImporters` (`miID`, `miHandle`, `miServer`, `miUsername`, `miPassword`, `miEncryption`, `miIsEnabled`, `miEmail`, `miPort`, `pkgID`, `miConnectionMethod`) VALUES
(1,	'private_message',	'',	NULL,	NULL,	NULL,	0,	'',	0,	0,	'POP');

DROP TABLE IF EXISTS `MailValidationHashes`;
CREATE TABLE `MailValidationHashes` (
  `mvhID` int(10) unsigned NOT NULL AUTO_INCREMENT,
  `miID` int(10) unsigned NOT NULL DEFAULT '0',
  `email` varchar(254) COLLATE utf8mb4_unicode_ci NOT NULL,
  `mHash` varchar(128) COLLATE utf8mb4_unicode_ci NOT NULL,
  `mDateGenerated` int(10) unsigned NOT NULL DEFAULT '0',
  `mDateRedeemed` int(10) unsigned NOT NULL DEFAULT '0',
  `data` text COLLATE utf8mb4_unicode_ci,
  PRIMARY KEY (`mvhID`),
  UNIQUE KEY `mHash` (`mHash`),
  KEY `miID` (`miID`)
) ENGINE=InnoDB DEFAULT CHARSET=utf8mb4 COLLATE=utf8mb4_unicode_ci;


DROP TABLE IF EXISTS `MultilingualPageRelations`;
CREATE TABLE `MultilingualPageRelations` (
  `mpLocale` varchar(32) COLLATE utf8mb4_unicode_ci NOT NULL,
  `mpLanguage` varchar(32) COLLATE utf8mb4_unicode_ci DEFAULT NULL,
  `mpRelationID` int(10) unsigned NOT NULL,
  `cID` int(10) unsigned NOT NULL,
  PRIMARY KEY (`mpRelationID`,`cID`)
) ENGINE=InnoDB DEFAULT CHARSET=utf8mb4 COLLATE=utf8mb4_unicode_ci;


DROP TABLE IF EXISTS `MultilingualTranslations`;
CREATE TABLE `MultilingualTranslations` (
  `mtID` int(10) unsigned NOT NULL AUTO_INCREMENT,
  `mtSectionID` int(10) unsigned NOT NULL DEFAULT '0',
  `msgid` text COLLATE utf8mb4_unicode_ci NOT NULL,
  `msgidPlural` text COLLATE utf8mb4_unicode_ci,
  `msgstr` text COLLATE utf8mb4_unicode_ci,
  `msgstrPlurals` text COLLATE utf8mb4_unicode_ci,
  `context` text COLLATE utf8mb4_unicode_ci,
  `comments` text COLLATE utf8mb4_unicode_ci,
  `reference` text COLLATE utf8mb4_unicode_ci,
  `flags` text COLLATE utf8mb4_unicode_ci,
  `updated` datetime DEFAULT NULL,
  PRIMARY KEY (`mtID`)
) ENGINE=InnoDB DEFAULT CHARSET=utf8mb4 COLLATE=utf8mb4_unicode_ci;


DROP TABLE IF EXISTS `NotificationAlerts`;
CREATE TABLE `NotificationAlerts` (
  `naID` int(10) unsigned NOT NULL AUTO_INCREMENT,
  `naIsArchived` tinyint(1) NOT NULL,
  `uID` int(10) unsigned DEFAULT NULL,
  `nID` int(10) unsigned DEFAULT NULL,
  PRIMARY KEY (`naID`),
  KEY `IDX_E11C7408FD71026C` (`uID`),
  KEY `IDX_E11C7408ED024EFD` (`nID`),
  CONSTRAINT `FK_E11C7408ED024EFD` FOREIGN KEY (`nID`) REFERENCES `Notifications` (`nID`),
  CONSTRAINT `FK_E11C7408FD71026C` FOREIGN KEY (`uID`) REFERENCES `Users` (`uID`)
) ENGINE=InnoDB DEFAULT CHARSET=utf8mb4 COLLATE=utf8mb4_unicode_ci;


DROP TABLE IF EXISTS `NotificationPermissionSubscriptionList`;
CREATE TABLE `NotificationPermissionSubscriptionList` (
  `paID` int(10) unsigned NOT NULL DEFAULT '0',
  `peID` int(10) unsigned NOT NULL DEFAULT '0',
  `permission` varchar(1) COLLATE utf8mb4_unicode_ci NOT NULL DEFAULT '1',
  PRIMARY KEY (`paID`,`peID`),
  KEY `peID` (`peID`)
) ENGINE=InnoDB DEFAULT CHARSET=utf8mb4 COLLATE=utf8mb4_unicode_ci;


DROP TABLE IF EXISTS `NotificationPermissionSubscriptionListCustom`;
CREATE TABLE `NotificationPermissionSubscriptionListCustom` (
  `paID` int(10) unsigned NOT NULL DEFAULT '0',
  `peID` int(10) unsigned NOT NULL DEFAULT '0',
  `nSubscriptionIdentifier` varchar(255) COLLATE utf8mb4_unicode_ci NOT NULL,
  PRIMARY KEY (`paID`,`peID`,`nSubscriptionIdentifier`),
  KEY `peID` (`peID`),
  KEY `nSubscriptionIdentifier` (`nSubscriptionIdentifier`)
) ENGINE=InnoDB DEFAULT CHARSET=utf8mb4 COLLATE=utf8mb4_unicode_ci;


DROP TABLE IF EXISTS `Notifications`;
CREATE TABLE `Notifications` (
  `nID` int(10) unsigned NOT NULL AUTO_INCREMENT,
  `nDate` datetime NOT NULL,
  `type` varchar(255) COLLATE utf8mb4_unicode_ci NOT NULL,
  PRIMARY KEY (`nID`)
) ENGINE=InnoDB DEFAULT CHARSET=utf8mb4 COLLATE=utf8mb4_unicode_ci;


DROP TABLE IF EXISTS `OAuth2AccessToken`;
CREATE TABLE `OAuth2AccessToken` (
  `identifier` char(36) COLLATE utf8mb4_unicode_ci NOT NULL COMMENT '(DC2Type:guid)',
  `client` char(36) COLLATE utf8mb4_unicode_ci DEFAULT NULL COMMENT '(DC2Type:guid)',
  `expiryDateTime` datetime NOT NULL,
  `userIdentifier` int(10) unsigned DEFAULT NULL,
  `scopes` longtext COLLATE utf8mb4_unicode_ci NOT NULL COMMENT '(DC2Type:json_array)',
  PRIMARY KEY (`identifier`),
  KEY `IDX_60D69F3FC7440455` (`client`),
  CONSTRAINT `FK_60D69F3FC7440455` FOREIGN KEY (`client`) REFERENCES `OAuth2Client` (`identifier`)
) ENGINE=InnoDB DEFAULT CHARSET=utf8mb4 COLLATE=utf8mb4_unicode_ci;


DROP TABLE IF EXISTS `OAuth2AuthCode`;
CREATE TABLE `OAuth2AuthCode` (
  `identifier` char(36) COLLATE utf8mb4_unicode_ci NOT NULL COMMENT '(DC2Type:guid)',
  `client` char(36) COLLATE utf8mb4_unicode_ci DEFAULT NULL COMMENT '(DC2Type:guid)',
  `scopes` longtext COLLATE utf8mb4_unicode_ci NOT NULL COMMENT '(DC2Type:json_array)',
  `expiryDateTime` datetime NOT NULL,
  `userIdentifier` int(10) unsigned NOT NULL,
  PRIMARY KEY (`identifier`),
  KEY `IDX_29D07B5C7440455` (`client`),
  CONSTRAINT `FK_29D07B5C7440455` FOREIGN KEY (`client`) REFERENCES `OAuth2Client` (`identifier`)
) ENGINE=InnoDB DEFAULT CHARSET=utf8mb4 COLLATE=utf8mb4_unicode_ci;


DROP TABLE IF EXISTS `OAuth2Client`;
CREATE TABLE `OAuth2Client` (
  `identifier` char(36) COLLATE utf8mb4_unicode_ci NOT NULL COMMENT '(DC2Type:guid)',
  `name` varchar(255) COLLATE utf8mb4_unicode_ci NOT NULL,
  `redirectUri` varchar(255) COLLATE utf8mb4_unicode_ci NOT NULL,
  `clientKey` varchar(255) COLLATE utf8mb4_unicode_ci NOT NULL,
  `clientSecret` varchar(255) COLLATE utf8mb4_unicode_ci NOT NULL,
  `consentType` int(10) unsigned NOT NULL,
  PRIMARY KEY (`identifier`),
  UNIQUE KEY `client_idx` (`clientKey`,`clientSecret`)
) ENGINE=InnoDB DEFAULT CHARSET=utf8mb4 COLLATE=utf8mb4_unicode_ci;


DROP TABLE IF EXISTS `OAuth2RefreshToken`;
CREATE TABLE `OAuth2RefreshToken` (
  `identifier` char(36) COLLATE utf8mb4_unicode_ci NOT NULL COMMENT '(DC2Type:guid)',
  `expiryDateTime` datetime NOT NULL,
  `accessToken` char(36) COLLATE utf8mb4_unicode_ci DEFAULT NULL COMMENT '(DC2Type:guid)',
  PRIMARY KEY (`identifier`),
  UNIQUE KEY `UNIQ_A205CB8350A9822` (`accessToken`),
  CONSTRAINT `FK_A205CB8350A9822` FOREIGN KEY (`accessToken`) REFERENCES `OAuth2AccessToken` (`identifier`) ON DELETE SET NULL
) ENGINE=InnoDB DEFAULT CHARSET=utf8mb4 COLLATE=utf8mb4_unicode_ci;


DROP TABLE IF EXISTS `OAuth2Scope`;
CREATE TABLE `OAuth2Scope` (
  `identifier` varchar(255) COLLATE utf8mb4_unicode_ci NOT NULL,
  `description` varchar(255) COLLATE utf8mb4_unicode_ci NOT NULL,
  PRIMARY KEY (`identifier`)
) ENGINE=InnoDB DEFAULT CHARSET=utf8mb4 COLLATE=utf8mb4_unicode_ci;

INSERT INTO `OAuth2Scope` (`identifier`, `description`) VALUES
('account:read',	'Read information about the remotely authenticated user.'),
('files:read',	'Read detailed information about uploaded files.'),
('openid',	'Remotely authenticate into concrete5.'),
('site:trees:read',	'Read information about system site trees.'),
('system:info:read',	'Read detailed information about the system.');

DROP TABLE IF EXISTS `OauthUserMap`;
CREATE TABLE `OauthUserMap` (
  `user_id` int(10) unsigned NOT NULL,
  `namespace` varchar(255) COLLATE utf8mb4_unicode_ci NOT NULL,
  `binding` varchar(255) COLLATE utf8mb4_unicode_ci NOT NULL,
  PRIMARY KEY (`user_id`,`namespace`),
  UNIQUE KEY `oauth_binding` (`binding`,`namespace`)
) ENGINE=InnoDB DEFAULT CHARSET=utf8mb4 COLLATE=utf8mb4_unicode_ci;


DROP TABLE IF EXISTS `Packages`;
CREATE TABLE `Packages` (
  `pkgID` int(10) unsigned NOT NULL AUTO_INCREMENT,
  `pkgHandle` varchar(255) COLLATE utf8mb4_unicode_ci NOT NULL,
  `pkgVersion` varchar(255) COLLATE utf8mb4_unicode_ci NOT NULL,
  `pkgIsInstalled` tinyint(1) NOT NULL,
  `pkgAvailableVersion` varchar(255) COLLATE utf8mb4_unicode_ci DEFAULT NULL,
  `pkgDescription` longtext COLLATE utf8mb4_unicode_ci NOT NULL,
  `pkgDateInstalled` datetime NOT NULL,
  `pkgName` varchar(255) COLLATE utf8mb4_unicode_ci DEFAULT NULL,
  PRIMARY KEY (`pkgID`),
  UNIQUE KEY `UNIQ_62C3A2F1F2D49DB1` (`pkgHandle`)
) ENGINE=InnoDB DEFAULT CHARSET=utf8mb4 COLLATE=utf8mb4_unicode_ci;

INSERT INTO `Packages` (`pkgID`, `pkgHandle`, `pkgVersion`, `pkgIsInstalled`, `pkgAvailableVersion`, `pkgDescription`, `pkgDateInstalled`, `pkgName`) VALUES
(2,	'asset_pipeline',	'0.0.2',	1,	NULL,	'Provides easy to use way to manage and build assets in concrete5.',	'2021-12-05 12:18:40',	'Asset Pipeline'),
(6,	'iacpap',	'0.0.1',	1,	NULL,	'Provides a Bootstrap 4 IACPAP theme built with SCSS for concrete5. Uses the Asset Pipeline package for the asset preprocessing.',	'2021-12-05 12:51:03',	'Bootstrap 4 IACPAP Theme'),
(7,	'block_designer',	'3.2.1',	1,	NULL,	'Design your own content blocks within a few clicks!',	'2021-12-08 10:31:48',	'Block Designer'),
(8,	'block_designer_pro',	'3.0.0',	1,	NULL,	'Extra field types/features on top of the \'Block Designer\' Add-On',	'2021-12-08 10:32:05',	'Block Designer Pro'),
(9,	'ig_spacer',	'0.9.4',	1,	NULL,	'Adds space between blocks without coding. For more addons and themes <a href=\"http://concrete5.iglobalweb.com\" target=\"_blank\">concrete5.iglobalweb.com</a>',	'2021-12-30 15:42:15',	'Spacer');

DROP TABLE IF EXISTS `PageFeeds`;
CREATE TABLE `PageFeeds` (
  `checkPagePermissions` tinyint(1) NOT NULL,
  `customTopicAttributeKeyHandle` varchar(255) COLLATE utf8mb4_unicode_ci DEFAULT NULL,
  `customTopicTreeNodeID` int(10) unsigned NOT NULL,
  `iconFID` int(10) unsigned NOT NULL,
  `pfDescription` varchar(255) COLLATE utf8mb4_unicode_ci NOT NULL,
  `pfHandle` varchar(255) COLLATE utf8mb4_unicode_ci NOT NULL,
  `pfTitle` varchar(255) COLLATE utf8mb4_unicode_ci NOT NULL,
  `pfID` int(10) unsigned NOT NULL AUTO_INCREMENT,
  `cParentID` int(10) unsigned NOT NULL,
  `ptID` int(10) unsigned NOT NULL,
  `pfIncludeAllDescendents` tinyint(1) NOT NULL,
  `pfDisplayAliases` tinyint(1) NOT NULL,
  `pfContentToDisplay` varchar(255) COLLATE utf8mb4_unicode_ci NOT NULL,
  `pfAreaHandleToDisplay` varchar(255) COLLATE utf8mb4_unicode_ci DEFAULT NULL,
  `pfDisplayFeaturedOnly` tinyint(1) NOT NULL,
  PRIMARY KEY (`pfID`)
) ENGINE=InnoDB DEFAULT CHARSET=utf8mb4 COLLATE=utf8mb4_unicode_ci;

INSERT INTO `PageFeeds` (`checkPagePermissions`, `customTopicAttributeKeyHandle`, `customTopicTreeNodeID`, `iconFID`, `pfDescription`, `pfHandle`, `pfTitle`, `pfID`, `cParentID`, `ptID`, `pfIncludeAllDescendents`, `pfDisplayAliases`, `pfContentToDisplay`, `pfAreaHandleToDisplay`, `pfDisplayFeaturedOnly`) VALUES
(1,	NULL,	0,	0,	'concrete5 Blog',	'blog',	'Blog',	1,	199,	6,	0,	0,	'S',	NULL,	0);

DROP TABLE IF EXISTS `PagePaths`;
CREATE TABLE `PagePaths` (
  `cPath` longtext COLLATE utf8mb4_unicode_ci NOT NULL,
  `ppID` int(11) NOT NULL AUTO_INCREMENT,
  `cID` int(10) unsigned NOT NULL,
  `ppIsCanonical` tinyint(1) NOT NULL,
  `ppGeneratedFromURLSlugs` tinyint(1) NOT NULL,
  PRIMARY KEY (`ppID`),
  KEY `ppIsCanonical` (`ppIsCanonical`),
  KEY `cID` (`cID`)
) ENGINE=InnoDB DEFAULT CHARSET=utf8mb4 COLLATE=utf8mb4_unicode_ci;

INSERT INTO `PagePaths` (`cPath`, `ppID`, `cID`, `ppIsCanonical`, `ppGeneratedFromURLSlugs`) VALUES
('/dashboard',	1,	2,	1,	1),
('/dashboard/sitemap',	2,	3,	1,	1),
('/dashboard/sitemap/full',	3,	4,	1,	1),
('/dashboard/sitemap/explore',	4,	5,	1,	1),
('/dashboard/sitemap/search',	5,	6,	1,	1),
('/dashboard/files',	6,	7,	1,	1),
('/dashboard/files/search',	7,	8,	1,	1),
('/dashboard/files/attributes',	8,	9,	1,	1),
('/dashboard/files/sets',	9,	10,	1,	1),
('/dashboard/files/add_set',	10,	11,	1,	1),
('/dashboard/users',	11,	12,	1,	1),
('/dashboard/users/search',	12,	13,	1,	1),
('/dashboard/users/groups',	13,	14,	1,	1),
('/dashboard/users/groups/message',	14,	15,	1,	1),
('/dashboard/users/attributes',	15,	16,	1,	1),
('/dashboard/users/add',	16,	17,	1,	1),
('/dashboard/users/add_group',	17,	18,	1,	1),
('/dashboard/users/groups/bulkupdate',	18,	19,	1,	1),
('/dashboard/users/group_sets',	19,	20,	1,	1),
('/dashboard/users/points',	20,	21,	1,	1),
('/dashboard/users/points/assign',	21,	22,	1,	1),
('/dashboard/users/points/actions',	22,	23,	1,	1),
('/dashboard/express',	23,	24,	1,	1),
('/dashboard/express/entries',	24,	25,	1,	1),
('/dashboard/reports',	25,	26,	1,	1),
('/dashboard/reports/forms',	26,	27,	1,	1),
('/dashboard/reports/forms/legacy',	27,	28,	1,	1),
('/dashboard/reports/surveys',	28,	29,	1,	1),
('/dashboard/reports/logs',	29,	30,	1,	1),
('/dashboard/reports/page_changes',	30,	31,	1,	1),
('/dashboard/pages',	31,	32,	1,	1),
('/dashboard/pages/themes',	32,	33,	1,	1),
('/dashboard/pages/themes/inspect',	33,	34,	1,	1),
('/dashboard/pages/types',	34,	35,	1,	1),
('/dashboard/pages/types/organize',	35,	36,	1,	1),
('/dashboard/pages/types/add',	36,	37,	1,	1),
('/dashboard/pages/types/form',	37,	38,	1,	1),
('/dashboard/pages/types/output',	38,	39,	1,	1),
('/dashboard/pages/types/attributes',	39,	40,	1,	1),
('/dashboard/pages/types/permissions',	40,	41,	1,	1),
('/dashboard/pages/templates',	41,	42,	1,	1),
('/dashboard/pages/templates/add',	42,	43,	1,	1),
('/dashboard/pages/attributes',	43,	44,	1,	1),
('/dashboard/pages/single',	44,	45,	1,	1),
('/dashboard/pages/feeds',	45,	46,	1,	1),
('/dashboard/calendar',	46,	47,	1,	1),
('/dashboard/calendar/events',	47,	48,	1,	1),
('/dashboard/calendar/event_list',	48,	49,	1,	1),
('/dashboard/calendar/add',	49,	50,	1,	1),
('/dashboard/calendar/permissions',	50,	51,	1,	1),
('/dashboard/calendar/attributes',	51,	52,	1,	1),
('/dashboard/conversations',	52,	53,	1,	1),
('/dashboard/conversations/messages',	53,	54,	1,	1),
('/dashboard/blocks',	54,	55,	1,	1),
('/dashboard/blocks/stacks',	55,	56,	1,	1),
('/dashboard/blocks/permissions',	56,	57,	1,	1),
('/dashboard/blocks/stacks/list',	57,	58,	1,	1),
('/dashboard/blocks/types',	58,	59,	1,	1),
('/dashboard/extend',	59,	60,	1,	1),
('/dashboard/extend/install',	60,	61,	1,	1),
('/dashboard/extend/update',	61,	62,	1,	1),
('/dashboard/extend/connect',	62,	63,	1,	1),
('/dashboard/extend/themes',	63,	64,	1,	1),
('/dashboard/extend/addons',	64,	65,	1,	1),
('/dashboard/system',	65,	66,	1,	1),
('/dashboard/system/basics',	66,	67,	1,	1),
('/dashboard/system/basics/name',	67,	68,	1,	1),
('/dashboard/system/basics/accessibility',	68,	69,	1,	1),
('/dashboard/system/basics/social',	69,	70,	1,	1),
('/dashboard/system/basics/icons',	70,	71,	1,	1),
('/dashboard/system/basics/editor',	71,	72,	1,	1),
('/dashboard/system/basics/multilingual',	72,	73,	1,	1),
('/dashboard/system/basics/multilingual/update',	73,	74,	1,	1),
('/dashboard/system/basics/timezone',	74,	75,	1,	1),
('/dashboard/system/basics/attributes',	75,	76,	1,	1),
('/dashboard/system/basics/reset_edit_mode',	76,	77,	1,	1),
('/dashboard/system/express',	77,	78,	1,	1),
('/dashboard/system/express/entities',	78,	79,	1,	1),
('/dashboard/system/express/entities/attributes',	79,	80,	1,	1),
('/dashboard/system/express/entities/associations',	80,	81,	1,	1),
('/dashboard/system/express/entities/forms',	81,	82,	1,	1),
('/dashboard/system/express/entities/customize_search',	82,	83,	1,	1),
('/dashboard/system/express/entities/order_entries',	83,	84,	1,	1),
('/dashboard/system/express/entries',	84,	85,	1,	1),
('/dashboard/system/multisite',	85,	86,	1,	1),
('/dashboard/system/multisite/sites',	86,	87,	1,	1),
('/dashboard/system/multisite/types',	87,	88,	1,	1),
('/dashboard/system/multisite/settings',	88,	89,	1,	1),
('/dashboard/system/multilingual',	89,	90,	1,	1),
('/dashboard/system/multilingual/setup',	90,	91,	1,	1),
('/dashboard/system/multilingual/copy',	91,	92,	1,	1),
('/dashboard/system/multilingual/page_report',	92,	93,	1,	1),
('/dashboard/system/multilingual/translate_interface',	93,	94,	1,	1),
('/dashboard/system/seo',	94,	95,	1,	1),
('/dashboard/system/seo/urls',	95,	96,	1,	1),
('/dashboard/system/seo/bulk',	96,	97,	1,	1),
('/dashboard/system/seo/codes',	97,	98,	1,	1),
('/dashboard/system/seo/excluded',	98,	99,	1,	1),
('/dashboard/system/seo/searchindex',	99,	100,	1,	1),
('/dashboard/system/files',	100,	101,	1,	1),
('/dashboard/system/files/filetypes',	101,	102,	1,	1),
('/dashboard/system/files/permissions',	102,	103,	1,	1),
('/dashboard/system/files/thumbnails',	103,	104,	1,	1),
('/dashboard/system/files/thumbnails/options',	104,	105,	1,	1),
('/dashboard/system/files/image_uploading',	105,	106,	1,	1),
('/dashboard/system/files/storage',	106,	107,	1,	1),
('/dashboard/system/files/export_options',	107,	108,	1,	1),
('/dashboard/system/optimization',	108,	109,	1,	1),
('/dashboard/system/optimization/cache',	109,	110,	1,	1),
('/dashboard/system/optimization/clearcache',	110,	111,	1,	1),
('/dashboard/system/optimization/jobs',	111,	112,	1,	1),
('/dashboard/system/permissions',	112,	113,	1,	1),
('/dashboard/system/permissions/site',	113,	114,	1,	1),
('/dashboard/system/permissions/tasks',	114,	115,	1,	1),
('/dashboard/system/permissions/users',	115,	116,	1,	1),
('/dashboard/system/permissions/advanced',	116,	117,	1,	1),
('/dashboard/system/permissions/workflows',	117,	118,	1,	1),
('/dashboard/system/permissions/blacklist',	118,	119,	1,	1),
('/dashboard/system/permissions/blacklist/configure',	119,	120,	1,	1),
('/dashboard/system/permissions/blacklist/range',	120,	121,	1,	1),
('/dashboard/system/permissions/captcha',	121,	122,	1,	1),
('/dashboard/system/permissions/antispam',	122,	123,	1,	1),
('/dashboard/system/permissions/maintenance',	123,	124,	1,	1),
('/dashboard/system/permissions/trusted_proxies',	124,	125,	1,	1),
('/dashboard/system/registration',	125,	126,	1,	1),
('/dashboard/system/registration/open',	126,	127,	1,	1),
('/dashboard/system/registration/postlogin',	127,	128,	1,	1),
('/dashboard/system/registration/profiles',	128,	129,	1,	1),
('/dashboard/system/registration/authentication',	129,	130,	1,	1),
('/dashboard/system/registration/global_password_reset',	130,	131,	1,	1),
('/dashboard/system/registration/notification',	131,	132,	1,	1),
('/dashboard/system/registration/deactivation',	132,	133,	1,	1),
('/dashboard/system/registration/automated_logout',	133,	134,	1,	1),
('/dashboard/system/registration/password_requirements',	134,	135,	1,	1),
('/dashboard/system/registration/session_options',	135,	136,	1,	1),
('/dashboard/system/mail',	136,	137,	1,	1),
('/dashboard/system/mail/method',	137,	138,	1,	1),
('/dashboard/system/mail/method/test',	138,	139,	1,	1),
('/dashboard/system/mail/importers',	139,	140,	1,	1),
('/dashboard/system/mail/addresses',	140,	141,	1,	1),
('/dashboard/system/calendar',	141,	142,	1,	1),
('/dashboard/system/calendar/settings',	142,	143,	1,	1),
('/dashboard/system/calendar/colors',	143,	144,	1,	1),
('/dashboard/system/calendar/permissions',	144,	145,	1,	1),
('/dashboard/system/calendar/import',	145,	146,	1,	1),
('/dashboard/system/conversations',	146,	147,	1,	1),
('/dashboard/system/conversations/settings',	147,	148,	1,	1),
('/dashboard/system/conversations/points',	148,	149,	1,	1),
('/dashboard/system/conversations/bannedwords',	149,	150,	1,	1),
('/dashboard/system/conversations/permissions',	150,	151,	1,	1),
('/dashboard/system/attributes',	151,	152,	1,	1),
('/dashboard/system/attributes/types',	152,	153,	1,	1),
('/dashboard/system/attributes/sets',	153,	154,	1,	1),
('/dashboard/system/attributes/topics',	154,	155,	1,	1),
('/dashboard/system/attributes/topics/add',	155,	156,	1,	1),
('/dashboard/system/environment',	156,	157,	1,	1),
('/dashboard/system/environment/info',	157,	158,	1,	1),
('/dashboard/system/environment/debug',	158,	159,	1,	1),
('/dashboard/system/environment/logging',	159,	160,	1,	1),
('/dashboard/system/environment/proxy',	160,	161,	1,	1),
('/dashboard/system/environment/entities',	161,	162,	1,	1),
('/dashboard/system/environment/database_charset',	162,	163,	1,	1),
('/dashboard/system/environment/geolocation',	163,	164,	1,	1),
('/dashboard/system/update',	164,	165,	1,	1),
('/dashboard/system/update/update',	165,	166,	1,	1),
('/dashboard/system/api',	166,	167,	1,	1),
('/dashboard/system/api/settings',	167,	168,	1,	1),
('/dashboard/system/api/integrations',	168,	169,	1,	1),
('/dashboard/welcome',	169,	170,	1,	1),
('/dashboard/welcome/me',	170,	171,	1,	1),
('/!stacks',	171,	172,	1,	1),
('/page_not_found',	172,	173,	1,	1),
('/!trash',	173,	174,	1,	1),
('/login',	174,	175,	1,	1),
('/register',	175,	176,	1,	1),
('/account',	176,	177,	1,	1),
('/account/edit_profile',	177,	178,	1,	1),
('/account/avatar',	178,	179,	1,	1),
('/account/messages',	179,	180,	1,	1),
('/page_forbidden',	180,	181,	1,	1),
('/download_file',	181,	182,	1,	1),
('/!drafts',	182,	183,	1,	1),
('/account/welcome',	183,	184,	1,	0),
('/!stacks/footer-contact',	184,	185,	1,	1),
('/!stacks/footer-legal',	185,	186,	1,	1),
('/!stacks/footer-navigation',	186,	187,	1,	1),
('/!stacks/footer-site-title',	187,	188,	1,	1),
('/!stacks/footer-social',	188,	189,	1,	1),
('/!stacks/header-navigation',	189,	190,	1,	1),
('/!stacks/header-search',	190,	191,	1,	1),
('/!stacks/header-site-title',	191,	192,	1,	1),
('/services',	192,	194,	1,	1),
('/portfolio',	193,	196,	1,	1),
('/team',	194,	197,	1,	1),
('/blog',	195,	199,	1,	1),
('/search',	196,	200,	1,	1),
('/contact',	197,	201,	1,	1),
('/blank-page',	198,	202,	1,	1),
('/portfolio/project-title',	199,	204,	1,	1),
('/portfolio/project-title-2',	200,	205,	1,	1),
('/portfolio/project-title-3',	201,	206,	1,	1),
('/portfolio/project-title-4',	202,	207,	1,	1),
('/portfolio/project-title-5',	203,	208,	1,	1),
('/portfolio/project-title-6',	204,	209,	1,	1),
('/blog/hello-world',	205,	211,	1,	1),
('/blog/another-blog-post',	206,	212,	1,	1),
('/blog/a-beautiful-blog',	207,	213,	1,	1),
('/team/about',	208,	214,	1,	1),
('/team/careers',	209,	215,	1,	1),
('/team/faq',	210,	216,	1,	1),
('/team/careers/web-developer',	211,	218,	1,	1),
('/team/careers/sales-associate',	212,	219,	1,	1),
('/dashboard/blocks/block_order',	214,	224,	1,	1),
('/dashboard/blocks/block_designer',	215,	225,	1,	1),
('/dashboard/blocks/block_designer/block_config',	216,	226,	1,	1),
('/dashboard/blocks/block_designer/settings',	217,	227,	1,	1),
('/!drafts/228',	218,	228,	1,	1),
('/!drafts/229',	219,	229,	1,	1),
('/travel-dubai',	220,	230,	1,	1),
('/contact-us',	221,	231,	1,	1);

DROP TABLE IF EXISTS `PagePermissionAssignments`;
CREATE TABLE `PagePermissionAssignments` (
  `cID` int(10) unsigned NOT NULL DEFAULT '0',
  `pkID` int(10) unsigned NOT NULL DEFAULT '0',
  `paID` int(10) unsigned NOT NULL DEFAULT '0',
  PRIMARY KEY (`cID`,`pkID`,`paID`),
  KEY `paID` (`paID`,`pkID`),
  KEY `pkID` (`pkID`)
) ENGINE=InnoDB DEFAULT CHARSET=utf8mb4 COLLATE=utf8mb4_unicode_ci;

INSERT INTO `PagePermissionAssignments` (`cID`, `pkID`, `paID`) VALUES
(1,	1,	88),
(2,	1,	69),
(173,	1,	68),
(175,	1,	65),
(176,	1,	66),
(181,	1,	67),
(183,	1,	70),
(1,	2,	89),
(183,	2,	71),
(1,	3,	90),
(183,	3,	72),
(1,	4,	91),
(183,	4,	73),
(1,	5,	92),
(183,	5,	74),
(1,	6,	93),
(183,	6,	75),
(1,	7,	94),
(183,	7,	76),
(1,	8,	96),
(183,	8,	78),
(1,	9,	97),
(183,	9,	79),
(1,	10,	98),
(183,	10,	80),
(1,	11,	99),
(183,	11,	81),
(1,	12,	100),
(183,	12,	82),
(1,	13,	101),
(183,	13,	83),
(1,	14,	102),
(183,	14,	84),
(1,	15,	103),
(183,	15,	85),
(1,	16,	104),
(183,	16,	86),
(1,	17,	105),
(183,	17,	87),
(1,	18,	95),
(183,	18,	77);

DROP TABLE IF EXISTS `PagePermissionPageTypeAccessList`;
CREATE TABLE `PagePermissionPageTypeAccessList` (
  `paID` int(10) unsigned NOT NULL DEFAULT '0',
  `peID` int(10) unsigned NOT NULL DEFAULT '0',
  `permission` varchar(1) COLLATE utf8mb4_unicode_ci NOT NULL DEFAULT '1',
  `externalLink` tinyint(1) NOT NULL DEFAULT '0',
  PRIMARY KEY (`paID`,`peID`),
  KEY `peID` (`peID`)
) ENGINE=InnoDB DEFAULT CHARSET=utf8mb4 COLLATE=utf8mb4_unicode_ci;


DROP TABLE IF EXISTS `PagePermissionPageTypeAccessListCustom`;
CREATE TABLE `PagePermissionPageTypeAccessListCustom` (
  `paID` int(10) unsigned NOT NULL DEFAULT '0',
  `peID` int(10) unsigned NOT NULL DEFAULT '0',
  `ptID` int(10) unsigned NOT NULL DEFAULT '0',
  PRIMARY KEY (`paID`,`peID`,`ptID`),
  KEY `peID` (`peID`),
  KEY `ptID` (`ptID`)
) ENGINE=InnoDB DEFAULT CHARSET=utf8mb4 COLLATE=utf8mb4_unicode_ci;


DROP TABLE IF EXISTS `PagePermissionPropertyAccessList`;
CREATE TABLE `PagePermissionPropertyAccessList` (
  `paID` int(10) unsigned NOT NULL DEFAULT '0',
  `peID` int(10) unsigned NOT NULL DEFAULT '0',
  `name` tinyint(1) DEFAULT '0',
  `publicDateTime` tinyint(1) DEFAULT '0',
  `uID` tinyint(1) DEFAULT '0',
  `description` tinyint(1) DEFAULT '0',
  `paths` tinyint(1) DEFAULT '0',
  `attributePermission` varchar(1) COLLATE utf8mb4_unicode_ci NOT NULL DEFAULT '1',
  PRIMARY KEY (`paID`,`peID`),
  KEY `peID` (`peID`),
  KEY `uID` (`uID`)
) ENGINE=InnoDB DEFAULT CHARSET=utf8mb4 COLLATE=utf8mb4_unicode_ci;


DROP TABLE IF EXISTS `PagePermissionPropertyAttributeAccessListCustom`;
CREATE TABLE `PagePermissionPropertyAttributeAccessListCustom` (
  `paID` int(10) unsigned NOT NULL DEFAULT '0',
  `peID` int(10) unsigned NOT NULL DEFAULT '0',
  `akID` int(10) unsigned NOT NULL DEFAULT '0',
  PRIMARY KEY (`paID`,`peID`,`akID`),
  KEY `peID` (`peID`),
  KEY `akID` (`akID`)
) ENGINE=InnoDB DEFAULT CHARSET=utf8mb4 COLLATE=utf8mb4_unicode_ci;


DROP TABLE IF EXISTS `PagePermissionThemeAccessList`;
CREATE TABLE `PagePermissionThemeAccessList` (
  `paID` int(10) unsigned NOT NULL DEFAULT '0',
  `peID` int(10) unsigned NOT NULL DEFAULT '0',
  `permission` varchar(1) COLLATE utf8mb4_unicode_ci NOT NULL DEFAULT '1',
  PRIMARY KEY (`paID`,`peID`),
  KEY `peID` (`peID`)
) ENGINE=InnoDB DEFAULT CHARSET=utf8mb4 COLLATE=utf8mb4_unicode_ci;


DROP TABLE IF EXISTS `PagePermissionThemeAccessListCustom`;
CREATE TABLE `PagePermissionThemeAccessListCustom` (
  `paID` int(10) unsigned NOT NULL DEFAULT '0',
  `peID` int(10) unsigned NOT NULL DEFAULT '0',
  `pThemeID` int(10) unsigned NOT NULL DEFAULT '0',
  PRIMARY KEY (`paID`,`peID`,`pThemeID`),
  KEY `peID` (`peID`),
  KEY `pThemeID` (`pThemeID`)
) ENGINE=InnoDB DEFAULT CHARSET=utf8mb4 COLLATE=utf8mb4_unicode_ci;


DROP TABLE IF EXISTS `Pages`;
CREATE TABLE `Pages` (
  `cID` int(10) unsigned NOT NULL DEFAULT '0',
  `siteTreeID` int(10) unsigned DEFAULT '0',
  `ptID` int(10) unsigned NOT NULL DEFAULT '0',
  `cIsTemplate` tinyint(1) NOT NULL DEFAULT '0',
  `uID` int(10) unsigned DEFAULT NULL,
  `cIsCheckedOut` tinyint(1) NOT NULL DEFAULT '0',
  `cCheckedOutUID` int(10) unsigned DEFAULT NULL,
  `cCheckedOutDatetime` datetime DEFAULT NULL,
  `cCheckedOutDatetimeLastEdit` datetime DEFAULT NULL,
  `cOverrideTemplatePermissions` tinyint(1) NOT NULL DEFAULT '1',
  `cInheritPermissionsFromCID` int(10) unsigned NOT NULL DEFAULT '0',
  `cInheritPermissionsFrom` varchar(8) COLLATE utf8mb4_unicode_ci NOT NULL DEFAULT 'PARENT',
  `cFilename` varchar(255) COLLATE utf8mb4_unicode_ci DEFAULT NULL,
  `cPointerID` int(10) unsigned NOT NULL DEFAULT '0',
  `cPointerExternalLink` longtext COLLATE utf8mb4_unicode_ci,
  `cPointerExternalLinkNewWindow` tinyint(1) NOT NULL DEFAULT '0',
  `cIsActive` tinyint(1) NOT NULL DEFAULT '1',
  `cChildren` int(10) unsigned NOT NULL DEFAULT '0',
  `cDisplayOrder` int(10) unsigned NOT NULL DEFAULT '0',
  `cParentID` int(10) unsigned NOT NULL DEFAULT '0',
  `pkgID` int(10) unsigned NOT NULL DEFAULT '0',
  `cDraftTargetParentPageID` int(10) unsigned NOT NULL DEFAULT '0',
  `cIsDraft` tinyint(1) NOT NULL DEFAULT '0',
  `cCacheFullPageContent` smallint(6) NOT NULL DEFAULT '-1',
  `cCacheFullPageContentOverrideLifetime` varchar(32) COLLATE utf8mb4_unicode_ci NOT NULL DEFAULT '0',
  `cCacheFullPageContentLifetimeCustom` int(10) unsigned NOT NULL DEFAULT '0',
  `cIsSystemPage` tinyint(1) NOT NULL DEFAULT '0',
  PRIMARY KEY (`cID`,`ptID`),
  KEY `cParentID` (`cParentID`),
  KEY `siteTreeID` (`siteTreeID`),
  KEY `cIsActive` (`cID`,`cIsActive`),
  KEY `cCheckedOutUID` (`cCheckedOutUID`),
  KEY `uID` (`uID`,`cPointerID`),
  KEY `cPointerID` (`cPointerID`,`cDisplayOrder`),
  KEY `cIsTemplate` (`cID`,`cIsTemplate`),
  KEY `cIsSystemPage` (`cID`,`cIsSystemPage`),
  KEY `pkgID` (`pkgID`),
  KEY `cParentMaxDisplay` (`cParentID`,`cDisplayOrder`)
) ENGINE=InnoDB DEFAULT CHARSET=utf8mb4 COLLATE=utf8mb4_unicode_ci;

INSERT INTO `Pages` (`cID`, `siteTreeID`, `ptID`, `cIsTemplate`, `uID`, `cIsCheckedOut`, `cCheckedOutUID`, `cCheckedOutDatetime`, `cCheckedOutDatetimeLastEdit`, `cOverrideTemplatePermissions`, `cInheritPermissionsFromCID`, `cInheritPermissionsFrom`, `cFilename`, `cPointerID`, `cPointerExternalLink`, `cPointerExternalLinkNewWindow`, `cIsActive`, `cChildren`, `cDisplayOrder`, `cParentID`, `pkgID`, `cDraftTargetParentPageID`, `cIsDraft`, `cCacheFullPageContent`, `cCacheFullPageContentOverrideLifetime`, `cCacheFullPageContentLifetimeCustom`, `cIsSystemPage`) VALUES
(1,	1,	0,	0,	1,	0,	NULL,	NULL,	NULL,	1,	1,	'OVERRIDE',	NULL,	0,	NULL,	0,	1,	20,	0,	0,	0,	0,	0,	-1,	'0',	0,	0),
(2,	0,	0,	0,	1,	0,	NULL,	NULL,	NULL,	1,	2,	'OVERRIDE',	'/dashboard/view.php',	0,	NULL,	0,	1,	12,	0,	0,	0,	0,	0,	-1,	'0',	0,	1),
(3,	0,	0,	0,	1,	0,	NULL,	NULL,	NULL,	1,	2,	'PARENT',	'/dashboard/sitemap/view.php',	0,	NULL,	0,	1,	3,	1,	2,	0,	0,	0,	-1,	'0',	0,	1),
(4,	0,	0,	0,	1,	0,	NULL,	NULL,	NULL,	1,	2,	'PARENT',	'/dashboard/sitemap/full.php',	0,	NULL,	0,	1,	0,	0,	3,	0,	0,	0,	-1,	'0',	0,	1),
(5,	0,	0,	0,	1,	0,	NULL,	NULL,	NULL,	1,	2,	'PARENT',	'/dashboard/sitemap/explore.php',	0,	NULL,	0,	1,	0,	1,	3,	0,	0,	0,	-1,	'0',	0,	1),
(6,	0,	0,	0,	1,	0,	NULL,	NULL,	NULL,	1,	2,	'PARENT',	'/dashboard/sitemap/search.php',	0,	NULL,	0,	1,	0,	2,	3,	0,	0,	0,	-1,	'0',	0,	1),
(7,	0,	0,	0,	1,	0,	NULL,	NULL,	NULL,	1,	2,	'PARENT',	'/dashboard/files/view.php',	0,	NULL,	0,	1,	4,	2,	2,	0,	0,	0,	-1,	'0',	0,	1),
(8,	0,	0,	0,	1,	0,	NULL,	NULL,	NULL,	1,	2,	'PARENT',	'/dashboard/files/search.php',	0,	NULL,	0,	1,	0,	0,	7,	0,	0,	0,	-1,	'0',	0,	1),
(9,	0,	0,	0,	1,	0,	NULL,	NULL,	NULL,	1,	2,	'PARENT',	'/dashboard/files/attributes.php',	0,	NULL,	0,	1,	0,	1,	7,	0,	0,	0,	-1,	'0',	0,	1),
(10,	0,	0,	0,	1,	0,	NULL,	NULL,	NULL,	1,	2,	'PARENT',	'/dashboard/files/sets.php',	0,	NULL,	0,	1,	0,	2,	7,	0,	0,	0,	-1,	'0',	0,	1),
(11,	0,	0,	0,	1,	0,	NULL,	NULL,	NULL,	1,	2,	'PARENT',	'/dashboard/files/add_set.php',	0,	NULL,	0,	1,	0,	3,	7,	0,	0,	0,	-1,	'0',	0,	1),
(12,	0,	0,	0,	1,	0,	NULL,	NULL,	NULL,	1,	2,	'PARENT',	'/dashboard/users/view.php',	0,	NULL,	0,	1,	7,	3,	2,	0,	0,	0,	-1,	'0',	0,	1),
(13,	0,	0,	0,	1,	0,	NULL,	NULL,	NULL,	1,	2,	'PARENT',	'/dashboard/users/search.php',	0,	NULL,	0,	1,	0,	0,	12,	0,	0,	0,	-1,	'0',	0,	1),
(14,	0,	0,	0,	1,	0,	NULL,	NULL,	NULL,	1,	2,	'PARENT',	'/dashboard/users/groups.php',	0,	NULL,	0,	1,	2,	1,	12,	0,	0,	0,	-1,	'0',	0,	1),
(15,	0,	0,	0,	1,	0,	NULL,	NULL,	NULL,	1,	2,	'PARENT',	'/dashboard/users/groups/message.php',	0,	NULL,	0,	1,	0,	0,	14,	0,	0,	0,	-1,	'0',	0,	1),
(16,	0,	0,	0,	1,	0,	NULL,	NULL,	NULL,	1,	2,	'PARENT',	'/dashboard/users/attributes.php',	0,	NULL,	0,	1,	0,	2,	12,	0,	0,	0,	-1,	'0',	0,	1),
(17,	0,	0,	0,	1,	0,	NULL,	NULL,	NULL,	1,	2,	'PARENT',	'/dashboard/users/add.php',	0,	NULL,	0,	1,	0,	3,	12,	0,	0,	0,	-1,	'0',	0,	1),
(18,	0,	0,	0,	1,	0,	NULL,	NULL,	NULL,	1,	2,	'PARENT',	'/dashboard/users/add_group.php',	0,	NULL,	0,	1,	0,	4,	12,	0,	0,	0,	-1,	'0',	0,	1),
(19,	0,	0,	0,	1,	0,	NULL,	NULL,	NULL,	1,	2,	'PARENT',	'/dashboard/users/groups/bulkupdate.php',	0,	NULL,	0,	1,	0,	1,	14,	0,	0,	0,	-1,	'0',	0,	1),
(20,	0,	0,	0,	1,	0,	NULL,	NULL,	NULL,	1,	2,	'PARENT',	'/dashboard/users/group_sets.php',	0,	NULL,	0,	1,	0,	5,	12,	0,	0,	0,	-1,	'0',	0,	1),
(21,	0,	0,	0,	1,	0,	NULL,	NULL,	NULL,	1,	2,	'PARENT',	'/dashboard/users/points/view.php',	0,	NULL,	0,	1,	2,	6,	12,	0,	0,	0,	-1,	'0',	0,	1),
(22,	0,	0,	0,	1,	0,	NULL,	NULL,	NULL,	1,	2,	'PARENT',	'/dashboard/users/points/assign.php',	0,	NULL,	0,	1,	0,	0,	21,	0,	0,	0,	-1,	'0',	0,	1),
(23,	0,	0,	0,	1,	0,	NULL,	NULL,	NULL,	1,	2,	'PARENT',	'/dashboard/users/points/actions.php',	0,	NULL,	0,	1,	0,	1,	21,	0,	0,	0,	-1,	'0',	0,	1),
(24,	0,	0,	0,	1,	0,	NULL,	NULL,	NULL,	1,	2,	'PARENT',	'/dashboard/express/view.php',	0,	NULL,	0,	1,	1,	4,	2,	0,	0,	0,	-1,	'0',	0,	1),
(25,	0,	0,	0,	1,	0,	NULL,	NULL,	NULL,	1,	2,	'PARENT',	'/dashboard/express/entries.php',	0,	NULL,	0,	1,	0,	0,	24,	0,	0,	0,	-1,	'0',	0,	1),
(26,	0,	0,	0,	1,	0,	NULL,	NULL,	NULL,	1,	2,	'PARENT',	'/dashboard/reports.php',	0,	NULL,	0,	1,	4,	5,	2,	0,	0,	0,	-1,	'0',	0,	1),
(27,	0,	0,	0,	1,	0,	NULL,	NULL,	NULL,	1,	2,	'PARENT',	'/dashboard/reports/forms.php',	0,	NULL,	0,	1,	1,	0,	26,	0,	0,	0,	-1,	'0',	0,	1),
(28,	0,	0,	0,	1,	0,	NULL,	NULL,	NULL,	1,	2,	'PARENT',	'/dashboard/reports/forms/legacy.php',	0,	NULL,	0,	1,	0,	0,	27,	0,	0,	0,	-1,	'0',	0,	1),
(29,	0,	0,	0,	1,	0,	NULL,	NULL,	NULL,	1,	2,	'PARENT',	'/dashboard/reports/surveys.php',	0,	NULL,	0,	1,	0,	1,	26,	0,	0,	0,	-1,	'0',	0,	1),
(30,	0,	0,	0,	1,	0,	NULL,	NULL,	NULL,	1,	2,	'PARENT',	'/dashboard/reports/logs.php',	0,	NULL,	0,	1,	0,	2,	26,	0,	0,	0,	-1,	'0',	0,	1),
(31,	0,	0,	0,	1,	0,	NULL,	NULL,	NULL,	1,	2,	'PARENT',	'/dashboard/reports/page_changes.php',	0,	NULL,	0,	1,	0,	3,	26,	0,	0,	0,	-1,	'0',	0,	1),
(32,	0,	0,	0,	1,	0,	NULL,	NULL,	NULL,	1,	2,	'PARENT',	'/dashboard/pages/view.php',	0,	NULL,	0,	1,	6,	6,	2,	0,	0,	0,	-1,	'0',	0,	1),
(33,	0,	0,	0,	1,	0,	NULL,	NULL,	NULL,	1,	2,	'PARENT',	'/dashboard/pages/themes/view.php',	0,	NULL,	0,	1,	1,	0,	32,	0,	0,	0,	-1,	'0',	0,	1),
(34,	0,	0,	0,	1,	0,	NULL,	NULL,	NULL,	1,	2,	'PARENT',	'/dashboard/pages/themes/inspect.php',	0,	NULL,	0,	1,	0,	0,	33,	0,	0,	0,	-1,	'0',	0,	1),
(35,	0,	0,	0,	1,	0,	NULL,	NULL,	NULL,	1,	2,	'PARENT',	'/dashboard/pages/types/view.php',	0,	NULL,	0,	1,	6,	1,	32,	0,	0,	0,	-1,	'0',	0,	1),
(36,	0,	0,	0,	1,	0,	NULL,	NULL,	NULL,	1,	2,	'PARENT',	'/dashboard/pages/types/organize.php',	0,	NULL,	0,	1,	0,	0,	35,	0,	0,	0,	-1,	'0',	0,	1),
(37,	0,	0,	0,	1,	0,	NULL,	NULL,	NULL,	1,	2,	'PARENT',	'/dashboard/pages/types/add.php',	0,	NULL,	0,	1,	0,	1,	35,	0,	0,	0,	-1,	'0',	0,	1),
(38,	0,	0,	0,	1,	0,	NULL,	NULL,	NULL,	1,	2,	'PARENT',	'/dashboard/pages/types/form.php',	0,	NULL,	0,	1,	0,	2,	35,	0,	0,	0,	-1,	'0',	0,	1),
(39,	0,	0,	0,	1,	0,	NULL,	NULL,	NULL,	1,	2,	'PARENT',	'/dashboard/pages/types/output.php',	0,	NULL,	0,	1,	0,	3,	35,	0,	0,	0,	-1,	'0',	0,	1),
(40,	0,	0,	0,	1,	0,	NULL,	NULL,	NULL,	1,	2,	'PARENT',	'/dashboard/pages/types/attributes.php',	0,	NULL,	0,	1,	0,	4,	35,	0,	0,	0,	-1,	'0',	0,	1),
(41,	0,	0,	0,	1,	0,	NULL,	NULL,	NULL,	1,	2,	'PARENT',	'/dashboard/pages/types/permissions.php',	0,	NULL,	0,	1,	0,	5,	35,	0,	0,	0,	-1,	'0',	0,	1),
(42,	0,	0,	0,	1,	0,	NULL,	NULL,	NULL,	1,	2,	'PARENT',	'/dashboard/pages/templates/view.php',	0,	NULL,	0,	1,	1,	2,	32,	0,	0,	0,	-1,	'0',	0,	1),
(43,	0,	0,	0,	1,	0,	NULL,	NULL,	NULL,	1,	2,	'PARENT',	'/dashboard/pages/templates/add.php',	0,	NULL,	0,	1,	0,	0,	42,	0,	0,	0,	-1,	'0',	0,	1),
(44,	0,	0,	0,	1,	0,	NULL,	NULL,	NULL,	1,	2,	'PARENT',	'/dashboard/pages/attributes.php',	0,	NULL,	0,	1,	0,	3,	32,	0,	0,	0,	-1,	'0',	0,	1),
(45,	0,	0,	0,	1,	0,	NULL,	NULL,	NULL,	1,	2,	'PARENT',	'/dashboard/pages/single.php',	0,	NULL,	0,	1,	0,	4,	32,	0,	0,	0,	-1,	'0',	0,	1),
(46,	0,	0,	0,	1,	0,	NULL,	NULL,	NULL,	1,	2,	'PARENT',	'/dashboard/pages/feeds.php',	0,	NULL,	0,	1,	0,	5,	32,	0,	0,	0,	-1,	'0',	0,	1),
(47,	0,	0,	0,	1,	0,	NULL,	NULL,	NULL,	1,	2,	'PARENT',	'/dashboard/calendar/view.php',	0,	NULL,	0,	1,	5,	7,	2,	0,	0,	0,	-1,	'0',	0,	1),
(48,	0,	0,	0,	1,	0,	NULL,	NULL,	NULL,	1,	2,	'PARENT',	'/dashboard/calendar/events.php',	0,	NULL,	0,	1,	0,	0,	47,	0,	0,	0,	-1,	'0',	0,	1),
(49,	0,	0,	0,	1,	0,	NULL,	NULL,	NULL,	1,	2,	'PARENT',	'/dashboard/calendar/event_list.php',	0,	NULL,	0,	1,	0,	1,	47,	0,	0,	0,	-1,	'0',	0,	1),
(50,	0,	0,	0,	1,	0,	NULL,	NULL,	NULL,	1,	2,	'PARENT',	'/dashboard/calendar/add.php',	0,	NULL,	0,	1,	0,	2,	47,	0,	0,	0,	-1,	'0',	0,	1),
(51,	0,	0,	0,	1,	0,	NULL,	NULL,	NULL,	1,	2,	'PARENT',	'/dashboard/calendar/permissions.php',	0,	NULL,	0,	1,	0,	3,	47,	0,	0,	0,	-1,	'0',	0,	1),
(52,	0,	0,	0,	1,	0,	NULL,	NULL,	NULL,	1,	2,	'PARENT',	'/dashboard/calendar/attributes.php',	0,	NULL,	0,	1,	0,	4,	47,	0,	0,	0,	-1,	'0',	0,	1),
(53,	0,	0,	0,	1,	0,	NULL,	NULL,	NULL,	1,	2,	'PARENT',	'/dashboard/conversations/view.php',	0,	NULL,	0,	1,	1,	8,	2,	0,	0,	0,	-1,	'0',	0,	1),
(54,	0,	0,	0,	1,	0,	NULL,	NULL,	NULL,	1,	2,	'PARENT',	'/dashboard/conversations/messages.php',	0,	NULL,	0,	1,	0,	0,	53,	0,	0,	0,	-1,	'0',	0,	1),
(55,	0,	0,	0,	1,	0,	NULL,	NULL,	NULL,	1,	2,	'PARENT',	'/dashboard/blocks/view.php',	0,	NULL,	0,	1,	5,	9,	2,	0,	0,	0,	-1,	'0',	0,	1),
(56,	0,	0,	0,	1,	0,	NULL,	NULL,	NULL,	1,	2,	'PARENT',	'/dashboard/blocks/stacks/view.php',	0,	NULL,	0,	1,	1,	0,	55,	0,	0,	0,	-1,	'0',	0,	1),
(57,	0,	0,	0,	1,	0,	NULL,	NULL,	NULL,	1,	2,	'PARENT',	'/dashboard/blocks/permissions.php',	0,	NULL,	0,	1,	0,	1,	55,	0,	0,	0,	-1,	'0',	0,	1),
(58,	0,	0,	0,	1,	0,	NULL,	NULL,	NULL,	1,	2,	'PARENT',	'/dashboard/blocks/stacks/list/view.php',	0,	NULL,	0,	1,	0,	0,	56,	0,	0,	0,	-1,	'0',	0,	1),
(59,	0,	0,	0,	1,	0,	NULL,	NULL,	NULL,	1,	2,	'PARENT',	'/dashboard/blocks/types/view.php',	0,	NULL,	0,	1,	0,	2,	55,	0,	0,	0,	-1,	'0',	0,	1),
(60,	0,	0,	0,	1,	0,	NULL,	NULL,	NULL,	1,	2,	'PARENT',	'/dashboard/extend/view.php',	0,	NULL,	0,	1,	5,	10,	2,	0,	0,	0,	-1,	'0',	0,	1),
(61,	0,	0,	0,	1,	0,	NULL,	NULL,	NULL,	1,	2,	'PARENT',	'/dashboard/extend/install.php',	0,	NULL,	0,	1,	0,	0,	60,	0,	0,	0,	-1,	'0',	0,	1),
(62,	0,	0,	0,	1,	0,	NULL,	NULL,	NULL,	1,	2,	'PARENT',	'/dashboard/extend/update.php',	0,	NULL,	0,	1,	0,	1,	60,	0,	0,	0,	-1,	'0',	0,	1),
(63,	0,	0,	0,	1,	0,	NULL,	NULL,	NULL,	1,	2,	'PARENT',	'/dashboard/extend/connect.php',	0,	NULL,	0,	1,	0,	2,	60,	0,	0,	0,	-1,	'0',	0,	1),
(64,	0,	0,	0,	1,	0,	NULL,	NULL,	NULL,	1,	2,	'PARENT',	'/dashboard/extend/themes.php',	0,	NULL,	0,	1,	0,	3,	60,	0,	0,	0,	-1,	'0',	0,	1),
(65,	0,	0,	0,	1,	0,	NULL,	NULL,	NULL,	1,	2,	'PARENT',	'/dashboard/extend/addons.php',	0,	NULL,	0,	1,	0,	4,	60,	0,	0,	0,	-1,	'0',	0,	1),
(66,	0,	0,	0,	1,	0,	NULL,	NULL,	NULL,	1,	2,	'PARENT',	'/dashboard/system/view.php',	0,	NULL,	0,	1,	16,	11,	2,	0,	0,	0,	-1,	'0',	0,	1),
(67,	0,	0,	0,	1,	0,	NULL,	NULL,	NULL,	1,	2,	'PARENT',	'/dashboard/system/basics/view.php',	0,	NULL,	0,	1,	9,	0,	66,	0,	0,	0,	-1,	'0',	0,	1),
(68,	0,	0,	0,	1,	0,	NULL,	NULL,	NULL,	1,	2,	'PARENT',	'/dashboard/system/basics/name.php',	0,	NULL,	0,	1,	0,	0,	67,	0,	0,	0,	-1,	'0',	0,	1),
(69,	0,	0,	0,	1,	0,	NULL,	NULL,	NULL,	1,	2,	'PARENT',	'/dashboard/system/basics/accessibility.php',	0,	NULL,	0,	1,	0,	1,	67,	0,	0,	0,	-1,	'0',	0,	1),
(70,	0,	0,	0,	1,	0,	NULL,	NULL,	NULL,	1,	2,	'PARENT',	'/dashboard/system/basics/social.php',	0,	NULL,	0,	1,	0,	2,	67,	0,	0,	0,	-1,	'0',	0,	1),
(71,	0,	0,	0,	1,	0,	NULL,	NULL,	NULL,	1,	2,	'PARENT',	'/dashboard/system/basics/icons.php',	0,	NULL,	0,	1,	0,	3,	67,	0,	0,	0,	-1,	'0',	0,	1),
(72,	0,	0,	0,	1,	0,	NULL,	NULL,	NULL,	1,	2,	'PARENT',	'/dashboard/system/basics/editor.php',	0,	NULL,	0,	1,	0,	4,	67,	0,	0,	0,	-1,	'0',	0,	1),
(73,	0,	0,	0,	1,	0,	NULL,	NULL,	NULL,	1,	2,	'PARENT',	'/dashboard/system/basics/multilingual/view.php',	0,	NULL,	0,	1,	1,	5,	67,	0,	0,	0,	-1,	'0',	0,	1),
(74,	0,	0,	0,	1,	0,	NULL,	NULL,	NULL,	1,	2,	'PARENT',	'/dashboard/system/basics/multilingual/update.php',	0,	NULL,	0,	1,	0,	0,	73,	0,	0,	0,	-1,	'0',	0,	1),
(75,	0,	0,	0,	1,	0,	NULL,	NULL,	NULL,	1,	2,	'PARENT',	'/dashboard/system/basics/timezone.php',	0,	NULL,	0,	1,	0,	6,	67,	0,	0,	0,	-1,	'0',	0,	1),
(76,	0,	0,	0,	1,	0,	NULL,	NULL,	NULL,	1,	2,	'PARENT',	'/dashboard/system/basics/attributes.php',	0,	NULL,	0,	1,	0,	7,	67,	0,	0,	0,	-1,	'0',	0,	1),
(77,	0,	0,	0,	1,	0,	NULL,	NULL,	NULL,	1,	2,	'PARENT',	'/dashboard/system/basics/reset_edit_mode.php',	0,	NULL,	0,	1,	0,	8,	67,	0,	0,	0,	-1,	'0',	0,	1),
(78,	0,	0,	0,	1,	0,	NULL,	NULL,	NULL,	1,	2,	'PARENT',	'/dashboard/system/express/view.php',	0,	NULL,	0,	1,	2,	1,	66,	0,	0,	0,	-1,	'0',	0,	1),
(79,	0,	0,	0,	1,	0,	NULL,	NULL,	NULL,	1,	2,	'PARENT',	'/dashboard/system/express/entities.php',	0,	NULL,	0,	1,	5,	0,	78,	0,	0,	0,	-1,	'0',	0,	1),
(80,	0,	0,	0,	1,	0,	NULL,	NULL,	NULL,	1,	2,	'PARENT',	'/dashboard/system/express/entities/attributes.php',	0,	NULL,	0,	1,	0,	0,	79,	0,	0,	0,	-1,	'0',	0,	1),
(81,	0,	0,	0,	1,	0,	NULL,	NULL,	NULL,	1,	2,	'PARENT',	'/dashboard/system/express/entities/associations.php',	0,	NULL,	0,	1,	0,	1,	79,	0,	0,	0,	-1,	'0',	0,	1),
(82,	0,	0,	0,	1,	0,	NULL,	NULL,	NULL,	1,	2,	'PARENT',	'/dashboard/system/express/entities/forms.php',	0,	NULL,	0,	1,	0,	2,	79,	0,	0,	0,	-1,	'0',	0,	1),
(83,	0,	0,	0,	1,	0,	NULL,	NULL,	NULL,	1,	2,	'PARENT',	'/dashboard/system/express/entities/customize_search.php',	0,	NULL,	0,	1,	0,	3,	79,	0,	0,	0,	-1,	'0',	0,	1),
(84,	0,	0,	0,	1,	0,	NULL,	NULL,	NULL,	1,	2,	'PARENT',	'/dashboard/system/express/entities/order_entries.php',	0,	NULL,	0,	1,	0,	4,	79,	0,	0,	0,	-1,	'0',	0,	1),
(85,	0,	0,	0,	1,	0,	NULL,	NULL,	NULL,	1,	2,	'PARENT',	'/dashboard/system/express/entries.php',	0,	NULL,	0,	1,	0,	1,	78,	0,	0,	0,	-1,	'0',	0,	1),
(86,	0,	0,	0,	1,	0,	NULL,	NULL,	NULL,	1,	2,	'PARENT',	'/dashboard/system/multisite/view.php',	0,	NULL,	0,	1,	3,	2,	66,	0,	0,	0,	-1,	'0',	0,	1),
(87,	0,	0,	0,	1,	0,	NULL,	NULL,	NULL,	1,	2,	'PARENT',	'/dashboard/system/multisite/sites/view.php',	0,	NULL,	0,	1,	0,	0,	86,	0,	0,	0,	-1,	'0',	0,	1),
(88,	0,	0,	0,	1,	0,	NULL,	NULL,	NULL,	1,	2,	'PARENT',	'/dashboard/system/multisite/types/view.php',	0,	NULL,	0,	1,	0,	1,	86,	0,	0,	0,	-1,	'0',	0,	1),
(89,	0,	0,	0,	1,	0,	NULL,	NULL,	NULL,	1,	2,	'PARENT',	'/dashboard/system/multisite/settings.php',	0,	NULL,	0,	1,	0,	2,	86,	0,	0,	0,	-1,	'0',	0,	1),
(90,	0,	0,	0,	1,	0,	NULL,	NULL,	NULL,	1,	2,	'PARENT',	'/dashboard/system/multilingual/view.php',	0,	NULL,	0,	1,	4,	3,	66,	0,	0,	0,	-1,	'0',	0,	1),
(91,	0,	0,	0,	1,	0,	NULL,	NULL,	NULL,	1,	2,	'PARENT',	'/dashboard/system/multilingual/setup.php',	0,	NULL,	0,	1,	0,	0,	90,	0,	0,	0,	-1,	'0',	0,	1),
(92,	0,	0,	0,	1,	0,	NULL,	NULL,	NULL,	1,	2,	'PARENT',	'/dashboard/system/multilingual/copy.php',	0,	NULL,	0,	1,	0,	1,	90,	0,	0,	0,	-1,	'0',	0,	1),
(93,	0,	0,	0,	1,	0,	NULL,	NULL,	NULL,	1,	2,	'PARENT',	'/dashboard/system/multilingual/page_report.php',	0,	NULL,	0,	1,	0,	2,	90,	0,	0,	0,	-1,	'0',	0,	1),
(94,	0,	0,	0,	1,	0,	NULL,	NULL,	NULL,	1,	2,	'PARENT',	'/dashboard/system/multilingual/translate_interface.php',	0,	NULL,	0,	1,	0,	3,	90,	0,	0,	0,	-1,	'0',	0,	1),
(95,	0,	0,	0,	1,	0,	NULL,	NULL,	NULL,	1,	2,	'PARENT',	'/dashboard/system/seo/view.php',	0,	NULL,	0,	1,	5,	4,	66,	0,	0,	0,	-1,	'0',	0,	1),
(96,	0,	0,	0,	1,	0,	NULL,	NULL,	NULL,	1,	2,	'PARENT',	'/dashboard/system/seo/urls.php',	0,	NULL,	0,	1,	0,	0,	95,	0,	0,	0,	-1,	'0',	0,	1),
(97,	0,	0,	0,	1,	0,	NULL,	NULL,	NULL,	1,	2,	'PARENT',	'/dashboard/system/seo/bulk.php',	0,	NULL,	0,	1,	0,	1,	95,	0,	0,	0,	-1,	'0',	0,	1),
(98,	0,	0,	0,	1,	0,	NULL,	NULL,	NULL,	1,	2,	'PARENT',	'/dashboard/system/seo/codes.php',	0,	NULL,	0,	1,	0,	2,	95,	0,	0,	0,	-1,	'0',	0,	1),
(99,	0,	0,	0,	1,	0,	NULL,	NULL,	NULL,	1,	2,	'PARENT',	'/dashboard/system/seo/excluded.php',	0,	NULL,	0,	1,	0,	3,	95,	0,	0,	0,	-1,	'0',	0,	1),
(100,	0,	0,	0,	1,	0,	NULL,	NULL,	NULL,	1,	2,	'PARENT',	'/dashboard/system/seo/searchindex.php',	0,	NULL,	0,	1,	0,	4,	95,	0,	0,	0,	-1,	'0',	0,	1),
(101,	0,	0,	0,	1,	0,	NULL,	NULL,	NULL,	1,	2,	'PARENT',	'/dashboard/system/files/view.php',	0,	NULL,	0,	1,	6,	5,	66,	0,	0,	0,	-1,	'0',	0,	1),
(102,	0,	0,	0,	1,	0,	NULL,	NULL,	NULL,	1,	2,	'PARENT',	'/dashboard/system/files/filetypes.php',	0,	NULL,	0,	1,	0,	0,	101,	0,	0,	0,	-1,	'0',	0,	1),
(103,	0,	0,	0,	1,	0,	NULL,	NULL,	NULL,	1,	2,	'PARENT',	'/dashboard/system/files/permissions.php',	0,	NULL,	0,	1,	0,	1,	101,	0,	0,	0,	-1,	'0',	0,	1),
(104,	0,	0,	0,	1,	0,	NULL,	NULL,	NULL,	1,	2,	'PARENT',	'/dashboard/system/files/thumbnails.php',	0,	NULL,	0,	1,	1,	2,	101,	0,	0,	0,	-1,	'0',	0,	1),
(105,	0,	0,	0,	1,	0,	NULL,	NULL,	NULL,	1,	2,	'PARENT',	'/dashboard/system/files/thumbnails/options.php',	0,	NULL,	0,	1,	0,	0,	104,	0,	0,	0,	-1,	'0',	0,	1),
(106,	0,	0,	0,	1,	0,	NULL,	NULL,	NULL,	1,	2,	'PARENT',	'/dashboard/system/files/image_uploading.php',	0,	NULL,	0,	1,	0,	3,	101,	0,	0,	0,	-1,	'0',	0,	1),
(107,	0,	0,	0,	1,	0,	NULL,	NULL,	NULL,	1,	2,	'PARENT',	'/dashboard/system/files/storage.php',	0,	NULL,	0,	1,	0,	4,	101,	0,	0,	0,	-1,	'0',	0,	1),
(108,	0,	0,	0,	1,	0,	NULL,	NULL,	NULL,	1,	2,	'PARENT',	'/dashboard/system/files/export_options.php',	0,	NULL,	0,	1,	0,	5,	101,	0,	0,	0,	-1,	'0',	0,	1),
(109,	0,	0,	0,	1,	0,	NULL,	NULL,	NULL,	1,	2,	'PARENT',	'/dashboard/system/optimization/view.php',	0,	NULL,	0,	1,	3,	6,	66,	0,	0,	0,	-1,	'0',	0,	1),
(110,	0,	0,	0,	1,	0,	NULL,	NULL,	NULL,	1,	2,	'PARENT',	'/dashboard/system/optimization/cache.php',	0,	NULL,	0,	1,	0,	0,	109,	0,	0,	0,	-1,	'0',	0,	1),
(111,	0,	0,	0,	1,	0,	NULL,	NULL,	NULL,	1,	2,	'PARENT',	'/dashboard/system/optimization/clearcache.php',	0,	NULL,	0,	1,	0,	1,	109,	0,	0,	0,	-1,	'0',	0,	1),
(112,	0,	0,	0,	1,	0,	NULL,	NULL,	NULL,	1,	2,	'PARENT',	'/dashboard/system/optimization/jobs.php',	0,	NULL,	0,	1,	0,	2,	109,	0,	0,	0,	-1,	'0',	0,	1),
(113,	0,	0,	0,	1,	0,	NULL,	NULL,	NULL,	1,	2,	'PARENT',	'/dashboard/system/permissions/view.php',	0,	NULL,	0,	1,	10,	7,	66,	0,	0,	0,	-1,	'0',	0,	1),
(114,	0,	0,	0,	1,	0,	NULL,	NULL,	NULL,	1,	2,	'PARENT',	'/dashboard/system/permissions/site.php',	0,	NULL,	0,	1,	0,	0,	113,	0,	0,	0,	-1,	'0',	0,	1),
(115,	0,	0,	0,	1,	0,	NULL,	NULL,	NULL,	1,	2,	'PARENT',	'/dashboard/system/permissions/tasks.php',	0,	NULL,	0,	1,	0,	1,	113,	0,	0,	0,	-1,	'0',	0,	1),
(116,	0,	0,	0,	1,	0,	NULL,	NULL,	NULL,	1,	2,	'PARENT',	'/dashboard/system/permissions/users.php',	0,	NULL,	0,	1,	0,	2,	113,	0,	0,	0,	-1,	'0',	0,	1),
(117,	0,	0,	0,	1,	0,	NULL,	NULL,	NULL,	1,	2,	'PARENT',	'/dashboard/system/permissions/advanced.php',	0,	NULL,	0,	1,	0,	3,	113,	0,	0,	0,	-1,	'0',	0,	1),
(118,	0,	0,	0,	1,	0,	NULL,	NULL,	NULL,	1,	2,	'PARENT',	'/dashboard/system/permissions/workflows.php',	0,	NULL,	0,	1,	0,	4,	113,	0,	0,	0,	-1,	'0',	0,	1),
(119,	0,	0,	0,	1,	0,	NULL,	NULL,	NULL,	1,	2,	'PARENT',	'/dashboard/system/permissions/blacklist.php',	0,	NULL,	0,	1,	2,	5,	113,	0,	0,	0,	-1,	'0',	0,	1),
(120,	0,	0,	0,	1,	0,	NULL,	NULL,	NULL,	1,	2,	'PARENT',	'/dashboard/system/permissions/blacklist/configure.php',	0,	NULL,	0,	1,	0,	0,	119,	0,	0,	0,	-1,	'0',	0,	1),
(121,	0,	0,	0,	1,	0,	NULL,	NULL,	NULL,	1,	2,	'PARENT',	'/dashboard/system/permissions/blacklist/range.php',	0,	NULL,	0,	1,	0,	1,	119,	0,	0,	0,	-1,	'0',	0,	1),
(122,	0,	0,	0,	1,	0,	NULL,	NULL,	NULL,	1,	2,	'PARENT',	'/dashboard/system/permissions/captcha.php',	0,	NULL,	0,	1,	0,	6,	113,	0,	0,	0,	-1,	'0',	0,	1),
(123,	0,	0,	0,	1,	0,	NULL,	NULL,	NULL,	1,	2,	'PARENT',	'/dashboard/system/permissions/antispam.php',	0,	NULL,	0,	1,	0,	7,	113,	0,	0,	0,	-1,	'0',	0,	1),
(124,	0,	0,	0,	1,	0,	NULL,	NULL,	NULL,	1,	2,	'PARENT',	'/dashboard/system/permissions/maintenance.php',	0,	NULL,	0,	1,	0,	8,	113,	0,	0,	0,	-1,	'0',	0,	1),
(125,	0,	0,	0,	1,	0,	NULL,	NULL,	NULL,	1,	2,	'PARENT',	'/dashboard/system/permissions/trusted_proxies.php',	0,	NULL,	0,	1,	0,	9,	113,	0,	0,	0,	-1,	'0',	0,	1),
(126,	0,	0,	0,	1,	0,	NULL,	NULL,	NULL,	1,	2,	'PARENT',	'/dashboard/system/registration/view.php',	0,	NULL,	0,	1,	10,	8,	66,	0,	0,	0,	-1,	'0',	0,	1),
(127,	0,	0,	0,	1,	0,	NULL,	NULL,	NULL,	1,	2,	'PARENT',	'/dashboard/system/registration/open.php',	0,	NULL,	0,	1,	0,	0,	126,	0,	0,	0,	-1,	'0',	0,	1),
(128,	0,	0,	0,	1,	0,	NULL,	NULL,	NULL,	1,	2,	'PARENT',	'/dashboard/system/registration/postlogin.php',	0,	NULL,	0,	1,	0,	1,	126,	0,	0,	0,	-1,	'0',	0,	1),
(129,	0,	0,	0,	1,	0,	NULL,	NULL,	NULL,	1,	2,	'PARENT',	'/dashboard/system/registration/profiles.php',	0,	NULL,	0,	1,	0,	2,	126,	0,	0,	0,	-1,	'0',	0,	1),
(130,	0,	0,	0,	1,	0,	NULL,	NULL,	NULL,	1,	2,	'PARENT',	'/dashboard/system/registration/authentication.php',	0,	NULL,	0,	1,	0,	3,	126,	0,	0,	0,	-1,	'0',	0,	1),
(131,	0,	0,	0,	1,	0,	NULL,	NULL,	NULL,	1,	2,	'PARENT',	'/dashboard/system/registration/global_password_reset.php',	0,	NULL,	0,	1,	0,	4,	126,	0,	0,	0,	-1,	'0',	0,	1),
(132,	0,	0,	0,	1,	0,	NULL,	NULL,	NULL,	1,	2,	'PARENT',	'/dashboard/system/registration/notification.php',	0,	NULL,	0,	1,	0,	5,	126,	0,	0,	0,	-1,	'0',	0,	1),
(133,	0,	0,	0,	1,	0,	NULL,	NULL,	NULL,	1,	2,	'PARENT',	'/dashboard/system/registration/deactivation.php',	0,	NULL,	0,	1,	0,	6,	126,	0,	0,	0,	-1,	'0',	0,	1),
(134,	0,	0,	0,	1,	0,	NULL,	NULL,	NULL,	1,	2,	'PARENT',	'/dashboard/system/registration/automated_logout.php',	0,	NULL,	0,	1,	0,	7,	126,	0,	0,	0,	-1,	'0',	0,	1),
(135,	0,	0,	0,	1,	0,	NULL,	NULL,	NULL,	1,	2,	'PARENT',	'/dashboard/system/registration/password_requirements.php',	0,	NULL,	0,	1,	0,	8,	126,	0,	0,	0,	-1,	'0',	0,	1),
(136,	0,	0,	0,	1,	0,	NULL,	NULL,	NULL,	1,	2,	'PARENT',	'/dashboard/system/registration/session_options.php',	0,	NULL,	0,	1,	0,	9,	126,	0,	0,	0,	-1,	'0',	0,	1),
(137,	0,	0,	0,	1,	0,	NULL,	NULL,	NULL,	1,	2,	'PARENT',	'/dashboard/system/mail/view.php',	0,	NULL,	0,	1,	3,	9,	66,	0,	0,	0,	-1,	'0',	0,	1),
(138,	0,	0,	0,	1,	0,	NULL,	NULL,	NULL,	1,	2,	'PARENT',	'/dashboard/system/mail/method.php',	0,	NULL,	0,	1,	1,	0,	137,	0,	0,	0,	-1,	'0',	0,	1),
(139,	0,	0,	0,	1,	0,	NULL,	NULL,	NULL,	1,	2,	'PARENT',	'/dashboard/system/mail/method/test.php',	0,	NULL,	0,	1,	0,	0,	138,	0,	0,	0,	-1,	'0',	0,	1),
(140,	0,	0,	0,	1,	0,	NULL,	NULL,	NULL,	1,	2,	'PARENT',	'/dashboard/system/mail/importers.php',	0,	NULL,	0,	1,	0,	1,	137,	0,	0,	0,	-1,	'0',	0,	1),
(141,	0,	0,	0,	1,	0,	NULL,	NULL,	NULL,	1,	2,	'PARENT',	'/dashboard/system/mail/addresses.php',	0,	NULL,	0,	1,	0,	2,	137,	0,	0,	0,	-1,	'0',	0,	1),
(142,	0,	0,	0,	1,	0,	NULL,	NULL,	NULL,	1,	2,	'PARENT',	'/dashboard/system/calendar/view.php',	0,	NULL,	0,	1,	4,	10,	66,	0,	0,	0,	-1,	'0',	0,	1),
(143,	0,	0,	0,	1,	0,	NULL,	NULL,	NULL,	1,	2,	'PARENT',	'/dashboard/system/calendar/settings.php',	0,	NULL,	0,	1,	0,	0,	142,	0,	0,	0,	-1,	'0',	0,	1),
(144,	0,	0,	0,	1,	0,	NULL,	NULL,	NULL,	1,	2,	'PARENT',	'/dashboard/system/calendar/colors.php',	0,	NULL,	0,	1,	0,	1,	142,	0,	0,	0,	-1,	'0',	0,	1),
(145,	0,	0,	0,	1,	0,	NULL,	NULL,	NULL,	1,	2,	'PARENT',	'/dashboard/system/calendar/permissions.php',	0,	NULL,	0,	1,	0,	2,	142,	0,	0,	0,	-1,	'0',	0,	1),
(146,	0,	0,	0,	1,	0,	NULL,	NULL,	NULL,	1,	2,	'PARENT',	'/dashboard/system/calendar/import.php',	0,	NULL,	0,	1,	0,	3,	142,	0,	0,	0,	-1,	'0',	0,	1),
(147,	0,	0,	0,	1,	0,	NULL,	NULL,	NULL,	1,	2,	'PARENT',	'/dashboard/system/conversations/view.php',	0,	NULL,	0,	1,	4,	11,	66,	0,	0,	0,	-1,	'0',	0,	1),
(148,	0,	0,	0,	1,	0,	NULL,	NULL,	NULL,	1,	2,	'PARENT',	'/dashboard/system/conversations/settings.php',	0,	NULL,	0,	1,	0,	0,	147,	0,	0,	0,	-1,	'0',	0,	1),
(149,	0,	0,	0,	1,	0,	NULL,	NULL,	NULL,	1,	2,	'PARENT',	'/dashboard/system/conversations/points.php',	0,	NULL,	0,	1,	0,	1,	147,	0,	0,	0,	-1,	'0',	0,	1),
(150,	0,	0,	0,	1,	0,	NULL,	NULL,	NULL,	1,	2,	'PARENT',	'/dashboard/system/conversations/bannedwords.php',	0,	NULL,	0,	1,	0,	2,	147,	0,	0,	0,	-1,	'0',	0,	1),
(151,	0,	0,	0,	1,	0,	NULL,	NULL,	NULL,	1,	2,	'PARENT',	'/dashboard/system/conversations/permissions.php',	0,	NULL,	0,	1,	0,	3,	147,	0,	0,	0,	-1,	'0',	0,	1),
(152,	0,	0,	0,	1,	0,	NULL,	NULL,	NULL,	1,	2,	'PARENT',	'/dashboard/system/attributes/view.php',	0,	NULL,	0,	1,	3,	12,	66,	0,	0,	0,	-1,	'0',	0,	1),
(153,	0,	0,	0,	1,	0,	NULL,	NULL,	NULL,	1,	2,	'PARENT',	'/dashboard/system/attributes/types.php',	0,	NULL,	0,	1,	0,	0,	152,	0,	0,	0,	-1,	'0',	0,	1),
(154,	0,	0,	0,	1,	0,	NULL,	NULL,	NULL,	1,	2,	'PARENT',	'/dashboard/system/attributes/sets.php',	0,	NULL,	0,	1,	0,	1,	152,	0,	0,	0,	-1,	'0',	0,	1),
(155,	0,	0,	0,	1,	0,	NULL,	NULL,	NULL,	1,	2,	'PARENT',	'/dashboard/system/attributes/topics/view.php',	0,	NULL,	0,	1,	1,	2,	152,	0,	0,	0,	-1,	'0',	0,	1),
(156,	0,	0,	0,	1,	0,	NULL,	NULL,	NULL,	1,	2,	'PARENT',	'/dashboard/system/attributes/topics/add.php',	0,	NULL,	0,	1,	0,	0,	155,	0,	0,	0,	-1,	'0',	0,	1),
(157,	0,	0,	0,	1,	0,	NULL,	NULL,	NULL,	1,	2,	'PARENT',	'/dashboard/system/environment/view.php',	0,	NULL,	0,	1,	7,	13,	66,	0,	0,	0,	-1,	'0',	0,	1),
(158,	0,	0,	0,	1,	0,	NULL,	NULL,	NULL,	1,	2,	'PARENT',	'/dashboard/system/environment/info.php',	0,	NULL,	0,	1,	0,	0,	157,	0,	0,	0,	-1,	'0',	0,	1),
(159,	0,	0,	0,	1,	0,	NULL,	NULL,	NULL,	1,	2,	'PARENT',	'/dashboard/system/environment/debug.php',	0,	NULL,	0,	1,	0,	1,	157,	0,	0,	0,	-1,	'0',	0,	1),
(160,	0,	0,	0,	1,	0,	NULL,	NULL,	NULL,	1,	2,	'PARENT',	'/dashboard/system/environment/logging.php',	0,	NULL,	0,	1,	0,	2,	157,	0,	0,	0,	-1,	'0',	0,	1),
(161,	0,	0,	0,	1,	0,	NULL,	NULL,	NULL,	1,	2,	'PARENT',	'/dashboard/system/environment/proxy.php',	0,	NULL,	0,	1,	0,	3,	157,	0,	0,	0,	-1,	'0',	0,	1),
(162,	0,	0,	0,	1,	0,	NULL,	NULL,	NULL,	1,	2,	'PARENT',	'/dashboard/system/environment/entities.php',	0,	NULL,	0,	1,	0,	4,	157,	0,	0,	0,	-1,	'0',	0,	1),
(163,	0,	0,	0,	1,	0,	NULL,	NULL,	NULL,	1,	2,	'PARENT',	'/dashboard/system/environment/database_charset.php',	0,	NULL,	0,	1,	0,	5,	157,	0,	0,	0,	-1,	'0',	0,	1),
(164,	0,	0,	0,	1,	0,	NULL,	NULL,	NULL,	1,	2,	'PARENT',	'/dashboard/system/environment/geolocation.php',	0,	NULL,	0,	1,	0,	6,	157,	0,	0,	0,	-1,	'0',	0,	1),
(165,	0,	0,	0,	1,	0,	NULL,	NULL,	NULL,	1,	2,	'PARENT',	'/dashboard/system/update/view.php',	0,	NULL,	0,	1,	1,	14,	66,	0,	0,	0,	-1,	'0',	0,	1),
(166,	0,	0,	0,	1,	0,	NULL,	NULL,	NULL,	1,	2,	'PARENT',	'/dashboard/system/update/update.php',	0,	NULL,	0,	1,	0,	0,	165,	0,	0,	0,	-1,	'0',	0,	1),
(167,	0,	0,	0,	1,	0,	NULL,	NULL,	NULL,	1,	2,	'PARENT',	'/dashboard/system/api/view.php',	0,	NULL,	0,	1,	2,	15,	66,	0,	0,	0,	-1,	'0',	0,	1),
(168,	0,	0,	0,	1,	0,	NULL,	NULL,	NULL,	1,	2,	'PARENT',	'/dashboard/system/api/settings.php',	0,	NULL,	0,	1,	0,	0,	167,	0,	0,	0,	-1,	'0',	0,	1),
(169,	0,	0,	0,	1,	0,	NULL,	NULL,	NULL,	1,	2,	'PARENT',	'/dashboard/system/api/integrations.php',	0,	NULL,	0,	1,	0,	1,	167,	0,	0,	0,	-1,	'0',	0,	1),
(170,	0,	0,	0,	1,	0,	NULL,	NULL,	NULL,	1,	2,	'PARENT',	'/dashboard/welcome.php',	0,	NULL,	0,	1,	1,	0,	2,	0,	0,	0,	-1,	'0',	0,	1),
(171,	0,	0,	0,	1,	0,	NULL,	NULL,	NULL,	1,	2,	'PARENT',	NULL,	0,	NULL,	0,	1,	0,	0,	170,	0,	0,	0,	-1,	'0',	0,	1),
(172,	0,	0,	0,	1,	0,	NULL,	NULL,	NULL,	1,	1,	'PARENT',	'/!stacks/view.php',	0,	NULL,	0,	1,	8,	0,	0,	0,	0,	0,	-1,	'0',	0,	1),
(173,	0,	0,	0,	1,	0,	NULL,	NULL,	NULL,	1,	173,	'OVERRIDE',	'/page_not_found.php',	0,	NULL,	0,	1,	0,	0,	0,	0,	0,	0,	-1,	'0',	0,	1),
(174,	0,	0,	0,	1,	0,	NULL,	NULL,	NULL,	1,	1,	'PARENT',	'/!trash/view.php',	0,	NULL,	0,	1,	0,	0,	0,	0,	0,	0,	-1,	'0',	0,	1),
(175,	0,	0,	0,	1,	0,	NULL,	NULL,	NULL,	1,	175,	'OVERRIDE',	'/login.php',	0,	NULL,	0,	1,	0,	0,	0,	0,	0,	0,	-1,	'0',	0,	1),
(176,	0,	0,	0,	1,	0,	NULL,	NULL,	NULL,	1,	176,	'OVERRIDE',	'/register.php',	0,	NULL,	0,	1,	0,	0,	0,	0,	0,	0,	-1,	'0',	0,	1),
(177,	0,	0,	0,	1,	0,	NULL,	NULL,	NULL,	1,	1,	'PARENT',	'/account/view.php',	0,	NULL,	0,	1,	3,	0,	0,	0,	0,	0,	-1,	'0',	0,	1),
(178,	0,	0,	0,	1,	0,	NULL,	NULL,	NULL,	1,	1,	'PARENT',	'/account/edit_profile.php',	0,	NULL,	0,	1,	0,	0,	177,	0,	0,	0,	-1,	'0',	0,	1),
(179,	0,	0,	0,	1,	0,	NULL,	NULL,	NULL,	1,	1,	'PARENT',	'/account/avatar.php',	0,	NULL,	0,	1,	0,	1,	177,	0,	0,	0,	-1,	'0',	0,	1),
(180,	0,	0,	0,	1,	0,	NULL,	NULL,	NULL,	1,	1,	'PARENT',	'/account/messages.php',	0,	NULL,	0,	1,	0,	2,	177,	0,	0,	0,	-1,	'0',	0,	1),
(181,	0,	0,	0,	1,	0,	NULL,	NULL,	NULL,	1,	181,	'OVERRIDE',	'/page_forbidden.php',	0,	NULL,	0,	1,	0,	0,	0,	0,	0,	0,	-1,	'0',	0,	1),
(182,	0,	0,	0,	1,	0,	NULL,	NULL,	NULL,	1,	1,	'PARENT',	'/download_file.php',	0,	NULL,	0,	1,	0,	0,	0,	0,	0,	0,	-1,	'0',	0,	1),
(183,	1,	0,	0,	1,	0,	NULL,	NULL,	NULL,	1,	183,	'OVERRIDE',	'/!drafts/view.php',	0,	NULL,	0,	1,	2,	0,	0,	0,	0,	0,	-1,	'0',	0,	1),
(184,	1,	0,	0,	1,	0,	NULL,	NULL,	NULL,	1,	1,	'PARENT',	'/desktop.php',	0,	NULL,	0,	1,	0,	0,	0,	0,	0,	0,	-1,	'0',	0,	1),
(185,	0,	1,	0,	1,	0,	NULL,	NULL,	NULL,	1,	1,	'PARENT',	NULL,	0,	NULL,	0,	1,	0,	0,	172,	0,	0,	0,	-1,	'0',	0,	1),
(186,	0,	1,	0,	1,	0,	NULL,	NULL,	NULL,	1,	1,	'PARENT',	NULL,	0,	NULL,	0,	1,	0,	1,	172,	0,	0,	0,	-1,	'0',	0,	1),
(187,	0,	1,	0,	1,	0,	NULL,	NULL,	NULL,	1,	1,	'PARENT',	NULL,	0,	NULL,	0,	1,	0,	2,	172,	0,	0,	0,	-1,	'0',	0,	1),
(188,	0,	1,	0,	1,	0,	NULL,	NULL,	NULL,	1,	1,	'PARENT',	NULL,	0,	NULL,	0,	1,	0,	3,	172,	0,	0,	0,	-1,	'0',	0,	1),
(189,	0,	1,	0,	1,	0,	NULL,	NULL,	NULL,	1,	1,	'PARENT',	NULL,	0,	NULL,	0,	1,	0,	4,	172,	0,	0,	0,	-1,	'0',	0,	1),
(190,	0,	1,	0,	1,	0,	NULL,	NULL,	NULL,	1,	1,	'PARENT',	NULL,	0,	NULL,	0,	1,	0,	5,	172,	0,	0,	0,	-1,	'0',	0,	1),
(191,	0,	1,	0,	1,	0,	NULL,	NULL,	NULL,	1,	1,	'PARENT',	NULL,	0,	NULL,	0,	1,	0,	6,	172,	0,	0,	0,	-1,	'0',	0,	1),
(192,	0,	1,	0,	1,	0,	NULL,	NULL,	NULL,	1,	1,	'PARENT',	NULL,	0,	NULL,	0,	1,	0,	7,	172,	0,	0,	0,	-1,	'0',	0,	1),
(193,	1,	5,	1,	NULL,	0,	NULL,	NULL,	NULL,	1,	193,	'OVERRIDE',	NULL,	0,	NULL,	0,	1,	0,	0,	0,	0,	0,	0,	-1,	'0',	0,	0),
(194,	1,	5,	0,	1,	0,	NULL,	NULL,	NULL,	1,	1,	'PARENT',	NULL,	0,	NULL,	0,	1,	0,	0,	1,	0,	0,	0,	-1,	'0',	0,	0),
(195,	1,	10,	1,	NULL,	0,	NULL,	NULL,	NULL,	1,	195,	'OVERRIDE',	NULL,	0,	NULL,	0,	1,	0,	0,	0,	0,	0,	0,	-1,	'0',	0,	0),
(196,	1,	10,	0,	1,	0,	NULL,	NULL,	NULL,	1,	1,	'PARENT',	NULL,	0,	NULL,	0,	1,	6,	1,	1,	0,	0,	0,	-1,	'0',	0,	0),
(197,	1,	5,	0,	1,	0,	NULL,	NULL,	NULL,	1,	1,	'PARENT',	NULL,	0,	NULL,	0,	1,	3,	2,	1,	0,	0,	0,	-1,	'0',	0,	0),
(198,	1,	9,	1,	NULL,	0,	NULL,	NULL,	NULL,	1,	198,	'OVERRIDE',	NULL,	0,	NULL,	0,	1,	0,	0,	0,	0,	0,	0,	-1,	'0',	0,	0),
(199,	1,	9,	0,	1,	0,	NULL,	NULL,	NULL,	1,	1,	'PARENT',	NULL,	0,	NULL,	0,	1,	3,	3,	1,	0,	0,	0,	-1,	'0',	0,	0),
(200,	1,	5,	0,	1,	0,	NULL,	NULL,	NULL,	1,	1,	'PARENT',	NULL,	0,	NULL,	0,	1,	0,	4,	1,	0,	0,	0,	-1,	'0',	0,	0),
(201,	1,	5,	0,	1,	0,	NULL,	NULL,	NULL,	1,	1,	'PARENT',	NULL,	0,	NULL,	0,	1,	0,	5,	1,	0,	0,	0,	-1,	'0',	0,	0),
(202,	1,	5,	0,	1,	0,	NULL,	NULL,	NULL,	1,	1,	'PARENT',	NULL,	0,	NULL,	0,	1,	0,	6,	1,	0,	0,	0,	-1,	'0',	0,	0),
(203,	1,	8,	1,	NULL,	0,	NULL,	NULL,	NULL,	1,	203,	'OVERRIDE',	NULL,	0,	NULL,	0,	1,	0,	0,	0,	0,	0,	0,	-1,	'0',	0,	0),
(204,	1,	8,	0,	1,	0,	NULL,	NULL,	NULL,	1,	1,	'PARENT',	NULL,	0,	NULL,	0,	1,	0,	0,	196,	0,	0,	0,	-1,	'0',	0,	0),
(205,	1,	8,	0,	1,	0,	NULL,	NULL,	NULL,	1,	1,	'PARENT',	NULL,	0,	NULL,	0,	1,	0,	1,	196,	0,	0,	0,	-1,	'0',	0,	0),
(206,	1,	8,	0,	1,	0,	NULL,	NULL,	NULL,	1,	1,	'PARENT',	NULL,	0,	NULL,	0,	1,	0,	2,	196,	0,	0,	0,	-1,	'0',	0,	0),
(207,	1,	8,	0,	1,	0,	NULL,	NULL,	NULL,	1,	1,	'PARENT',	NULL,	0,	NULL,	0,	1,	0,	3,	196,	0,	0,	0,	-1,	'0',	0,	0),
(208,	1,	8,	0,	1,	0,	NULL,	NULL,	NULL,	1,	1,	'PARENT',	NULL,	0,	NULL,	0,	1,	0,	4,	196,	0,	0,	0,	-1,	'0',	0,	0),
(209,	1,	8,	0,	1,	0,	NULL,	NULL,	NULL,	1,	1,	'PARENT',	NULL,	0,	NULL,	0,	1,	0,	5,	196,	0,	0,	0,	-1,	'0',	0,	0),
(210,	1,	6,	1,	NULL,	0,	NULL,	NULL,	NULL,	1,	210,	'OVERRIDE',	NULL,	0,	NULL,	0,	1,	0,	0,	0,	0,	0,	0,	-1,	'0',	0,	0),
(211,	1,	6,	0,	1,	0,	NULL,	NULL,	NULL,	1,	1,	'PARENT',	NULL,	0,	NULL,	0,	1,	0,	0,	199,	0,	0,	0,	-1,	'0',	0,	0),
(212,	1,	6,	0,	1,	0,	NULL,	NULL,	NULL,	1,	1,	'PARENT',	NULL,	0,	NULL,	0,	1,	0,	1,	199,	0,	0,	0,	-1,	'0',	0,	0),
(213,	1,	6,	0,	1,	0,	NULL,	NULL,	NULL,	1,	1,	'PARENT',	NULL,	0,	NULL,	0,	1,	0,	2,	199,	0,	0,	0,	-1,	'0',	0,	0),
(214,	1,	0,	0,	1,	0,	NULL,	NULL,	NULL,	1,	1,	'PARENT',	NULL,	0,	NULL,	0,	1,	0,	0,	197,	0,	0,	0,	-1,	'0',	0,	0),
(215,	1,	5,	0,	1,	0,	NULL,	NULL,	NULL,	1,	1,	'PARENT',	NULL,	0,	NULL,	0,	1,	2,	1,	197,	0,	0,	0,	-1,	'0',	0,	0),
(216,	1,	5,	0,	1,	0,	NULL,	NULL,	NULL,	1,	1,	'PARENT',	NULL,	0,	NULL,	0,	1,	0,	2,	197,	0,	0,	0,	-1,	'0',	0,	0),
(217,	1,	7,	1,	NULL,	0,	NULL,	NULL,	NULL,	1,	217,	'OVERRIDE',	NULL,	0,	NULL,	0,	1,	0,	0,	0,	0,	0,	0,	-1,	'0',	0,	0),
(218,	1,	7,	0,	1,	0,	NULL,	NULL,	NULL,	1,	1,	'PARENT',	NULL,	0,	NULL,	0,	1,	0,	0,	215,	0,	0,	0,	-1,	'0',	0,	0),
(219,	1,	7,	0,	1,	0,	NULL,	NULL,	NULL,	1,	1,	'PARENT',	NULL,	0,	NULL,	0,	1,	0,	1,	215,	0,	0,	0,	-1,	'0',	0,	0),
(220,	1,	5,	1,	NULL,	0,	NULL,	NULL,	NULL,	1,	220,	'OVERRIDE',	NULL,	0,	NULL,	0,	1,	0,	0,	0,	0,	0,	0,	-1,	'0',	0,	0),
(221,	1,	5,	1,	NULL,	0,	NULL,	NULL,	NULL,	1,	221,	'OVERRIDE',	NULL,	0,	NULL,	0,	1,	0,	0,	0,	0,	0,	0,	-1,	'0',	0,	0),
(222,	1,	5,	1,	NULL,	0,	NULL,	NULL,	NULL,	1,	222,	'OVERRIDE',	NULL,	0,	NULL,	0,	1,	0,	0,	0,	0,	0,	0,	-1,	'0',	0,	0),
(224,	0,	0,	0,	1,	0,	NULL,	NULL,	NULL,	1,	2,	'PARENT',	'/dashboard/blocks/block_order.php',	0,	NULL,	0,	1,	0,	3,	55,	7,	0,	0,	-1,	'0',	0,	1),
(225,	0,	0,	0,	1,	0,	NULL,	NULL,	NULL,	1,	2,	'PARENT',	'/dashboard/blocks/block_designer.php',	0,	NULL,	0,	1,	2,	4,	55,	7,	0,	0,	-1,	'0',	0,	1),
(226,	0,	0,	0,	1,	0,	NULL,	NULL,	NULL,	1,	2,	'PARENT',	'/dashboard/blocks/block_designer/block_config.php',	0,	NULL,	0,	1,	0,	0,	225,	7,	0,	0,	-1,	'0',	0,	1),
(227,	0,	0,	0,	1,	0,	NULL,	NULL,	NULL,	1,	2,	'PARENT',	'/dashboard/blocks/block_designer/settings.php',	0,	NULL,	0,	1,	0,	1,	225,	7,	0,	0,	-1,	'0',	0,	1),
(228,	1,	5,	0,	1,	0,	NULL,	NULL,	NULL,	1,	183,	'PARENT',	NULL,	0,	NULL,	0,	0,	0,	0,	183,	0,	0,	1,	-1,	'0',	0,	1),
(229,	1,	5,	0,	1,	0,	NULL,	NULL,	NULL,	1,	183,	'PARENT',	NULL,	0,	NULL,	0,	0,	0,	1,	183,	0,	0,	1,	-1,	'0',	0,	1),
(230,	1,	5,	0,	1,	1,	1,	'2022-01-07 14:18:32',	'2022-01-07 14:18:32',	1,	1,	'PARENT',	NULL,	0,	NULL,	0,	1,	0,	7,	1,	0,	1,	0,	-1,	'0',	0,	0),
(231,	1,	5,	0,	1,	0,	NULL,	NULL,	NULL,	1,	1,	'PARENT',	NULL,	0,	NULL,	0,	1,	0,	8,	1,	0,	1,	0,	-1,	'0',	0,	0),
(232,	1,	5,	1,	NULL,	0,	NULL,	NULL,	NULL,	1,	232,	'OVERRIDE',	NULL,	0,	NULL,	0,	1,	0,	0,	0,	0,	0,	0,	-1,	'0',	0,	0),
(233,	1,	5,	1,	NULL,	0,	NULL,	NULL,	NULL,	1,	233,	'OVERRIDE',	NULL,	0,	NULL,	0,	1,	0,	0,	0,	0,	0,	0,	-1,	'0',	0,	0);

DROP TABLE IF EXISTS `PageSearchIndex`;
CREATE TABLE `PageSearchIndex` (
  `cID` int(10) unsigned NOT NULL DEFAULT '0',
  `content` longtext COLLATE utf8mb4_unicode_ci,
  `cName` varchar(255) COLLATE utf8mb4_unicode_ci DEFAULT NULL,
  `cDescription` text COLLATE utf8mb4_unicode_ci,
  `cPath` text COLLATE utf8mb4_unicode_ci,
  `cDatePublic` datetime DEFAULT NULL,
  `cDateLastIndexed` datetime DEFAULT NULL,
  `cDateLastSitemapped` datetime DEFAULT NULL,
  `cRequiresReindex` tinyint(1) DEFAULT '0',
  PRIMARY KEY (`cID`),
  KEY `cDateLastIndexed` (`cDateLastIndexed`),
  KEY `cDateLastSitemapped` (`cDateLastSitemapped`),
  KEY `cRequiresReindex` (`cRequiresReindex`),
  FULLTEXT KEY `cName` (`cName`),
  FULLTEXT KEY `cDescription` (`cDescription`),
  FULLTEXT KEY `content` (`content`),
  FULLTEXT KEY `content2` (`cName`,`cDescription`,`content`)
) ENGINE=InnoDB DEFAULT CHARSET=utf8mb4 COLLATE=utf8mb4_unicode_ci;

INSERT INTO `PageSearchIndex` (`cID`, `content`, `cName`, `cDescription`, `cPath`, `cDatePublic`, `cDateLastIndexed`, `cDateLastSitemapped`, `cRequiresReindex`) VALUES
(1,	'Stand Out on the Web \n                                     Share your business with an impressive, yet minimal presentation. Let your customers understand your web presence through elegance and clarity.  A Simple Image Slider \n                                     This image slider can have any content that you want in it.   Easy to Edit \n                                                    Pellentesque ultricies ligula vel neque dictum, eu mollis tortor adipiscing. Etiam congue, est vel tincidunt vestibulum, nunc nunc porta nulla, at adipiscing neque tellus quis urna. Pixel Perfect \n                                                    Pellentesque ultricies ligula vel neque dictum, eu mollis tortor adipiscing. Etiam congue, est vel tincidunt vestibulum, nunc nunc porta nulla, at adipiscing neque tellus quis urna. Media Rich \n                                                    Pellentesque ultricies ligula vel neque dictum, eu mollis tortor adipiscing. Etiam congue, est vel tincidunt vestibulum, nunc nunc porta nulla, at adipiscing neque tellus quis urna. \n                                    Presenting your Business has never been so easy Pellentesque ultricies ligula vel neque dictum, eu mollis tortor adipiscing. Etiam congue, est vel tincidunt vestibulum, nunc nunc porta nulla, at adipiscing neque tellus quis urna.  Latest Blog Post Now Open For Business \n                                                       We specialize in making your concepts a reality.          Sed cursus facilisis dignissim. Aliquam rhoncus enim et pellentesque varius. Nulla sodales nibh lorem, sit amet imperdiet arcu commodo sit amet. Mauris sed scelerisque nisl. Ut auctor ipsum tellus, vel viverra massa elementum sit amet.          Sed adipiscing tempus sem eu molestie. Aenean laoreet pretium ante vitae ultrices. Aenean eu gravida magna, vel aliquet magna. In auctor convallis gravida.            Contact Us Today    \n                                    Customizable footer area with accent class.  About IACAPAP 2022 Lorem Ipsum has been the industry\'s standard dummy Program Lorem Ipsum has been the industry\'s standard dummy Travel To Dubai Lorem Ipsum has been the industry\'s standard dummy PROGRAM OVERVIEW Child & Adolescent Mental Health: Shaping The Future With the advent of modern technology, child mental health is on the verge of witnessing a revolution. Harnessing modern technology will indeed change every aspect of mental health practice and offer exceptional opportunities for patients, families, and the community at large. With advancements in brain imaging, genomics and personalized medicine, psychiatric diagnosis will become more specific and treatments more personalized, shaping the way for better outcomes. The spread of Telepsychiatry will allow access to patients who otherwise had no access to treatment. https://player.vimeo.com/video/660651842?h=cfcb1c8f55 COUNTDOWN TO CONFERENCE Message from the Conference Chair Assalam Alaikum \r\n \r\nGreetings to IACAPAP members and colleagues from all over the world. \r\n \r\nIt gives me immense pleasure to welcome you all to the 25th World Congress of IACAPAP , which will be held in Dubai in 2022. This congress will discuss extremely important and timely child and adolescent mental health topics in a remarkable and unique destination, Dubai, the city of future. The Congress will serve as a global hub for scientists, clinicians, from all over the world to present their work, and discuss latest advances under the theme of  Child and Adolescent Mental Health : Shaping the Future. \r\n   \r\n\r\nThe topic of mental health has never been more important. As the world is going through this pandemic that is causing significant distress especially on vulnerable populations such as children. Although we live in unprecedented and unpredictable times, we are hopeful that with the consorted efforts to combat COVID-19 we will be able to welcome you all in person for the congress , to enjoy the scientific content , collaborate with colleagues and enjoy the beautiful city of Dubai ! \r\n \r\nLet us join hands to enhance the future of our children and youth. We look forward to welcoming you all to our city, your city, Dubai. \r\n  \r\nDr. Ammar Albanna \r\nConference Chair \r\n25th World Congress of IACAPAP - Dubai 2022 \r\nwww.iacapap2022.com \r\n Lorem Ipsum Lorem Ipsum has been the industry\'s standard dummy ever since the 1500s, when an unknown printer Lorem Ipsum Lorem Ipsum has been the industry\'s standard dummy ever since the 1500s, when an unknown printer Lorem Ipsum Lorem Ipsum has been the industry\'s standard dummy ever since the 1500s, when an unknown printer Lorem Ipsum Lorem Ipsum has been the industry\'s standard dummy ever since the 1500s, when an unknown printer Heres What To Expect  The 25th World Congress of the International Association for Child and Adolescent Psychiatry and Allied Professions (IACAPAP) will be held from December 05th- 9th 2022 in Dubai, United Arab Emirates. \r\n\r\n The congress will serve as a global hub for scientists and clinicians from all over the world to present their work and latest advancements in the flied under the theme of Child and Adolescent Mental Health: Shaping The Future. \r\n Lorem Ipsum Dummy Lorem Ipsum has been the industry\'s standard dummy text ever since the 1500s, when an unknown printer took a galley of type and scrambled it to make a type specimen book. Lorem Ipsum Dummy Lorem Ipsum has been the industry\'s standard dummy text ever since the 1500s, when an unknown printer took a galley of type and scrambled it to make a type specimen book. Informationof Registration Lorem Ipsum has been the industry\'s standard dummy ever since the 1500s, when an unknown printer Who Should Attend? Open for members of IACAPAP only. If you are a member of Full Member organisation, please contact your national organisation to obtain the webinar registration link. Regionally Pertinent Topics The number of children suffering around the globe has increased exponentially over the last decades. Tragically, the domestic and military conflicts that are rampant in many areas are exploiting children in unprecedented numbers. Children are forced into hard labour, military combat, the sex slave trade, and suicide. Many others bear witness to abject poverty, inhumane living conditions and unfathomable violence. In short, there is a generation of traumatized and neglected victims who have been deprived of their basic rights as a child. United Nations and its supporting affiliates cannot come close to handling the magnitude of this problem. Efforts will be required by all governmental and nongovernmental agencies to assess and provide the resources required to tackle this issue globally. By strategically planning meetings, IACAPAP can play a role in bringing attention to this monumental issue by being visible in the most affected areas. This will lend greater opportunity to directing resources from regional governments and organizations to the mental health sector, as it deals with the daunting task of rebuilding the lives of so many young, innocent, voiceless victims. Become A Sponsor If you are interested in becoming a sponsor or exhibitor at IACAPAP 2022, contact us on: IACAPAP2022@dwtc.com Online Registration Lorem Ipsum has been the industry\'s standard dummy ever since the 1500s, when an unknown printer Registration T&C Lorem Ipsum has been the industry\'s standard dummy ever since the 1500s, when an unknown printer Workshops Scientific Topics\r\n ',	'Home',	NULL,	NULL,	'2021-12-05 08:54:22',	'2022-01-04 16:21:23',	NULL,	0),
(171,	'',	'Waiting for Me',	NULL,	'/dashboard/welcome/me',	'2021-12-05 08:55:44',	'2021-12-05 08:55:51',	NULL,	0),
(194,	'Our Expertise Quality \n                                                    Lorem ipsum dolor sit amet, consectetur adipiscing elit. Nulla sodales non leo id aliquet. Design \n                                                    Lorem ipsum dolor sit amet, consectetur adipiscing elit. Nulla sodales non leo id aliquet. Development \n                                                    Lorem ipsum dolor sit amet, consectetur adipiscing elit. Nulla sodales non leo id aliquet. Security \n                                                    Lorem ipsum dolor sit amet, consectetur adipiscing elit. Nulla sodales non leo id aliquet. \n                                                    Awesome Features Curabitur sagittis elementum felis at sodales. Nullam fermentum at urna quis accumsan. Nam bibendum leo nisi, lacinia molestie arcu consequat quis. Morbi at suscipit risus. Sed consequat eleifend metus, vitae malesuada eros elementum sed.  Guide Books Fusce risus felis, viverra et dignissim at, lobortis non est. Lorem ipsum dolor sit amet, consectetur adipiscing elit. Nullam sit amet consectetur lacus. Vestibulum neque lectus, egestas non cursus vitae, aliquam at magna. Etiam aliquam, justo et varius eleifend, dui lectus egestas nunc, vel malesuada nisl purus nec metus.  Admin Accounts Fusce risus felis, viverra et dignissim at, lobortis non est. Lorem ipsum dolor sit amet, consectetur adipiscing elit. Nullam sit amet consectetur lacus. Vestibulum neque lectus, egestas non cursus vitae, aliquam at magna. Etiam aliquam, justo et varius eleifend, dui lectus egestas nunc, vel malesuada nisl purus nec metus.  \n                                                    Support Curabitur sagittis elementum felis at sodales. Nullam fermentum at urna quis accumsan. Nam bibendum leo nisi, lacinia molestie arcu consequat quis. Morbi at suscipit risus. Sed consequat eleifend metus, vitae malesuada eros elementum sed.  Additional Options Fusce risus felis, viverra et dignissim at, lobortis non est. Lorem ipsum dolor sit amet, consectetur adipiscing elit. Nullam sit amet consectetur lacus. Vestibulum neque lectus, egestas non cursus vitae, aliquam at magna.  Etiam aliquam, justo et varius eleifend, dui lectus egestas nunc, vel malesuada nisl purus nec metus. In gravida turpis a pharetra commodo. Donec non turpis vulputate, faucibus metus a, consectetur nunc. Morbi tortor nisi, hendrerit sed laoreet eget, fermentum et justo. Suspendisse potenti.  \n                                    What Clients Are Saying About Us  Franz Maruna\nCEO & Founder\nconcrete5\n\n                                                    Curabitur sagittis elementum felis at sodales. Nullam fermentum at urna quis accumsan. Nam bibendum leo nisi, lacinia molestie arcu consequat quis. Morbi at suscipit risus. John Doe\nMarketing Directory\nCompanyCo\n\n                                                    Curabitur sagittis elementum felis at sodales. Nullam fermentum at urna quis accumsan. Nam bibendum leo nisi, lacinia molestie arcu consequat quis. Morbi at suscipit risus. Andrew Embler\nCTO & Founder\nconcrete5\n\n                                                    Curabitur sagittis elementum felis at sodales. Nullam fermentum at urna quis accumsan. Nam bibendum leo nisi, lacinia molestie arcu consequat quis. Morbi at suscipit risus. Jane Doe\nIT Manager\nCompanyCo\n\n                                                    Curabitur sagittis elementum felis at sodales. Nullam fermentum at urna quis accumsan. Nam bibendum leo nisi, lacinia molestie arcu consequat quis. Morbi at suscipit risus. ',	'Services',	NULL,	'/services',	'2021-12-05 08:56:03',	'2021-12-05 08:56:09',	NULL,	0),
(196,	'',	'Portfolio',	NULL,	'/portfolio',	'2021-12-05 08:56:03',	'2021-12-05 08:56:10',	NULL,	0),
(197,	'John Smith\nCo-Founder / CEO\n\n\n                                                    Curabitur sagittis elementum felis at sodales. Nullam fermentum at urna quis accumsan. Nam bibendum leo nisi, lacinia molestie arcu consequat quis. Bob Smith\nCo-Founder / CTO\n\n\n                                                    Curabitur sagittis elementum felis at sodales. Nullam fermentum at urna quis accumsan. Nam bibendum leo nisi, lacinia molestie arcu consequat quis. John Smith\nArt Director\n\n\n                                                    Curabitur sagittis elementum felis at sodales. Nullam fermentum at urna quis accumsan. Nam bibendum leo nisi, lacinia molestie arcu consequat quis. John Smith\nArt Director\n\n\n                                                    Curabitur sagittis elementum felis at sodales. Nullam fermentum at urna quis accumsan. Nam bibendum leo nisi, lacinia molestie arcu consequat quis. Bob Smith\nArt Director\n\n\n                                                    Curabitur sagittis elementum felis at sodales. Nullam fermentum at urna quis accumsan. Nam bibendum leo nisi, lacinia molestie arcu consequat quis. Bob Smith\nArt Director\n\n\n                                                    Curabitur sagittis elementum felis at sodales. Nullam fermentum at urna quis accumsan. Nam bibendum leo nisi, lacinia molestie arcu consequat quis. Bob Smith\nArt Director\n\n\n                                                    Curabitur sagittis elementum felis at sodales. Nullam fermentum at urna quis accumsan. Nam bibendum leo nisi, lacinia molestie arcu consequat quis. Bob Smith\nArt Director\n\n\n                                                    Curabitur sagittis elementum felis at sodales. Nullam fermentum at urna quis accumsan. Nam bibendum leo nisi, lacinia molestie arcu consequat quis. \n                                                    Get in Touch  Sed cursus facilisis dignissim. Aliquam rhoncus enim et pellentesque varius. Nulla sodales nibh lorem, sit amet imperdiet arcu commodo sit amet.    Contact Us  ',	'Team',	NULL,	'/team',	'2021-12-05 08:56:04',	'2021-12-05 08:56:15',	NULL,	0),
(199,	'',	'Blog',	NULL,	'/blog',	'2021-12-05 08:56:04',	'2021-12-05 08:56:15',	NULL,	0),
(200,	'',	'Search',	NULL,	'/search',	'2021-12-05 08:56:04',	'2021-12-05 08:56:17',	NULL,	0),
(201,	'\n                                                    Headquarters 1234 SE Street View Suite 301 Portland, OR 98101 HOURS  M-F:  10 AM - 7 PM Sat: Noon - Midnight Sun: Closed  \n                                                    Choosing Us Pellentesque ultricies ligula vel neque dictum, eu mollis tortor adipiscing. Etiam congue, est vel tincidunt vestibulum, nunc nunc porta nulla, at adipiscing neque tellus quis urna. Quisque dignissim neque a ipsum sodales, mattis aliquam ante dictum. Vestibulum elementum pellentesque tortor ac congue. Mauris vel nibh id metus tincidunt eleifend. In interdum gravida ligula, at venenatis odio fermentum at. Donec dapibus enim lectus, quis venenatis tellus volutpat in. Nullam in velit tortor.  We would love to hear from you! ',	'Contact',	NULL,	'/contact',	'2021-12-05 08:56:04',	'2021-12-05 08:56:18',	NULL,	0),
(202,	' This is my empty content block on my blank page.  fasdf ewrre werwerwer fasdf ewrre werwerwerfasdf ewrre werwerwerfasdf ewrre werwerwerfasdf ewrre werwerwerfasdf ewrre werwerwerfasdf ewrre werwerwerfasdf ewrre werwerwerfasdf ewrre werwerwerfasdf ewrre werwerwer Lorem Ipsum Lorem Ipsum has been the industry\'s standard dummy ever since the 1500s, when an unknown printer Lorem Ipsum Lorem Ipsum has been the industry\'s standard dummy ever since the 1500s, when an unknown printer hdsakhd ad dsjahdi dsadh hdsakhd ad dsjahdi dsadhhdsakhd ad dsjahdi dsadhhdsakhd ad dsjahdi dsadhhdsakhd ad dsjahdi dsadhhdsakhd ad dsjahdi dsadhhdsakhd ad dsjahdi dsadhhdsakhd ad dsjahdi dsadh ',	'Blank Page',	NULL,	'/blank-page',	'2021-12-05 08:56:04',	'2021-12-29 16:39:44',	NULL,	0),
(204,	'\n                                    Lorem ipsum dolor sit amet, consectetur adipiscing elit. Morbi tempus nibh a laoreet cursus. Phasellus malesuada vulputate bibendum. Ut vitae justo nisi. Sed consectetur vestibulum tortor, in bibendum diam lacinia vitae. Nullam volutpat risus quis orci consectetur adipiscing. In commodo vulputate arcu sit amet ornare. Vivamus ut iaculis velit. Pellentesque euismod lacus sed accumsan luctus. Suspendisse urna felis, lacinia vel tempor id, ultricies rutrum nisl. Nunc ultrices nulla et bibendum molestie. Phasellus porttitor sit amet libero vel fermentum. Sed sapien risus, eleifend vel hendrerit eu, porta vel tellus. Duis faucibus odio et magna varius, quis accumsan tellus vestibulum. Nam nunc nulla, convallis at elementum pharetra, adipiscing quis enim. Donec feugiat porttitor dolor, nec porttitor mi auctor eget. Fusce iaculis varius diam non dictum. Fusce elementum a nunc vel tincidunt. Morbi nec est elementum, vehicula odio nec, lobortis lacus. Nulla ultricies vitae nunc ut lacinia. Proin mattis felis sem, eu consectetur arcu varius et. Duis at lectus eu lorem elementum aliquet nec in elit. Vestibulum non metus ac risus adipiscing pellentesque sed sit amet lorem. Donec viverra, metus in varius pulvinar, augue nunc accumsan eros, a pulvinar est elit vitae nulla.  Duis non leo in enim laoreet pretium. Nullam vitae neque nec libero pharetra tempor at faucibus lectus. Cum sociis natoque penatibus et magnis dis parturient montes, nascetur ridiculus mus. Sed imperdiet convallis arcu. Nam sollicitudin sollicitudin lacus non dictum. Aliquam erat volutpat. Nulla sapien quam, consequat non dui ut, eleifend sodales orci. Praesent quis lorem accumsan, volutpat lectus a, sollicitudin erat. Donec faucibus mi in sapien volutpat, ac auctor lorem mollis. Proin eget turpis non lacus bibendum porta non ac justo. Aliquam aliquam viverra lorem ac rutrum. In et sapien sit amet diam vestibulum cursus ut tristique tellus.  Ut in purus mi. Etiam ac aliquet ipsum. Pellentesque faucibus diam dui. Morbi a semper orci. Ut nec malesuada urna. Vestibulum aliquet ante ac lacus dictum, sit amet pulvinar leo laoreet. Maecenas ut est commodo, commodo quam nec, dignissim est. Quisque rutrum molestie nunc, sed mollis nulla volutpat et. Donec dignissim ornare augue eu aliquam. Aliquam in tincidunt velit. In at fermentum mauris, ut accumsan nisl. Interdum et malesuada fames ac ante ipsum primis in faucibus.  Integer ac nulla at nisi sodales ullamcorper id in justo. Cum sociis natoque penatibus et magnis dis parturient montes, nascetur ridiculus mus. Etiam pharetra elit odio, ac mattis turpis consequat ac. Pellentesque tincidunt sed enim nec auctor. Quisque varius, felis a hendrerit faucibus, nunc lorem varius nibh, vel dignissim velit dolor ut elit. Mauris ut vulputate neque. Donec at est vitae massa egestas fringilla. Praesent a tristique nibh. Nunc blandit dui risus, quis rhoncus nisi consectetur vel.  ',	'Project Title',	'Pellentesque ultricies ligula vel neque dictum, eu mollis tortor adipiscing.',	'/portfolio/project-title',	'2014-08-06 15:30:00',	'2021-12-05 08:56:10',	NULL,	0),
(205,	'\n                                    Lorem ipsum dolor sit amet, consectetur adipiscing elit. Morbi tempus nibh a laoreet cursus. Phasellus malesuada vulputate bibendum. Ut vitae justo nisi. Sed consectetur vestibulum tortor, in bibendum diam lacinia vitae. Nullam volutpat risus quis orci consectetur adipiscing. In commodo vulputate arcu sit amet ornare. Vivamus ut iaculis velit. Pellentesque euismod lacus sed accumsan luctus. Suspendisse urna felis, lacinia vel tempor id, ultricies rutrum nisl. Nunc ultrices nulla et bibendum molestie. Phasellus porttitor sit amet libero vel fermentum. Sed sapien risus, eleifend vel hendrerit eu, porta vel tellus. Duis faucibus odio et magna varius, quis accumsan tellus vestibulum. Nam nunc nulla, convallis at elementum pharetra, adipiscing quis enim. Donec feugiat porttitor dolor, nec porttitor mi auctor eget. Fusce iaculis varius diam non dictum. Fusce elementum a nunc vel tincidunt. Morbi nec est elementum, vehicula odio nec, lobortis lacus. Nulla ultricies vitae nunc ut lacinia. Proin mattis felis sem, eu consectetur arcu varius et. Duis at lectus eu lorem elementum aliquet nec in elit. Vestibulum non metus ac risus adipiscing pellentesque sed sit amet lorem. Donec viverra, metus in varius pulvinar, augue nunc accumsan eros, a pulvinar est elit vitae nulla.  Duis non leo in enim laoreet pretium. Nullam vitae neque nec libero pharetra tempor at faucibus lectus. Cum sociis natoque penatibus et magnis dis parturient montes, nascetur ridiculus mus. Sed imperdiet convallis arcu. Nam sollicitudin sollicitudin lacus non dictum. Aliquam erat volutpat. Nulla sapien quam, consequat non dui ut, eleifend sodales orci. Praesent quis lorem accumsan, volutpat lectus a, sollicitudin erat. Donec faucibus mi in sapien volutpat, ac auctor lorem mollis. Proin eget turpis non lacus bibendum porta non ac justo. Aliquam aliquam viverra lorem ac rutrum. In et sapien sit amet diam vestibulum cursus ut tristique tellus.  Ut in purus mi. Etiam ac aliquet ipsum. Pellentesque faucibus diam dui. Morbi a semper orci. Ut nec malesuada urna. Vestibulum aliquet ante ac lacus dictum, sit amet pulvinar leo laoreet. Maecenas ut est commodo, commodo quam nec, dignissim est. Quisque rutrum molestie nunc, sed mollis nulla volutpat et. Donec dignissim ornare augue eu aliquam. Aliquam in tincidunt velit. In at fermentum mauris, ut accumsan nisl. Interdum et malesuada fames ac ante ipsum primis in faucibus.  Integer ac nulla at nisi sodales ullamcorper id in justo. Cum sociis natoque penatibus et magnis dis parturient montes, nascetur ridiculus mus. Etiam pharetra elit odio, ac mattis turpis consequat ac. Pellentesque tincidunt sed enim nec auctor. Quisque varius, felis a hendrerit faucibus, nunc lorem varius nibh, vel dignissim velit dolor ut elit. Mauris ut vulputate neque. Donec at est vitae massa egestas fringilla. Praesent a tristique nibh. Nunc blandit dui risus, quis rhoncus nisi consectetur vel.  ',	'Project Title 2',	'Pellentesque ultricies ligula vel neque dictum, eu mollis tortor adipiscing.',	'/portfolio/project-title-2',	'2014-08-06 15:20:00',	'2021-12-05 08:56:11',	NULL,	0),
(206,	'\n                                    Lorem ipsum dolor sit amet, consectetur adipiscing elit. Morbi tempus nibh a laoreet cursus. Phasellus malesuada vulputate bibendum. Ut vitae justo nisi. Sed consectetur vestibulum tortor, in bibendum diam lacinia vitae. Nullam volutpat risus quis orci consectetur adipiscing. In commodo vulputate arcu sit amet ornare. Vivamus ut iaculis velit. Pellentesque euismod lacus sed accumsan luctus. Suspendisse urna felis, lacinia vel tempor id, ultricies rutrum nisl. Nunc ultrices nulla et bibendum molestie. Phasellus porttitor sit amet libero vel fermentum. Sed sapien risus, eleifend vel hendrerit eu, porta vel tellus. Duis faucibus odio et magna varius, quis accumsan tellus vestibulum. Nam nunc nulla, convallis at elementum pharetra, adipiscing quis enim. Donec feugiat porttitor dolor, nec porttitor mi auctor eget. Fusce iaculis varius diam non dictum. Fusce elementum a nunc vel tincidunt. Morbi nec est elementum, vehicula odio nec, lobortis lacus. Nulla ultricies vitae nunc ut lacinia. Proin mattis felis sem, eu consectetur arcu varius et. Duis at lectus eu lorem elementum aliquet nec in elit. Vestibulum non metus ac risus adipiscing pellentesque sed sit amet lorem. Donec viverra, metus in varius pulvinar, augue nunc accumsan eros, a pulvinar est elit vitae nulla.  Duis non leo in enim laoreet pretium. Nullam vitae neque nec libero pharetra tempor at faucibus lectus. Cum sociis natoque penatibus et magnis dis parturient montes, nascetur ridiculus mus. Sed imperdiet convallis arcu. Nam sollicitudin sollicitudin lacus non dictum. Aliquam erat volutpat. Nulla sapien quam, consequat non dui ut, eleifend sodales orci. Praesent quis lorem accumsan, volutpat lectus a, sollicitudin erat. Donec faucibus mi in sapien volutpat, ac auctor lorem mollis. Proin eget turpis non lacus bibendum porta non ac justo. Aliquam aliquam viverra lorem ac rutrum. In et sapien sit amet diam vestibulum cursus ut tristique tellus.  Ut in purus mi. Etiam ac aliquet ipsum. Pellentesque faucibus diam dui. Morbi a semper orci. Ut nec malesuada urna. Vestibulum aliquet ante ac lacus dictum, sit amet pulvinar leo laoreet. Maecenas ut est commodo, commodo quam nec, dignissim est. Quisque rutrum molestie nunc, sed mollis nulla volutpat et. Donec dignissim ornare augue eu aliquam. Aliquam in tincidunt velit. In at fermentum mauris, ut accumsan nisl. Interdum et malesuada fames ac ante ipsum primis in faucibus.  Integer ac nulla at nisi sodales ullamcorper id in justo. Cum sociis natoque penatibus et magnis dis parturient montes, nascetur ridiculus mus. Etiam pharetra elit odio, ac mattis turpis consequat ac. Pellentesque tincidunt sed enim nec auctor. Quisque varius, felis a hendrerit faucibus, nunc lorem varius nibh, vel dignissim velit dolor ut elit. Mauris ut vulputate neque. Donec at est vitae massa egestas fringilla. Praesent a tristique nibh. Nunc blandit dui risus, quis rhoncus nisi consectetur vel.  ',	'Project Title 3',	'Pellentesque ultricies ligula vel neque dictum, eu mollis tortor adipiscing.',	'/portfolio/project-title-3',	'2014-08-06 15:10:00',	'2021-12-05 08:56:12',	NULL,	0),
(207,	'\n                                    Lorem ipsum dolor sit amet, consectetur adipiscing elit. Morbi tempus nibh a laoreet cursus. Phasellus malesuada vulputate bibendum. Ut vitae justo nisi. Sed consectetur vestibulum tortor, in bibendum diam lacinia vitae. Nullam volutpat risus quis orci consectetur adipiscing. In commodo vulputate arcu sit amet ornare. Vivamus ut iaculis velit. Pellentesque euismod lacus sed accumsan luctus. Suspendisse urna felis, lacinia vel tempor id, ultricies rutrum nisl. Nunc ultrices nulla et bibendum molestie. Phasellus porttitor sit amet libero vel fermentum. Sed sapien risus, eleifend vel hendrerit eu, porta vel tellus. Duis faucibus odio et magna varius, quis accumsan tellus vestibulum. Nam nunc nulla, convallis at elementum pharetra, adipiscing quis enim. Donec feugiat porttitor dolor, nec porttitor mi auctor eget. Fusce iaculis varius diam non dictum. Fusce elementum a nunc vel tincidunt. Morbi nec est elementum, vehicula odio nec, lobortis lacus. Nulla ultricies vitae nunc ut lacinia. Proin mattis felis sem, eu consectetur arcu varius et. Duis at lectus eu lorem elementum aliquet nec in elit. Vestibulum non metus ac risus adipiscing pellentesque sed sit amet lorem. Donec viverra, metus in varius pulvinar, augue nunc accumsan eros, a pulvinar est elit vitae nulla.  Duis non leo in enim laoreet pretium. Nullam vitae neque nec libero pharetra tempor at faucibus lectus. Cum sociis natoque penatibus et magnis dis parturient montes, nascetur ridiculus mus. Sed imperdiet convallis arcu. Nam sollicitudin sollicitudin lacus non dictum. Aliquam erat volutpat. Nulla sapien quam, consequat non dui ut, eleifend sodales orci. Praesent quis lorem accumsan, volutpat lectus a, sollicitudin erat. Donec faucibus mi in sapien volutpat, ac auctor lorem mollis. Proin eget turpis non lacus bibendum porta non ac justo. Aliquam aliquam viverra lorem ac rutrum. In et sapien sit amet diam vestibulum cursus ut tristique tellus.  Ut in purus mi. Etiam ac aliquet ipsum. Pellentesque faucibus diam dui. Morbi a semper orci. Ut nec malesuada urna. Vestibulum aliquet ante ac lacus dictum, sit amet pulvinar leo laoreet. Maecenas ut est commodo, commodo quam nec, dignissim est. Quisque rutrum molestie nunc, sed mollis nulla volutpat et. Donec dignissim ornare augue eu aliquam. Aliquam in tincidunt velit. In at fermentum mauris, ut accumsan nisl. Interdum et malesuada fames ac ante ipsum primis in faucibus.  Integer ac nulla at nisi sodales ullamcorper id in justo. Cum sociis natoque penatibus et magnis dis parturient montes, nascetur ridiculus mus. Etiam pharetra elit odio, ac mattis turpis consequat ac. Pellentesque tincidunt sed enim nec auctor. Quisque varius, felis a hendrerit faucibus, nunc lorem varius nibh, vel dignissim velit dolor ut elit. Mauris ut vulputate neque. Donec at est vitae massa egestas fringilla. Praesent a tristique nibh. Nunc blandit dui risus, quis rhoncus nisi consectetur vel.  ',	'Project Title 4',	'Pellentesque ultricies ligula vel neque dictum, eu mollis tortor adipiscing.',	'/portfolio/project-title-4',	'2014-08-06 15:00:00',	'2021-12-05 08:56:12',	NULL,	0),
(208,	'\n                                    Lorem ipsum dolor sit amet, consectetur adipiscing elit. Morbi tempus nibh a laoreet cursus. Phasellus malesuada vulputate bibendum. Ut vitae justo nisi. Sed consectetur vestibulum tortor, in bibendum diam lacinia vitae. Nullam volutpat risus quis orci consectetur adipiscing. In commodo vulputate arcu sit amet ornare. Vivamus ut iaculis velit. Pellentesque euismod lacus sed accumsan luctus. Suspendisse urna felis, lacinia vel tempor id, ultricies rutrum nisl. Nunc ultrices nulla et bibendum molestie. Phasellus porttitor sit amet libero vel fermentum. Sed sapien risus, eleifend vel hendrerit eu, porta vel tellus. Duis faucibus odio et magna varius, quis accumsan tellus vestibulum. Nam nunc nulla, convallis at elementum pharetra, adipiscing quis enim. Donec feugiat porttitor dolor, nec porttitor mi auctor eget. Fusce iaculis varius diam non dictum. Fusce elementum a nunc vel tincidunt. Morbi nec est elementum, vehicula odio nec, lobortis lacus. Nulla ultricies vitae nunc ut lacinia. Proin mattis felis sem, eu consectetur arcu varius et. Duis at lectus eu lorem elementum aliquet nec in elit. Vestibulum non metus ac risus adipiscing pellentesque sed sit amet lorem. Donec viverra, metus in varius pulvinar, augue nunc accumsan eros, a pulvinar est elit vitae nulla.  Duis non leo in enim laoreet pretium. Nullam vitae neque nec libero pharetra tempor at faucibus lectus. Cum sociis natoque penatibus et magnis dis parturient montes, nascetur ridiculus mus. Sed imperdiet convallis arcu. Nam sollicitudin sollicitudin lacus non dictum. Aliquam erat volutpat. Nulla sapien quam, consequat non dui ut, eleifend sodales orci. Praesent quis lorem accumsan, volutpat lectus a, sollicitudin erat. Donec faucibus mi in sapien volutpat, ac auctor lorem mollis. Proin eget turpis non lacus bibendum porta non ac justo. Aliquam aliquam viverra lorem ac rutrum. In et sapien sit amet diam vestibulum cursus ut tristique tellus.  Ut in purus mi. Etiam ac aliquet ipsum. Pellentesque faucibus diam dui. Morbi a semper orci. Ut nec malesuada urna. Vestibulum aliquet ante ac lacus dictum, sit amet pulvinar leo laoreet. Maecenas ut est commodo, commodo quam nec, dignissim est. Quisque rutrum molestie nunc, sed mollis nulla volutpat et. Donec dignissim ornare augue eu aliquam. Aliquam in tincidunt velit. In at fermentum mauris, ut accumsan nisl. Interdum et malesuada fames ac ante ipsum primis in faucibus.  Integer ac nulla at nisi sodales ullamcorper id in justo. Cum sociis natoque penatibus et magnis dis parturient montes, nascetur ridiculus mus. Etiam pharetra elit odio, ac mattis turpis consequat ac. Pellentesque tincidunt sed enim nec auctor. Quisque varius, felis a hendrerit faucibus, nunc lorem varius nibh, vel dignissim velit dolor ut elit. Mauris ut vulputate neque. Donec at est vitae massa egestas fringilla. Praesent a tristique nibh. Nunc blandit dui risus, quis rhoncus nisi consectetur vel.  ',	'Project Title 5',	'Pellentesque ultricies ligula vel neque dictum, eu mollis tortor adipiscing.',	'/portfolio/project-title-5',	'2014-08-06 14:30:00',	'2021-12-05 08:56:13',	NULL,	0),
(209,	'\n                                    Lorem ipsum dolor sit amet, consectetur adipiscing elit. Morbi tempus nibh a laoreet cursus. Phasellus malesuada vulputate bibendum. Ut vitae justo nisi. Sed consectetur vestibulum tortor, in bibendum diam lacinia vitae. Nullam volutpat risus quis orci consectetur adipiscing. In commodo vulputate arcu sit amet ornare. Vivamus ut iaculis velit. Pellentesque euismod lacus sed accumsan luctus. Suspendisse urna felis, lacinia vel tempor id, ultricies rutrum nisl. Nunc ultrices nulla et bibendum molestie. Phasellus porttitor sit amet libero vel fermentum. Sed sapien risus, eleifend vel hendrerit eu, porta vel tellus. Duis faucibus odio et magna varius, quis accumsan tellus vestibulum. Nam nunc nulla, convallis at elementum pharetra, adipiscing quis enim. Donec feugiat porttitor dolor, nec porttitor mi auctor eget. Fusce iaculis varius diam non dictum. Fusce elementum a nunc vel tincidunt. Morbi nec est elementum, vehicula odio nec, lobortis lacus. Nulla ultricies vitae nunc ut lacinia. Proin mattis felis sem, eu consectetur arcu varius et. Duis at lectus eu lorem elementum aliquet nec in elit. Vestibulum non metus ac risus adipiscing pellentesque sed sit amet lorem. Donec viverra, metus in varius pulvinar, augue nunc accumsan eros, a pulvinar est elit vitae nulla.  Duis non leo in enim laoreet pretium. Nullam vitae neque nec libero pharetra tempor at faucibus lectus. Cum sociis natoque penatibus et magnis dis parturient montes, nascetur ridiculus mus. Sed imperdiet convallis arcu. Nam sollicitudin sollicitudin lacus non dictum. Aliquam erat volutpat. Nulla sapien quam, consequat non dui ut, eleifend sodales orci. Praesent quis lorem accumsan, volutpat lectus a, sollicitudin erat. Donec faucibus mi in sapien volutpat, ac auctor lorem mollis. Proin eget turpis non lacus bibendum porta non ac justo. Aliquam aliquam viverra lorem ac rutrum. In et sapien sit amet diam vestibulum cursus ut tristique tellus.  Ut in purus mi. Etiam ac aliquet ipsum. Pellentesque faucibus diam dui. Morbi a semper orci. Ut nec malesuada urna. Vestibulum aliquet ante ac lacus dictum, sit amet pulvinar leo laoreet. Maecenas ut est commodo, commodo quam nec, dignissim est. Quisque rutrum molestie nunc, sed mollis nulla volutpat et. Donec dignissim ornare augue eu aliquam. Aliquam in tincidunt velit. In at fermentum mauris, ut accumsan nisl. Interdum et malesuada fames ac ante ipsum primis in faucibus.  Integer ac nulla at nisi sodales ullamcorper id in justo. Cum sociis natoque penatibus et magnis dis parturient montes, nascetur ridiculus mus. Etiam pharetra elit odio, ac mattis turpis consequat ac. Pellentesque tincidunt sed enim nec auctor. Quisque varius, felis a hendrerit faucibus, nunc lorem varius nibh, vel dignissim velit dolor ut elit. Mauris ut vulputate neque. Donec at est vitae massa egestas fringilla. Praesent a tristique nibh. Nunc blandit dui risus, quis rhoncus nisi consectetur vel.  ',	'Project Title 6',	'Pellentesque ultricies ligula vel neque dictum, eu mollis tortor adipiscing.',	'/portfolio/project-title-6',	'2014-08-06 14:20:00',	'2021-12-05 08:56:14',	NULL,	0),
(211,	'\n                                    Fusce volutpat sodales mauris quis dapibus. Maecenas convallis, libero eu ultrices interdum, leo mauris commodo diam, sed cursus sapien ligula nec leo. Curabitur sagittis elementum felis at sodales. Nullam fermentum at urna quis accumsan. Nam bibendum leo nisi, lacinia molestie arcu consequat quis. Morbi at suscipit risus. Sed consequat eleifend metus, vitae malesuada eros elementum sed. Fusce risus felis, viverra et dignissim at, lobortis non est. Lorem ipsum dolor sit amet, consectetur adipiscing elit. Nullam sit amet consectetur lacus. Vestibulum neque lectus, egestas non cursus vitae, aliquam at magna. Etiam aliquam, justo et varius eleifend, dui lectus egestas nunc, vel malesuada nisl purus nec metus. In gravida turpis a pharetra commodo. Donec non turpis vulputate, faucibus metus a, consectetur nunc. Morbi tortor nisi, hendrerit sed laoreet eget, fermentum et justo. Suspendisse potenti.   Heading 2 Curabitur sagittis elementum felis at sodales. Nullam fermentum at urna quis accumsan. Nam bibendum leo nisi, lacinia molestie arcu consequat quis. Morbi at suscipit risus. Sed consequat eleifend metus, vitae malesuada eros elementum sed. Fusce risus felis, viverra et dignissim at, lobortis non est. Lorem ipsum dolor sit amet, consectetur adipiscing elit. Nullam sit amet consectetur lacus. Vestibulum neque lectus, egestas non cursus vitae, aliquam at magna. Etiam aliquam, justo et varius eleifend, dui lectus egestas nunc, vel malesuada nisl purus nec metus. In gravida turpis a pharetra commodo. Donec non turpis vulputate, faucibus metus a, consectetur nunc. Morbi tortor nisi, hendrerit sed laoreet eget, fermentum et justo. Suspendisse potenti. Heading 3 Pellentesque ultricies ligula vel neque dictum, eu mollis tortor adipiscing. Etiam congue, est vel tincidunt vestibulum, nunc nunc porta nulla, at adipiscing neque tellus quis urna. Quisque dignissim neque a ipsum sodales, mattis aliquam ante dictum. Vestibulum elementum pellentesque tortor ac congue. Mauris vel nibh id metus tincidunt eleifend. In interdum gravida ligula, at venenatis odio fermentum at. Donec dapibus enim lectus, quis venenatis tellus volutpat in. Nullam in velit tortor. Heading 3 Donec blandit lectus nec neque ullamcorper rhoncus. Sed adipiscing tempus sem eu molestie. Aenean laoreet pretium ante vitae ultrices. Aenean eu gravida magna, vel aliquet magna. In auctor convallis gravida. Phasellus est erat, adipiscing nec lobortis quis, eleifend at sem. Curabitur fringilla viverra dolor, in rutrum ipsum rutrum sit amet. Vestibulum feugiat porttitor ipsum vel condimentum. Suspendisse at tempus libero. Sed eu tempor enim. Etiam convallis eleifend rutrum. Donec porta diam quis tellus feugiat dignissim. Cras posuere, massa eget laoreet laoreet, urna libero lobortis dolor, sed consequat elit urna eget massa. Donec aliquet pellentesque consectetur.  ',	'Hello World!',	'Pellentesque ultricies ligula vel neque dictum, eu mollis tortor adipiscing. Etiam congue, est vel tincidunt vestibulum, nunc nunc porta nulla, at adipiscing neque tellus quis urna. Quisque dignissim neque a ipsum sodales, mattis aliquam ante dictum.',	'/blog/hello-world',	'2014-07-01 12:00:00',	'2021-12-05 08:56:16',	NULL,	0),
(212,	'\n                                     Curabitur sagittis elementum felis at sodales. Nullam fermentum at urna quis accumsan. Nam bibendum leo nisi, lacinia molestie arcu consequat quis. Morbi at suscipit risus. Sed consequat eleifend metus, vitae malesuada eros elementum sed. Fusce risus felis, viverra et dignissim at, lobortis non est. Lorem ipsum dolor sit amet, consectetur adipiscing elit.  CMS To the Rescue!  Nullam sit amet consectetur lacus. Vestibulum neque lectus, egestas non cursus vitae, aliquam at magna. Etiam aliquam, justo et varius eleifend, dui lectus egestas nunc, vel malesuada nisl purus nec metus. In gravida turpis a pharetra commodo. Donec non turpis vulputate, faucibus metus a, consectetur nunc. Morbi tortor nisi, hendrerit sed laoreet eget, fermentum et justo. Suspendisse potenti.  Learn more at concrete5.org   ',	'Another Blog Post',	'Lorem ipsum dolor sit amet, consectetur adipiscing elit. Nullam sit amet consectetur lacus. Vestibulum neque lectus, egestas non cursus vitae, aliquam at magna.',	'/blog/another-blog-post',	'2014-07-04 15:00:00',	'2021-12-05 08:56:17',	NULL,	0),
(213,	'\n                                     Curabitur sagittis elementum felis at sodales. Nullam fermentum at urna quis accumsan. Nam bibendum leo nisi, lacinia molestie arcu consequat quis. Morbi at suscipit risus. Sed consequat eleifend metus, vitae malesuada eros elementum sed. Fusce risus felis, viverra et dignissim at, lobortis non est. Lorem ipsum dolor sit amet, consectetur adipiscing elit. Nullam sit amet consectetur lacus. Vestibulum neque lectus, egestas non cursus vitae, aliquam at magna. Etiam aliquam, justo et varius eleifend, dui lectus egestas nunc, vel malesuada nisl purus nec metus. In gravida turpis a pharetra commodo. Donec non turpis vulputate, faucibus metus a, consectetur nunc. Morbi tortor nisi, hendrerit sed laoreet eget, fermentum et justo. Suspendisse potenti.  Heading 3  Pellentesque ultricies ligula vel neque dictum, eu mollis tortor adipiscing. Etiam congue, est vel tincidunt vestibulum, nunc nunc porta nulla, at adipiscing neque tellus quis urna. Quisque dignissim neque a ipsum sodales, mattis aliquam ante dictum. Vestibulum elementum pellentesque tortor ac congue. Mauris vel nibh id metus tincidunt eleifend. In interdum gravida ligula, at venenatis odio fermentum at. Donec dapibus enim lectus, quis venenatis tellus volutpat in. Nullam in velit tortor.    Look at my beautiful image. Don\'t you to look more?  Pellentesque ultricies ligula vel neque dictum, eu mollis tortor adipiscing. Etiam congue, est vel tincidunt vestibulum, nunc nunc porta nulla, at adipiscing neque tellus quis urna. Quisque dignissim neque a ipsum sodales, mattis aliquam ante dictum. Vestibulum elementum pellentesque tortor ac congue. Mauris vel nibh id metus tincidunt eleifend. In interdum gravida ligula, at venenatis odio fermentum at. Donec dapibus enim lectus, quis venenatis tellus volutpat in. Nullam in velit tortor.  ',	'A Beautiful Site Deserves a Beautiful Blog',	'Donec blandit lectus nec neque ullamcorper rhoncus. Sed adipiscing tempus sem eu molestie. Aenean laoreet pretium ante vitae ultrices. Aenean eu gravida magna, vel aliquet magna. In auctor convallis gravida. Phasellus est erat.',	'/blog/a-beautiful-blog',	'2014-08-01 16:30:00',	'2021-12-05 08:56:17',	NULL,	0),
(214,	'\n                                                    Fusce volutpat sodales mauris quis dapibus. Maecenas convallis, libero eu ultrices interdum. \n                                                     Pellentesque ultricies ligula vel neque dictum, eu mollis tortor adipiscing. Etiam congue, est vel tincidunt vestibulum, nunc nunc porta nulla, at adipiscing neque tellus quis urna.   Quisque dignissim neque a ipsum sodales, mattis aliquam ante dictum. Vestibulum elementum pellentesque tortor ac congue. Mauris vel nibh id metus tincidunt eleifend.  \n                                                    Heading 1Heading 2Heading 3Heading 4Heading 5Heading 6 \n                                                     Curabitur sagittis elementum felis at sodales. Nullam fermentum at urna quis accumsan. Nam bibendum leo nisi, lacinia molestie arcu consequat quis. Morbi at suscipit risus. Sed consequat eleifend metus, vitae malesuada eros elementum sed. Fusce risus felis, viverra et dignissim at, lobortis non est. Lorem ipsum dolor sit amet, consectetur adipiscing elit. Nullam sit amet consectetur lacus. Vestibulum neque lectus, egestas non cursus vitae, aliquam at magna. Etiam aliquam, justo et varius eleifend, dui lectus egestas nunc, vel malesuada nisl purus nec metus. In gravida turpis a pharetra commodo. Donec non turpis vulputate, faucibus metus a, consectetur nunc. Morbi tortor nisi, hendrerit sed laoreet eget, fermentum et justo. Suspendisse potenti.     \n                                                       Curabitur sagittis elementum felis at sodales. Nullam fermentum at urna quis accumsan. Nam bibendum leo nisi, lacinia molestie arcu consequat quis. Morbi at suscipit risus. Sed consequat eleifend metus, vitae malesuada eros elementum sed. Fusce risus felis, viverra et dignissim at, lobortis non est. Lorem ipsum dolor sit amet, consectetur adipiscing elit. Nullam sit amet consectetur lacus. Vestibulum neque lectus, egestas non cursus vitae, aliquam at magna. Etiam aliquam, justo et varius eleifend, dui lectus egestas nunc, vel malesuada nisl purus nec metus. In gravida turpis a pharetra commodo. Donec non turpis vulputate, faucibus metus a, consectetur nunc. Morbi tortor nisi, hendrerit sed laoreet eget, fermentum et justo. Suspendisse potenti.  \n                                                    Get in Touch  Sed cursus facilisis dignissim. Aliquam rhoncus enim et pellentesque varius. Nulla sodales nibh lorem, sit amet imperdiet arcu commodo sit amet.    Contact Us  UPCOMING IACAPAP WORLD CONGRESS 2022 Global conference of mental health professionals to be held fro Dubai is first Arab city to host the prestigious biannual world congress The International Association of Child and Adolescent Psychiatrists and Allied Professionals (IACAPAP), in collaboration with Al Jalila Childrens Specialty Hospital (AJCH), has launched the logo for its 25th World Congress set to be held from 19 to 25 March 2022 in Dubai. To be held under the theme of Child and Adolescent Mental Health: Shaping the Future, IACAPAP 2022 Dubai will provide a platform for discussing the worlds latest research, exploring the current mental health challenges of children adolescents and highlighting new cutting-edge tools for improving mental health. ABOUT AL JALILA Al Jalila Childrens Specialty Hospital Al Jalila Childrens is the first dedicated childrens hospital in the United Arab Emirates. The state of the art paediatric medical facility was created under the directives of His Highness Sheikh Mohammed Bin Rashid Al Maktoum, Vice President and Prime Minister of the UAE, and Ruler of Dubai, to affirm his belief that all children should have an equal opportunity for success in life, and the treatment of children suffering from illness or disease should not be subject to geographical chance. The hospital is a place where SMART technology and design converge to enhance patient care and outcomes. It hosts the first robotic pharmacy in Dubai, and a fully automated laboratory. The hospital also aims to foster clinical innovations, astute learning and development programmes and cutting-edge research facilities. ABOUT IACAPAP THE ORGANISATION The International Association for Child and Adolescent Psychiatry and Allied Professions (IACAPAP) is registered as a not-for-profit association in Switzerland, and is recognised by the World Health Organization (WHO) as an official non-state actor in child & adolescent psychiatry and mental health. OUR MISSION The mission of IACAPAP is to promote child and adolescent psychiatry and the mental health and development of children and adolescents, through policy, practice, training and research. To achieve its global mission, IACAPAP has a wide range of activities. These include a bi-annual world congress, a freely accessible e-textbook, a massively online open course (MOOC), and two early career development programmes (the Donald J Cohen Fellowship and Helmut Remschmidt Research Seminars). IACAPAP also makes position statements, and publishes position papers and monographs to promote child & adolescent psychiatry and mental health around the globe. On social media, it promotes its activities through a quarterly Bulletin, through Facebook and twitter, and through its website. OVERSIGHT COMMITTEE\r\n\r\nMEMBERS OF THE BUREAU \r\n  \r\n\r\n \r\n\r\nHISTORY OF IACAPAP\r\n\r\nLorem Ipsum has been the industry\'s standard dummy text ever since the 1500s, when an unknown printer took a galley of type and scrambled it to make a type specimen book. \r\n\r\n  \r\n IACAPAPs goals for the following years are to: Support organisations devoted to promoting the mental health of children and adolescents;\r\nDisseminate information and foster training through multidisciplinary study groups, congresses, publications and other educational initiatives;\r\nStrengthen the bonds between the different regions of the world to promote multi-disciplinary, multi-professional research and clinical practice in child and adolescent mental health (CAMH).\r\nIn addition, IACAPAP will promote international, state and community policies within all sectors of human services to ensure evidence-based, culturally acceptable, affordable and accessible mental health services are available for all children and adolescents. ',	'About',	NULL,	'/team/about',	'2021-12-05 08:56:04',	'2022-01-04 16:44:39',	NULL,	0),
(215,	'Work with Us   Welcome Home \n                                                    Curabitur sagittis elementum felis at sodales. Nullam fermentum at urna quis accumsan. Great Workers \n                                                    Curabitur sagittis elementum felis at sodales. Nullam fermentum at urna quis accumsan. Amazing Location \n                                                    Curabitur sagittis elementum felis at sodales. Nullam fermentum at urna quis accumsan. Paid Time Off \n                                                    Curabitur sagittis elementum felis at sodales. Nullam fermentum at urna quis accumsan. No Meetings \n                                                    Curabitur sagittis elementum felis at sodales. Nullam fermentum at urna quis accumsan. Free Drinks \n                                                    Curabitur sagittis elementum felis at sodales. Nullam fermentum at urna quis accumsan. \n                                                    Open Positions  ',	'Careers',	NULL,	'/team/careers',	'2021-12-05 08:56:05',	'2021-12-05 08:56:20',	NULL,	0),
(216,	'What are page versions? What are page versions? \n                                    Pellentesque ultricies ligula vel neque dictum, eu mollis tortor adipiscing. Etiam congue, est vel tincidunt vestibulum, nunc nunc porta nulla, at adipiscing neque tellus quis urna. Pellentesque ultricies ligula vel neque dictum, eu mollis tortor adipiscing. Etiam congue, est vel tincidunt vestibulum, nunc nunc porta nulla, at adipiscing neque tellus quis urna. How do I add more people as editors in my website? How do I add more people as editors in my website? \n                                    Pellentesque ultricies ligula vel neque dictum, eu mollis tortor adipiscing. Etiam congue, est vel tincidunt vestibulum, nunc nunc porta nulla, at adipiscing neque tellus quis urna. Pellentesque ultricies ligula vel neque dictum, eu mollis tortor adipiscing. Etiam congue, est vel tincidunt vestibulum, nunc nunc porta nulla, at adipiscing neque tellus quis urna. Pellentesque ultricies ligula vel neque dictum, eu mollis tortor adipiscing. Etiam congue, est vel tincidunt vestibulum, nunc nunc porta nulla, at adipiscing neque tellus quis urna.  ',	'Frequently Asked Questions',	NULL,	'/team/faq',	'2021-12-05 08:56:05',	'2021-12-05 08:56:22',	NULL,	0),
(218,	'\n                                                      Back to Careers  Department Location Job Information \n                                                       \n                                     Quisque accumsan leo sit amet neque pretium consectetur. Sed blandit nulla at justo volutpat rhoncus. Sed risus orci, luctus sit amet fringilla faucibus, congue nec dui. Phasellus mattis lobortis magna sed dapibus. Donec sagittis nunc sed accumsan eleifend. Ut porttitor sapien eu nisl volutpat, vitae interdum est mollis. Sed laoreet sit amet elit in eleifend. Sed a tincidunt velit, nec posuere urna. In eget metus non est varius viverra. Quisque accumsan odio sem, in consequat nunc lobortis ac.  Cras dignissim nulla ut euismod adipiscing. Mauris non eros sem. Cras at lacinia nulla. Maecenas nec magna arcu. Aenean iaculis, augue sed pretium semper, odio tellus volutpat risus, quis consectetur nibh mauris ut odio. Integer convallis, augue a accumsan condimentum, sem nisl congue lorem, consectetur lacinia neque tortor eu neque. Aenean convallis arcu vitae enim dignissim vestibulum. Phasellus tincidunt dolor id enim gravida ullamcorper. Nullam ut lorem auctor, congue quam non, auctor arcu. Morbi ac aliquam ipsum, at aliquet ligula.  Cras adipiscing tellus non nulla suscipit congue. Pellentesque id neque euismod, elementum augue vel, volutpat turpis. Pellentesque sit amet tortor non lorem hendrerit pellentesque ac in nisi. Sed aliquet tincidunt arcu, eu lacinia lorem fringilla id. Integer ut ornare orci. Donec scelerisque vulputate est a condimentum. Morbi tellus sapien, vehicula vel ipsum non, luctus ullamcorper mi. Phasellus felis tortor, egestas quis felis sit amet, malesuada auctor nibh. Sed mollis mi sit amet tristique scelerisque. Cras elementum mauris urna, ullamcorper consectetur orci vehicula ut.  ',	'Web Developer',	'Curabitur sagittis elementum felis at sodales. Nullam fermentum at urna quis accumsan. Nam bibendum leo nisi, lacinia molestie arcu consequat quis. Morbi at suscipit risus. Sed consequat eleifend metus, vitae malesuada eros elementum sed. Fusce risus felis, viverra et dignissim at, lobortis non est. Lorem ipsum dolor sit amet, consectetur adipiscing elit. Nullam sit amet consectetur lacus.',	'/team/careers/web-developer',	'2021-12-05 08:56:05',	'2021-12-05 08:56:21',	NULL,	0),
(219,	'\n                                                      Back to Careers  Department Location Job Information \n                                                       \n                                     Quisque accumsan leo sit amet neque pretium consectetur. Sed blandit nulla at justo volutpat rhoncus. Sed risus orci, luctus sit amet fringilla faucibus, congue nec dui. Phasellus mattis lobortis magna sed dapibus. Donec sagittis nunc sed accumsan eleifend. Ut porttitor sapien eu nisl volutpat, vitae interdum est mollis. Sed laoreet sit amet elit in eleifend. Sed a tincidunt velit, nec posuere urna. In eget metus non est varius viverra. Quisque accumsan odio sem, in consequat nunc lobortis ac.  Cras dignissim nulla ut euismod adipiscing. Mauris non eros sem. Cras at lacinia nulla. Maecenas nec magna arcu. Aenean iaculis, augue sed pretium semper, odio tellus volutpat risus, quis consectetur nibh mauris ut odio. Integer convallis, augue a accumsan condimentum, sem nisl congue lorem, consectetur lacinia neque tortor eu neque. Aenean convallis arcu vitae enim dignissim vestibulum. Phasellus tincidunt dolor id enim gravida ullamcorper. Nullam ut lorem auctor, congue quam non, auctor arcu. Morbi ac aliquam ipsum, at aliquet ligula.  Cras adipiscing tellus non nulla suscipit congue. Pellentesque id neque euismod, elementum augue vel, volutpat turpis. Pellentesque sit amet tortor non lorem hendrerit pellentesque ac in nisi. Sed aliquet tincidunt arcu, eu lacinia lorem fringilla id. Integer ut ornare orci. Donec scelerisque vulputate est a condimentum. Morbi tellus sapien, vehicula vel ipsum non, luctus ullamcorper mi. Phasellus felis tortor, egestas quis felis sit amet, malesuada auctor nibh. Sed mollis mi sit amet tristique scelerisque. Cras elementum mauris urna, ullamcorper consectetur orci vehicula ut.  ',	'Sales Associate',	'Curabitur sagittis elementum felis at sodales. Nullam fermentum at urna quis accumsan. Nam bibendum leo nisi, lacinia molestie arcu consequat quis. Morbi at suscipit risus. Sed consequat eleifend metus, vitae malesuada eros elementum sed. Fusce risus felis, viverra et dignissim at, lobortis non est. Lorem ipsum dolor sit amet, consectetur adipiscing elit. Nullam sit amet consectetur lacus.',	'/team/careers/sales-associate',	'2021-12-05 08:56:05',	'2021-12-05 08:56:22',	NULL,	0),
(230,	'About Dubai Home to more than 150 nationalities, Dubai boasts the most modern amenities found anywhere in the world  both in its entrepreneurial business environment, and things to do, see and experience. As the Middle Easts fastest-growing, most dynamic and exciting cosmopolitan city, Dubai is a true melting pot of different cultures and lifestyles. TIPS AND USEFUL INFORMATION\r\n\r\nLorem Ipsum has been the industry\'s standard dummy text ever since the when an unknown \r\nprinter took a galley of type. \r\n Dubai Means Business  The best way to understand Dubais wonders and achievements is to see them first-hand. The city has firmly established itself as a leading commercial and trade hub with a state-of-the-art infrastructure and a world-class business environment. \r\n Economic Powerhouse  Dubai is at the center of a bustling region emerging as a major force within the global economy. A region that stretches from North Africa to South Asia and the Caspian Sea to South Africa  that comprises 42 countries and some of the worlds fastest growing \r\n Multi-cultural Lifestyle  Expatriates comprise over 80% of Dubais population. More than 150 nationalities live and work together within a safe environment with a far lower crime rate than many other major international cities. \r\n World-Class Infrastructure  Dubais growing number of international firms, service companies, SMEs and financial institutions attract a highly skilled workforce. The citys businesses and expatriate population enjoy tax-free benefits. Schools accredited to \r\n Diverse Economy  The UAE is well-known for its liberal outlook and commitment to free trade. Contrary to popular belief, only 30% of UAE GDP comes from oil revenues. Within Dubais own diverse, robust economy this figure is closer to 7%. \r\n Dubai Means Business  Dubai is a modern city that welcomes visitors from around the world. Here are some points to help you get familiar with Dubais culture and etiquette. please click HERE \r\n Visa information\r\n\r\nThe type of visa needed to enter Dubai depends on several factors such as your nationality, the purpose of your planned visit and its duration. \r\n  APPLY FOR YOUR VISA \r\n  VISA ON ARRIVAL \r\n  Visa on Arrival (90-day visit eligibility) \r\n  VISA FOR GCC CITIZEN & RESIDENTS \r\n  If you are a citizen of a GCC country, you do not need a visa or sponsor to visit the UAE. However, anyone accompanying GCC nationals or GCC residents must obtain an online visa before arriving to UAE. The UAE Ministry of Interior provides an online visa system for expat residents in GCC countries who wish to visit the UAE  eChannels. The application system also features an online payment method. On approval, the eVisa will be sent to the applicant\'s registered email. The eChannels system allows the following individuals to apply: \r\n\r\n\r\n\r\n	UAE Nationals: The system allows them to apply for the individuals they sponsor.\r\n	Expatriate residents in UAE: The system allows them to apply for a visa or entry permit, and to renew or cancel them. GCC nationals living in the UAE  for the individuals they sponsor.\r\n	GCC nationals living in the UAE: They can apply for the individuals they sponsor.\r\n	GCC nationals living in the UAE: They can apply for the individuals they sponsor.\r\n	Visitors: Prospective visitors may also apply for entry permit/visit visa.\r\n\r\n \r\n\r\n\r\n	Note\r\n	Obtaining the eVisa before you travel to UAE is a must.\r\n	GCC residents or GCC citizens sponsoring a non-resident or non-citizen will not receive approval for the guests application if the sponsor is not accompanying guest upon entry.\r\n	UAE nationals, residents, and firms may apply for a new visa or visa renewal through an online smart system UAE eChannels under the Ministry of Interior.\r\n\r\nul.listTwo li:nth-child(1){\r\nlist-style-type:none;\r\n}\r\n\r\n OUR STORY  The Emirates story started in 1985 when we launched operations with just two aircraft. Today, we fly the worlds biggest fleets of Airbus A380s and Boeing 777s, offering our customers the comforts of the latest and most efficient wide-body aircraft in the skies. We inspire travelers around the world with our growing network of worldwide destinations, industry leading inflight entertainment, regionally inspired cuisine, and world-class service. Read on to find out more. \r\n Dubai Mall Dubai Fountain Dubai Aquarium &  Underwater Zoo Miracle Garden Dubai Jumeirah Beach Ski Dubai Alserkal Avenue Mall of the Emirates Dolphin Bay La Mer Dubai EXPLORING DUBAI ON YOUR OWN\r\n ',	'Travel to dubai',	'',	'/travel-dubai',	'2021-12-30 16:14:22',	'2022-01-04 14:46:10',	NULL,	0),
(231,	'CONTACT US DXB LIVE has been selected by AL JALILA as the official Congress Organizer to process registrations, hotel reservations and excursions. Information on the commercial exhibition as well as organization and sponsorship of special events may also be obtained from DXB LIVE. \r\n\r\n \r\n\r\n \r\n\r\n \r\n\r\n \r\n\r\n \r\n\r\n \r\nSEND \r\n \r\n ',	'Contact Us',	'',	'/contact-us',	'2021-12-30 17:25:53',	'2022-01-04 15:34:33',	NULL,	0);

DROP TABLE IF EXISTS `PageTemplates`;
CREATE TABLE `PageTemplates` (
  `pTemplateID` int(11) NOT NULL AUTO_INCREMENT,
  `pTemplateHandle` varchar(255) COLLATE utf8mb4_unicode_ci NOT NULL,
  `pTemplateIcon` varchar(255) COLLATE utf8mb4_unicode_ci NOT NULL,
  `pTemplateName` varchar(255) COLLATE utf8mb4_unicode_ci NOT NULL,
  `pTemplateIsInternal` tinyint(1) NOT NULL,
  `pkgID` int(11) NOT NULL,
  PRIMARY KEY (`pTemplateID`)
) ENGINE=InnoDB DEFAULT CHARSET=utf8mb4 COLLATE=utf8mb4_unicode_ci;

INSERT INTO `PageTemplates` (`pTemplateID`, `pTemplateHandle`, `pTemplateIcon`, `pTemplateName`, `pTemplateIsInternal`, `pkgID`) VALUES
(1,	'core_stack',	'',	'Stack',	1,	0),
(2,	'desktop',	'',	'Desktop',	1,	0),
(3,	'dashboard_full',	'',	'Dashboard Full',	1,	0),
(4,	'blank',	'blank.png',	'Blank',	0,	0),
(5,	'full',	'full.png',	'Full',	0,	0),
(6,	'left_sidebar',	'left_sidebar.png',	'Left Sidebar',	0,	0),
(7,	'right_sidebar',	'right_sidebar.png',	'Right Sidebar',	0,	0),
(8,	'home',	'full.png',	'Home',	0,	6),
(9,	'about',	'full.png',	'About',	0,	6),
(10,	'travel_dubai',	'full.png',	'Travel Dubai',	0,	6),
(11,	'contact_us',	'full.png',	'Contact Us',	0,	6);

DROP TABLE IF EXISTS `PageThemeCustomStyles`;
CREATE TABLE `PageThemeCustomStyles` (
  `pThemeID` int(10) unsigned NOT NULL DEFAULT '0',
  `scvlID` int(10) unsigned DEFAULT '0',
  `preset` varchar(255) COLLATE utf8mb4_unicode_ci DEFAULT NULL,
  `sccRecordID` int(10) unsigned DEFAULT '0',
  PRIMARY KEY (`pThemeID`),
  KEY `scvlID` (`scvlID`),
  KEY `sccRecordID` (`sccRecordID`)
) ENGINE=InnoDB DEFAULT CHARSET=utf8mb4 COLLATE=utf8mb4_unicode_ci;


DROP TABLE IF EXISTS `PageThemes`;
CREATE TABLE `PageThemes` (
  `pThemeID` int(10) unsigned NOT NULL AUTO_INCREMENT,
  `pThemeHandle` varchar(64) COLLATE utf8mb4_unicode_ci NOT NULL,
  `pThemeName` varchar(255) COLLATE utf8mb4_unicode_ci DEFAULT NULL,
  `pThemeDescription` text COLLATE utf8mb4_unicode_ci,
  `pkgID` int(10) unsigned NOT NULL DEFAULT '0',
  `pThemeHasCustomClass` tinyint(1) NOT NULL DEFAULT '0',
  PRIMARY KEY (`pThemeID`),
  UNIQUE KEY `ptHandle` (`pThemeHandle`),
  KEY `pkgID` (`pkgID`)
) ENGINE=InnoDB DEFAULT CHARSET=utf8mb4 COLLATE=utf8mb4_unicode_ci;

INSERT INTO `PageThemes` (`pThemeID`, `pThemeHandle`, `pThemeName`, `pThemeDescription`, `pkgID`, `pThemeHasCustomClass`) VALUES
(1,	'elemental',	'Elemental',	'Elegant, spacious theme with support for blogs, portfolios, layouts and more.',	0,	1),
(3,	'bootstrap4_iacpap',	'Bootstrap 4 Starter',	'A Bootstrap 4 starter theme for concrete5.',	6,	1);

DROP TABLE IF EXISTS `PageTypeComposerControlTypes`;
CREATE TABLE `PageTypeComposerControlTypes` (
  `ptComposerControlTypeID` int(10) unsigned NOT NULL AUTO_INCREMENT,
  `ptComposerControlTypeHandle` varchar(255) COLLATE utf8mb4_unicode_ci DEFAULT NULL,
  `ptComposerControlTypeName` varchar(255) COLLATE utf8mb4_unicode_ci DEFAULT NULL,
  `pkgID` int(10) unsigned NOT NULL DEFAULT '0',
  PRIMARY KEY (`ptComposerControlTypeID`),
  UNIQUE KEY `ptComposerControlTypeHandle` (`ptComposerControlTypeHandle`),
  KEY `pkgID` (`pkgID`)
) ENGINE=InnoDB DEFAULT CHARSET=utf8mb4 COLLATE=utf8mb4_unicode_ci;

INSERT INTO `PageTypeComposerControlTypes` (`ptComposerControlTypeID`, `ptComposerControlTypeHandle`, `ptComposerControlTypeName`, `pkgID`) VALUES
(1,	'core_page_property',	'Built-In Property',	0),
(2,	'collection_attribute',	'Custom Attribute',	0),
(3,	'block',	'Block',	0);

DROP TABLE IF EXISTS `PageTypeComposerFormLayoutSetControls`;
CREATE TABLE `PageTypeComposerFormLayoutSetControls` (
  `ptComposerFormLayoutSetControlID` int(10) unsigned NOT NULL AUTO_INCREMENT,
  `ptComposerFormLayoutSetID` int(10) unsigned DEFAULT '0',
  `ptComposerControlTypeID` int(10) unsigned DEFAULT '0',
  `ptComposerControlObject` longtext COLLATE utf8mb4_unicode_ci,
  `ptComposerFormLayoutSetControlDisplayOrder` int(10) unsigned DEFAULT '0',
  `ptComposerFormLayoutSetControlCustomLabel` varchar(255) COLLATE utf8mb4_unicode_ci DEFAULT NULL,
  `ptComposerFormLayoutSetControlCustomTemplate` varchar(255) COLLATE utf8mb4_unicode_ci DEFAULT NULL,
  `ptComposerFormLayoutSetControlDescription` varchar(255) COLLATE utf8mb4_unicode_ci DEFAULT NULL,
  `ptComposerFormLayoutSetControlRequired` int(11) DEFAULT '0',
  PRIMARY KEY (`ptComposerFormLayoutSetControlID`),
  KEY `ptComposerControlTypeID` (`ptComposerControlTypeID`)
) ENGINE=InnoDB DEFAULT CHARSET=utf8mb4 COLLATE=utf8mb4_unicode_ci;

INSERT INTO `PageTypeComposerFormLayoutSetControls` (`ptComposerFormLayoutSetControlID`, `ptComposerFormLayoutSetID`, `ptComposerControlTypeID`, `ptComposerControlObject`, `ptComposerFormLayoutSetControlDisplayOrder`, `ptComposerFormLayoutSetControlCustomLabel`, `ptComposerFormLayoutSetControlCustomTemplate`, `ptComposerFormLayoutSetControlDescription`, `ptComposerFormLayoutSetControlRequired`) VALUES
(1,	1,	1,	'O:78:\"Concrete\\Core\\Page\\Type\\Composer\\Control\\CorePageProperty\\NameCorePageProperty\":12:{s:37:\"\0*\0ptComposerControlRequiredByDefault\";b:1;s:17:\"\0*\0propertyHandle\";s:4:\"name\";s:30:\"\0*\0ptComposerControlTypeHandle\";s:18:\"core_page_property\";s:30:\"\0*\0ptComposerControlIdentifier\";s:4:\"name\";s:24:\"\0*\0ptComposerControlName\";N;s:27:\"\0*\0ptComposerControlIconSRC\";N;s:33:\"\0*\0ptComposerControlIconFormatter\";O:48:\"Concrete\\Core\\Attribute\\FontAwesomeIconFormatter\":1:{s:7:\"\0*\0icon\";s:9:\"file-text\";}s:20:\"\0*\0ptComposerControl\";N;s:41:\"\0*\0ptComposerControlRequiredOnThisRequest\";b:0;s:31:\"\0*\0ptComposerControlCustomLabel\";N;s:31:\"\0*\0ptComposerControlDescription\";N;s:5:\"error\";s:0:\"\";}',	0,	'Page Name',	NULL,	NULL,	1),
(2,	1,	1,	'O:85:\"Concrete\\Core\\Page\\Type\\Composer\\Control\\CorePageProperty\\DescriptionCorePageProperty\":12:{s:17:\"\0*\0propertyHandle\";s:11:\"description\";s:30:\"\0*\0ptComposerControlTypeHandle\";s:18:\"core_page_property\";s:30:\"\0*\0ptComposerControlIdentifier\";s:11:\"description\";s:24:\"\0*\0ptComposerControlName\";N;s:27:\"\0*\0ptComposerControlIconSRC\";N;s:33:\"\0*\0ptComposerControlIconFormatter\";O:48:\"Concrete\\Core\\Attribute\\FontAwesomeIconFormatter\":1:{s:7:\"\0*\0icon\";s:4:\"font\";}s:20:\"\0*\0ptComposerControl\";N;s:37:\"\0*\0ptComposerControlRequiredByDefault\";b:0;s:41:\"\0*\0ptComposerControlRequiredOnThisRequest\";b:0;s:31:\"\0*\0ptComposerControlCustomLabel\";N;s:31:\"\0*\0ptComposerControlDescription\";N;s:5:\"error\";s:0:\"\";}',	1,	NULL,	NULL,	NULL,	0),
(3,	1,	1,	'O:81:\"Concrete\\Core\\Page\\Type\\Composer\\Control\\CorePageProperty\\UrlSlugCorePageProperty\":12:{s:17:\"\0*\0propertyHandle\";s:8:\"url_slug\";s:30:\"\0*\0ptComposerControlTypeHandle\";s:18:\"core_page_property\";s:30:\"\0*\0ptComposerControlIdentifier\";s:8:\"url_slug\";s:24:\"\0*\0ptComposerControlName\";N;s:27:\"\0*\0ptComposerControlIconSRC\";N;s:33:\"\0*\0ptComposerControlIconFormatter\";O:48:\"Concrete\\Core\\Attribute\\FontAwesomeIconFormatter\":1:{s:7:\"\0*\0icon\";s:9:\"file-text\";}s:20:\"\0*\0ptComposerControl\";N;s:37:\"\0*\0ptComposerControlRequiredByDefault\";b:0;s:41:\"\0*\0ptComposerControlRequiredOnThisRequest\";b:0;s:31:\"\0*\0ptComposerControlCustomLabel\";N;s:31:\"\0*\0ptComposerControlDescription\";N;s:5:\"error\";s:0:\"\";}',	2,	NULL,	NULL,	NULL,	0),
(4,	1,	1,	'O:86:\"Concrete\\Core\\Page\\Type\\Composer\\Control\\CorePageProperty\\PageTemplateCorePageProperty\":12:{s:17:\"\0*\0propertyHandle\";s:13:\"page_template\";s:30:\"\0*\0ptComposerControlTypeHandle\";s:18:\"core_page_property\";s:30:\"\0*\0ptComposerControlIdentifier\";s:13:\"page_template\";s:24:\"\0*\0ptComposerControlName\";N;s:27:\"\0*\0ptComposerControlIconSRC\";N;s:33:\"\0*\0ptComposerControlIconFormatter\";O:48:\"Concrete\\Core\\Attribute\\FontAwesomeIconFormatter\":1:{s:7:\"\0*\0icon\";s:8:\"list-alt\";}s:20:\"\0*\0ptComposerControl\";N;s:37:\"\0*\0ptComposerControlRequiredByDefault\";b:0;s:41:\"\0*\0ptComposerControlRequiredOnThisRequest\";b:0;s:31:\"\0*\0ptComposerControlCustomLabel\";N;s:31:\"\0*\0ptComposerControlDescription\";N;s:5:\"error\";s:0:\"\";}',	3,	NULL,	NULL,	NULL,	0),
(5,	1,	1,	'O:87:\"Concrete\\Core\\Page\\Type\\Composer\\Control\\CorePageProperty\\PublishTargetCorePageProperty\":12:{s:17:\"\0*\0propertyHandle\";s:14:\"publish_target\";s:30:\"\0*\0ptComposerControlTypeHandle\";s:18:\"core_page_property\";s:30:\"\0*\0ptComposerControlIdentifier\";s:14:\"publish_target\";s:24:\"\0*\0ptComposerControlName\";N;s:27:\"\0*\0ptComposerControlIconSRC\";N;s:33:\"\0*\0ptComposerControlIconFormatter\";O:48:\"Concrete\\Core\\Attribute\\FontAwesomeIconFormatter\":1:{s:7:\"\0*\0icon\";s:8:\"download\";}s:20:\"\0*\0ptComposerControl\";N;s:37:\"\0*\0ptComposerControlRequiredByDefault\";b:0;s:41:\"\0*\0ptComposerControlRequiredOnThisRequest\";b:0;s:31:\"\0*\0ptComposerControlCustomLabel\";N;s:31:\"\0*\0ptComposerControlDescription\";N;s:5:\"error\";s:0:\"\";}',	4,	NULL,	NULL,	NULL,	0),
(6,	2,	1,	'O:78:\"Concrete\\Core\\Page\\Type\\Composer\\Control\\CorePageProperty\\NameCorePageProperty\":12:{s:37:\"\0*\0ptComposerControlRequiredByDefault\";b:1;s:17:\"\0*\0propertyHandle\";s:4:\"name\";s:30:\"\0*\0ptComposerControlTypeHandle\";s:18:\"core_page_property\";s:30:\"\0*\0ptComposerControlIdentifier\";s:4:\"name\";s:24:\"\0*\0ptComposerControlName\";N;s:27:\"\0*\0ptComposerControlIconSRC\";N;s:33:\"\0*\0ptComposerControlIconFormatter\";O:48:\"Concrete\\Core\\Attribute\\FontAwesomeIconFormatter\":1:{s:7:\"\0*\0icon\";s:9:\"file-text\";}s:20:\"\0*\0ptComposerControl\";N;s:41:\"\0*\0ptComposerControlRequiredOnThisRequest\";b:0;s:31:\"\0*\0ptComposerControlCustomLabel\";N;s:31:\"\0*\0ptComposerControlDescription\";N;s:5:\"error\";s:0:\"\";}',	0,	'Entry Name',	NULL,	NULL,	0),
(7,	2,	1,	'O:81:\"Concrete\\Core\\Page\\Type\\Composer\\Control\\CorePageProperty\\UrlSlugCorePageProperty\":12:{s:17:\"\0*\0propertyHandle\";s:8:\"url_slug\";s:30:\"\0*\0ptComposerControlTypeHandle\";s:18:\"core_page_property\";s:30:\"\0*\0ptComposerControlIdentifier\";s:8:\"url_slug\";s:24:\"\0*\0ptComposerControlName\";N;s:27:\"\0*\0ptComposerControlIconSRC\";N;s:33:\"\0*\0ptComposerControlIconFormatter\";O:48:\"Concrete\\Core\\Attribute\\FontAwesomeIconFormatter\":1:{s:7:\"\0*\0icon\";s:9:\"file-text\";}s:20:\"\0*\0ptComposerControl\";N;s:37:\"\0*\0ptComposerControlRequiredByDefault\";b:0;s:41:\"\0*\0ptComposerControlRequiredOnThisRequest\";b:0;s:31:\"\0*\0ptComposerControlCustomLabel\";N;s:31:\"\0*\0ptComposerControlDescription\";N;s:5:\"error\";s:0:\"\";}',	1,	NULL,	NULL,	NULL,	0),
(8,	2,	1,	'O:85:\"Concrete\\Core\\Page\\Type\\Composer\\Control\\CorePageProperty\\DescriptionCorePageProperty\":12:{s:17:\"\0*\0propertyHandle\";s:11:\"description\";s:30:\"\0*\0ptComposerControlTypeHandle\";s:18:\"core_page_property\";s:30:\"\0*\0ptComposerControlIdentifier\";s:11:\"description\";s:24:\"\0*\0ptComposerControlName\";N;s:27:\"\0*\0ptComposerControlIconSRC\";N;s:33:\"\0*\0ptComposerControlIconFormatter\";O:48:\"Concrete\\Core\\Attribute\\FontAwesomeIconFormatter\":1:{s:7:\"\0*\0icon\";s:4:\"font\";}s:20:\"\0*\0ptComposerControl\";N;s:37:\"\0*\0ptComposerControlRequiredByDefault\";b:0;s:41:\"\0*\0ptComposerControlRequiredOnThisRequest\";b:0;s:31:\"\0*\0ptComposerControlCustomLabel\";N;s:31:\"\0*\0ptComposerControlDescription\";N;s:5:\"error\";s:0:\"\";}',	2,	'Short Description',	NULL,	NULL,	0),
(9,	2,	1,	'O:87:\"Concrete\\Core\\Page\\Type\\Composer\\Control\\CorePageProperty\\PublishTargetCorePageProperty\":12:{s:17:\"\0*\0propertyHandle\";s:14:\"publish_target\";s:30:\"\0*\0ptComposerControlTypeHandle\";s:18:\"core_page_property\";s:30:\"\0*\0ptComposerControlIdentifier\";s:14:\"publish_target\";s:24:\"\0*\0ptComposerControlName\";N;s:27:\"\0*\0ptComposerControlIconSRC\";N;s:33:\"\0*\0ptComposerControlIconFormatter\";O:48:\"Concrete\\Core\\Attribute\\FontAwesomeIconFormatter\":1:{s:7:\"\0*\0icon\";s:8:\"download\";}s:20:\"\0*\0ptComposerControl\";N;s:37:\"\0*\0ptComposerControlRequiredByDefault\";b:0;s:41:\"\0*\0ptComposerControlRequiredOnThisRequest\";b:0;s:31:\"\0*\0ptComposerControlCustomLabel\";N;s:31:\"\0*\0ptComposerControlDescription\";N;s:5:\"error\";s:0:\"\";}',	3,	NULL,	NULL,	NULL,	0),
(10,	2,	2,	'O:67:\"Concrete\\Core\\Page\\Type\\Composer\\Control\\CollectionAttributeControl\":1:{s:7:\"\0*\0akID\";i:24;}',	4,	'Topics',	NULL,	NULL,	0),
(11,	3,	2,	'O:67:\"Concrete\\Core\\Page\\Type\\Composer\\Control\\CollectionAttributeControl\":1:{s:7:\"\0*\0akID\";i:23;}',	0,	NULL,	NULL,	NULL,	0),
(12,	3,	3,	'O:53:\"Concrete\\Core\\Page\\Type\\Composer\\Control\\BlockControl\":15:{s:7:\"\0*\0btID\";i:1;s:30:\"\0*\0ptComposerControlTypeHandle\";s:5:\"block\";s:5:\"\0*\0bt\";b:0;s:4:\"\0*\0b\";b:0;s:13:\"\0*\0controller\";N;s:30:\"\0*\0ptComposerControlIdentifier\";i:1;s:24:\"\0*\0ptComposerControlName\";s:7:\"Content\";s:27:\"\0*\0ptComposerControlIconSRC\";s:33:\"/concrete/blocks/content/icon.png\";s:33:\"\0*\0ptComposerControlIconFormatter\";N;s:20:\"\0*\0ptComposerControl\";N;s:37:\"\0*\0ptComposerControlRequiredByDefault\";b:0;s:41:\"\0*\0ptComposerControlRequiredOnThisRequest\";b:0;s:31:\"\0*\0ptComposerControlCustomLabel\";N;s:31:\"\0*\0ptComposerControlDescription\";N;s:5:\"error\";s:0:\"\";}',	1,	NULL,	NULL,	NULL,	0),
(13,	4,	1,	'O:78:\"Concrete\\Core\\Page\\Type\\Composer\\Control\\CorePageProperty\\NameCorePageProperty\":12:{s:37:\"\0*\0ptComposerControlRequiredByDefault\";b:1;s:17:\"\0*\0propertyHandle\";s:4:\"name\";s:30:\"\0*\0ptComposerControlTypeHandle\";s:18:\"core_page_property\";s:30:\"\0*\0ptComposerControlIdentifier\";s:4:\"name\";s:24:\"\0*\0ptComposerControlName\";N;s:27:\"\0*\0ptComposerControlIconSRC\";N;s:33:\"\0*\0ptComposerControlIconFormatter\";O:48:\"Concrete\\Core\\Attribute\\FontAwesomeIconFormatter\":1:{s:7:\"\0*\0icon\";s:9:\"file-text\";}s:20:\"\0*\0ptComposerControl\";N;s:41:\"\0*\0ptComposerControlRequiredOnThisRequest\";b:0;s:31:\"\0*\0ptComposerControlCustomLabel\";N;s:31:\"\0*\0ptComposerControlDescription\";N;s:5:\"error\";s:0:\"\";}',	0,	'Job Name',	NULL,	NULL,	1),
(14,	4,	1,	'O:82:\"Concrete\\Core\\Page\\Type\\Composer\\Control\\CorePageProperty\\DateTimeCorePageProperty\":12:{s:17:\"\0*\0propertyHandle\";s:9:\"date_time\";s:30:\"\0*\0ptComposerControlTypeHandle\";s:18:\"core_page_property\";s:30:\"\0*\0ptComposerControlIdentifier\";s:9:\"date_time\";s:24:\"\0*\0ptComposerControlName\";N;s:27:\"\0*\0ptComposerControlIconSRC\";N;s:33:\"\0*\0ptComposerControlIconFormatter\";O:48:\"Concrete\\Core\\Attribute\\FontAwesomeIconFormatter\":1:{s:7:\"\0*\0icon\";s:8:\"calendar\";}s:20:\"\0*\0ptComposerControl\";N;s:37:\"\0*\0ptComposerControlRequiredByDefault\";b:0;s:41:\"\0*\0ptComposerControlRequiredOnThisRequest\";b:0;s:31:\"\0*\0ptComposerControlCustomLabel\";N;s:31:\"\0*\0ptComposerControlDescription\";N;s:5:\"error\";s:0:\"\";}',	1,	'Posting Date',	NULL,	NULL,	0),
(15,	5,	2,	'O:67:\"Concrete\\Core\\Page\\Type\\Composer\\Control\\CollectionAttributeControl\":1:{s:7:\"\0*\0akID\";i:21;}',	0,	NULL,	NULL,	NULL,	0),
(16,	5,	2,	'O:67:\"Concrete\\Core\\Page\\Type\\Composer\\Control\\CollectionAttributeControl\":1:{s:7:\"\0*\0akID\";i:20;}',	1,	NULL,	NULL,	NULL,	0),
(17,	5,	1,	'O:85:\"Concrete\\Core\\Page\\Type\\Composer\\Control\\CorePageProperty\\DescriptionCorePageProperty\":12:{s:17:\"\0*\0propertyHandle\";s:11:\"description\";s:30:\"\0*\0ptComposerControlTypeHandle\";s:18:\"core_page_property\";s:30:\"\0*\0ptComposerControlIdentifier\";s:11:\"description\";s:24:\"\0*\0ptComposerControlName\";N;s:27:\"\0*\0ptComposerControlIconSRC\";N;s:33:\"\0*\0ptComposerControlIconFormatter\";O:48:\"Concrete\\Core\\Attribute\\FontAwesomeIconFormatter\":1:{s:7:\"\0*\0icon\";s:4:\"font\";}s:20:\"\0*\0ptComposerControl\";N;s:37:\"\0*\0ptComposerControlRequiredByDefault\";b:0;s:41:\"\0*\0ptComposerControlRequiredOnThisRequest\";b:0;s:31:\"\0*\0ptComposerControlCustomLabel\";N;s:31:\"\0*\0ptComposerControlDescription\";N;s:5:\"error\";s:0:\"\";}',	2,	'Brief Description',	NULL,	NULL,	0),
(18,	5,	3,	'O:53:\"Concrete\\Core\\Page\\Type\\Composer\\Control\\BlockControl\":15:{s:7:\"\0*\0btID\";i:1;s:30:\"\0*\0ptComposerControlTypeHandle\";s:5:\"block\";s:5:\"\0*\0bt\";b:0;s:4:\"\0*\0b\";b:0;s:13:\"\0*\0controller\";N;s:30:\"\0*\0ptComposerControlIdentifier\";i:1;s:24:\"\0*\0ptComposerControlName\";s:7:\"Content\";s:27:\"\0*\0ptComposerControlIconSRC\";s:33:\"/concrete/blocks/content/icon.png\";s:33:\"\0*\0ptComposerControlIconFormatter\";N;s:20:\"\0*\0ptComposerControl\";N;s:37:\"\0*\0ptComposerControlRequiredByDefault\";b:0;s:41:\"\0*\0ptComposerControlRequiredOnThisRequest\";b:0;s:31:\"\0*\0ptComposerControlCustomLabel\";N;s:31:\"\0*\0ptComposerControlDescription\";N;s:5:\"error\";s:0:\"\";}',	3,	'Job Details',	NULL,	NULL,	0),
(19,	6,	1,	'O:78:\"Concrete\\Core\\Page\\Type\\Composer\\Control\\CorePageProperty\\NameCorePageProperty\":12:{s:37:\"\0*\0ptComposerControlRequiredByDefault\";b:1;s:17:\"\0*\0propertyHandle\";s:4:\"name\";s:30:\"\0*\0ptComposerControlTypeHandle\";s:18:\"core_page_property\";s:30:\"\0*\0ptComposerControlIdentifier\";s:4:\"name\";s:24:\"\0*\0ptComposerControlName\";N;s:27:\"\0*\0ptComposerControlIconSRC\";N;s:33:\"\0*\0ptComposerControlIconFormatter\";O:48:\"Concrete\\Core\\Attribute\\FontAwesomeIconFormatter\":1:{s:7:\"\0*\0icon\";s:9:\"file-text\";}s:20:\"\0*\0ptComposerControl\";N;s:41:\"\0*\0ptComposerControlRequiredOnThisRequest\";b:0;s:31:\"\0*\0ptComposerControlCustomLabel\";N;s:31:\"\0*\0ptComposerControlDescription\";N;s:5:\"error\";s:0:\"\";}',	0,	NULL,	NULL,	'Give your portfolio project a name.',	0),
(20,	6,	1,	'O:81:\"Concrete\\Core\\Page\\Type\\Composer\\Control\\CorePageProperty\\UrlSlugCorePageProperty\":12:{s:17:\"\0*\0propertyHandle\";s:8:\"url_slug\";s:30:\"\0*\0ptComposerControlTypeHandle\";s:18:\"core_page_property\";s:30:\"\0*\0ptComposerControlIdentifier\";s:8:\"url_slug\";s:24:\"\0*\0ptComposerControlName\";N;s:27:\"\0*\0ptComposerControlIconSRC\";N;s:33:\"\0*\0ptComposerControlIconFormatter\";O:48:\"Concrete\\Core\\Attribute\\FontAwesomeIconFormatter\":1:{s:7:\"\0*\0icon\";s:9:\"file-text\";}s:20:\"\0*\0ptComposerControl\";N;s:37:\"\0*\0ptComposerControlRequiredByDefault\";b:0;s:41:\"\0*\0ptComposerControlRequiredOnThisRequest\";b:0;s:31:\"\0*\0ptComposerControlCustomLabel\";N;s:31:\"\0*\0ptComposerControlDescription\";N;s:5:\"error\";s:0:\"\";}',	1,	NULL,	NULL,	NULL,	0),
(21,	6,	1,	'O:87:\"Concrete\\Core\\Page\\Type\\Composer\\Control\\CorePageProperty\\PublishTargetCorePageProperty\":12:{s:17:\"\0*\0propertyHandle\";s:14:\"publish_target\";s:30:\"\0*\0ptComposerControlTypeHandle\";s:18:\"core_page_property\";s:30:\"\0*\0ptComposerControlIdentifier\";s:14:\"publish_target\";s:24:\"\0*\0ptComposerControlName\";N;s:27:\"\0*\0ptComposerControlIconSRC\";N;s:33:\"\0*\0ptComposerControlIconFormatter\";O:48:\"Concrete\\Core\\Attribute\\FontAwesomeIconFormatter\":1:{s:7:\"\0*\0icon\";s:8:\"download\";}s:20:\"\0*\0ptComposerControl\";N;s:37:\"\0*\0ptComposerControlRequiredByDefault\";b:0;s:41:\"\0*\0ptComposerControlRequiredOnThisRequest\";b:0;s:31:\"\0*\0ptComposerControlCustomLabel\";N;s:31:\"\0*\0ptComposerControlDescription\";N;s:5:\"error\";s:0:\"\";}',	2,	NULL,	NULL,	NULL,	0),
(22,	7,	2,	'O:67:\"Concrete\\Core\\Page\\Type\\Composer\\Control\\CollectionAttributeControl\":1:{s:7:\"\0*\0akID\";i:25;}',	0,	NULL,	NULL,	NULL,	0),
(23,	7,	1,	'O:82:\"Concrete\\Core\\Page\\Type\\Composer\\Control\\CorePageProperty\\DateTimeCorePageProperty\":12:{s:17:\"\0*\0propertyHandle\";s:9:\"date_time\";s:30:\"\0*\0ptComposerControlTypeHandle\";s:18:\"core_page_property\";s:30:\"\0*\0ptComposerControlIdentifier\";s:9:\"date_time\";s:24:\"\0*\0ptComposerControlName\";N;s:27:\"\0*\0ptComposerControlIconSRC\";N;s:33:\"\0*\0ptComposerControlIconFormatter\";O:48:\"Concrete\\Core\\Attribute\\FontAwesomeIconFormatter\":1:{s:7:\"\0*\0icon\";s:8:\"calendar\";}s:20:\"\0*\0ptComposerControl\";N;s:37:\"\0*\0ptComposerControlRequiredByDefault\";b:0;s:41:\"\0*\0ptComposerControlRequiredOnThisRequest\";b:0;s:31:\"\0*\0ptComposerControlCustomLabel\";N;s:31:\"\0*\0ptComposerControlDescription\";N;s:5:\"error\";s:0:\"\";}',	1,	'Date Completed',	NULL,	NULL,	0),
(24,	7,	2,	'O:67:\"Concrete\\Core\\Page\\Type\\Composer\\Control\\CollectionAttributeControl\":1:{s:7:\"\0*\0akID\";i:27;}',	2,	NULL,	NULL,	NULL,	0),
(25,	7,	2,	'O:67:\"Concrete\\Core\\Page\\Type\\Composer\\Control\\CollectionAttributeControl\":1:{s:7:\"\0*\0akID\";i:28;}',	3,	NULL,	NULL,	NULL,	0),
(26,	7,	2,	'O:67:\"Concrete\\Core\\Page\\Type\\Composer\\Control\\CollectionAttributeControl\":1:{s:7:\"\0*\0akID\";i:29;}',	4,	NULL,	NULL,	NULL,	0),
(27,	7,	2,	'O:67:\"Concrete\\Core\\Page\\Type\\Composer\\Control\\CollectionAttributeControl\":1:{s:7:\"\0*\0akID\";i:23;}',	5,	NULL,	NULL,	NULL,	0),
(28,	8,	3,	'O:53:\"Concrete\\Core\\Page\\Type\\Composer\\Control\\BlockControl\":15:{s:7:\"\0*\0btID\";i:31;s:30:\"\0*\0ptComposerControlTypeHandle\";s:5:\"block\";s:5:\"\0*\0bt\";b:0;s:4:\"\0*\0b\";b:0;s:13:\"\0*\0controller\";N;s:30:\"\0*\0ptComposerControlIdentifier\";i:31;s:24:\"\0*\0ptComposerControlName\";s:12:\"Image Slider\";s:27:\"\0*\0ptComposerControlIconSRC\";s:38:\"/concrete/blocks/image_slider/icon.png\";s:33:\"\0*\0ptComposerControlIconFormatter\";N;s:20:\"\0*\0ptComposerControl\";N;s:37:\"\0*\0ptComposerControlRequiredByDefault\";b:0;s:41:\"\0*\0ptComposerControlRequiredOnThisRequest\";b:0;s:31:\"\0*\0ptComposerControlCustomLabel\";N;s:31:\"\0*\0ptComposerControlDescription\";N;s:5:\"error\";s:0:\"\";}',	0,	NULL,	NULL,	NULL,	0),
(29,	9,	3,	'O:53:\"Concrete\\Core\\Page\\Type\\Composer\\Control\\BlockControl\":15:{s:7:\"\0*\0btID\";i:1;s:30:\"\0*\0ptComposerControlTypeHandle\";s:5:\"block\";s:5:\"\0*\0bt\";b:0;s:4:\"\0*\0b\";b:0;s:13:\"\0*\0controller\";N;s:30:\"\0*\0ptComposerControlIdentifier\";i:1;s:24:\"\0*\0ptComposerControlName\";s:7:\"Content\";s:27:\"\0*\0ptComposerControlIconSRC\";s:33:\"/concrete/blocks/content/icon.png\";s:33:\"\0*\0ptComposerControlIconFormatter\";N;s:20:\"\0*\0ptComposerControl\";N;s:37:\"\0*\0ptComposerControlRequiredByDefault\";b:0;s:41:\"\0*\0ptComposerControlRequiredOnThisRequest\";b:0;s:31:\"\0*\0ptComposerControlCustomLabel\";N;s:31:\"\0*\0ptComposerControlDescription\";N;s:5:\"error\";s:0:\"\";}',	0,	NULL,	NULL,	NULL,	0),
(30,	10,	1,	'O:78:\"Concrete\\Core\\Page\\Type\\Composer\\Control\\CorePageProperty\\NameCorePageProperty\":12:{s:37:\"\0*\0ptComposerControlRequiredByDefault\";b:1;s:17:\"\0*\0propertyHandle\";s:4:\"name\";s:30:\"\0*\0ptComposerControlTypeHandle\";s:18:\"core_page_property\";s:30:\"\0*\0ptComposerControlIdentifier\";s:4:\"name\";s:24:\"\0*\0ptComposerControlName\";N;s:27:\"\0*\0ptComposerControlIconSRC\";N;s:33:\"\0*\0ptComposerControlIconFormatter\";O:48:\"Concrete\\Core\\Attribute\\FontAwesomeIconFormatter\":1:{s:7:\"\0*\0icon\";s:9:\"file-text\";}s:20:\"\0*\0ptComposerControl\";N;s:41:\"\0*\0ptComposerControlRequiredOnThisRequest\";b:0;s:31:\"\0*\0ptComposerControlCustomLabel\";N;s:31:\"\0*\0ptComposerControlDescription\";N;s:5:\"error\";s:0:\"\";}',	0,	NULL,	NULL,	NULL,	0),
(31,	10,	1,	'O:87:\"Concrete\\Core\\Page\\Type\\Composer\\Control\\CorePageProperty\\PublishTargetCorePageProperty\":12:{s:17:\"\0*\0propertyHandle\";s:14:\"publish_target\";s:30:\"\0*\0ptComposerControlTypeHandle\";s:18:\"core_page_property\";s:30:\"\0*\0ptComposerControlIdentifier\";s:14:\"publish_target\";s:24:\"\0*\0ptComposerControlName\";N;s:27:\"\0*\0ptComposerControlIconSRC\";N;s:33:\"\0*\0ptComposerControlIconFormatter\";O:48:\"Concrete\\Core\\Attribute\\FontAwesomeIconFormatter\":1:{s:7:\"\0*\0icon\";s:8:\"download\";}s:20:\"\0*\0ptComposerControl\";N;s:37:\"\0*\0ptComposerControlRequiredByDefault\";b:0;s:41:\"\0*\0ptComposerControlRequiredOnThisRequest\";b:0;s:31:\"\0*\0ptComposerControlCustomLabel\";N;s:31:\"\0*\0ptComposerControlDescription\";N;s:5:\"error\";s:0:\"\";}',	1,	NULL,	NULL,	NULL,	0),
(32,	11,	1,	'O:78:\"Concrete\\Core\\Page\\Type\\Composer\\Control\\CorePageProperty\\NameCorePageProperty\":12:{s:37:\"\0*\0ptComposerControlRequiredByDefault\";b:1;s:17:\"\0*\0propertyHandle\";s:4:\"name\";s:30:\"\0*\0ptComposerControlTypeHandle\";s:18:\"core_page_property\";s:30:\"\0*\0ptComposerControlIdentifier\";s:4:\"name\";s:24:\"\0*\0ptComposerControlName\";N;s:27:\"\0*\0ptComposerControlIconSRC\";N;s:33:\"\0*\0ptComposerControlIconFormatter\";O:48:\"Concrete\\Core\\Attribute\\FontAwesomeIconFormatter\":1:{s:7:\"\0*\0icon\";s:9:\"file-text\";}s:20:\"\0*\0ptComposerControl\";N;s:41:\"\0*\0ptComposerControlRequiredOnThisRequest\";b:0;s:31:\"\0*\0ptComposerControlCustomLabel\";N;s:31:\"\0*\0ptComposerControlDescription\";N;s:5:\"error\";s:0:\"\";}',	0,	'Name',	NULL,	NULL,	0),
(33,	11,	1,	'O:87:\"Concrete\\Core\\Page\\Type\\Composer\\Control\\CorePageProperty\\PublishTargetCorePageProperty\":12:{s:17:\"\0*\0propertyHandle\";s:14:\"publish_target\";s:30:\"\0*\0ptComposerControlTypeHandle\";s:18:\"core_page_property\";s:30:\"\0*\0ptComposerControlIdentifier\";s:14:\"publish_target\";s:24:\"\0*\0ptComposerControlName\";N;s:27:\"\0*\0ptComposerControlIconSRC\";N;s:33:\"\0*\0ptComposerControlIconFormatter\";O:48:\"Concrete\\Core\\Attribute\\FontAwesomeIconFormatter\":1:{s:7:\"\0*\0icon\";s:8:\"download\";}s:20:\"\0*\0ptComposerControl\";N;s:37:\"\0*\0ptComposerControlRequiredByDefault\";b:0;s:41:\"\0*\0ptComposerControlRequiredOnThisRequest\";b:0;s:31:\"\0*\0ptComposerControlCustomLabel\";N;s:31:\"\0*\0ptComposerControlDescription\";N;s:5:\"error\";s:0:\"\";}',	1,	NULL,	NULL,	NULL,	0);

DROP TABLE IF EXISTS `PageTypeComposerFormLayoutSets`;
CREATE TABLE `PageTypeComposerFormLayoutSets` (
  `ptComposerFormLayoutSetID` int(10) unsigned NOT NULL AUTO_INCREMENT,
  `ptID` int(10) unsigned DEFAULT '0',
  `ptComposerFormLayoutSetName` varchar(255) COLLATE utf8mb4_unicode_ci DEFAULT NULL,
  `ptComposerFormLayoutSetDescription` text COLLATE utf8mb4_unicode_ci,
  `ptComposerFormLayoutSetDisplayOrder` int(10) unsigned DEFAULT '0',
  PRIMARY KEY (`ptComposerFormLayoutSetID`),
  KEY `ptID` (`ptID`)
) ENGINE=InnoDB DEFAULT CHARSET=utf8mb4 COLLATE=utf8mb4_unicode_ci;

INSERT INTO `PageTypeComposerFormLayoutSets` (`ptComposerFormLayoutSetID`, `ptID`, `ptComposerFormLayoutSetName`, `ptComposerFormLayoutSetDescription`, `ptComposerFormLayoutSetDisplayOrder`) VALUES
(1,	5,	'Basics',	'',	0),
(2,	6,	'Post Details',	'',	0),
(3,	6,	'Content',	'',	1),
(4,	7,	'Basics',	'',	0),
(5,	7,	'About This Job',	'',	1),
(6,	8,	'Page',	'',	0),
(7,	8,	'Project Data',	'',	1),
(8,	8,	'Image Slider',	'',	2),
(9,	8,	'Body',	'',	3),
(10,	9,	'Details',	'',	0),
(11,	10,	'',	'',	0);

DROP TABLE IF EXISTS `PageTypeComposerOutputBlocks`;
CREATE TABLE `PageTypeComposerOutputBlocks` (
  `ptComposerOutputBlockID` int(10) unsigned NOT NULL AUTO_INCREMENT,
  `cID` int(10) unsigned NOT NULL DEFAULT '0',
  `cvID` int(10) unsigned NOT NULL DEFAULT '0',
  `arHandle` varchar(255) COLLATE utf8mb4_unicode_ci DEFAULT NULL,
  `cbDisplayOrder` int(10) unsigned DEFAULT '0',
  `ptComposerFormLayoutSetControlID` int(10) unsigned NOT NULL DEFAULT '0',
  `bID` int(10) unsigned DEFAULT '0',
  PRIMARY KEY (`ptComposerOutputBlockID`),
  KEY `cID` (`cID`),
  KEY `bID` (`bID`,`cID`),
  KEY `ptComposerFormLayoutSetControlID` (`ptComposerFormLayoutSetControlID`)
) ENGINE=InnoDB DEFAULT CHARSET=utf8mb4 COLLATE=utf8mb4_unicode_ci;


DROP TABLE IF EXISTS `PageTypeComposerOutputControls`;
CREATE TABLE `PageTypeComposerOutputControls` (
  `ptComposerOutputControlID` int(10) unsigned NOT NULL AUTO_INCREMENT,
  `pTemplateID` int(10) unsigned DEFAULT '0',
  `ptID` int(10) unsigned DEFAULT '0',
  `ptComposerFormLayoutSetControlID` int(10) unsigned DEFAULT '0',
  PRIMARY KEY (`ptComposerOutputControlID`),
  KEY `pTemplateID` (`pTemplateID`,`ptComposerFormLayoutSetControlID`),
  KEY `ptID` (`ptID`),
  KEY `ptComposerFormLayoutSetControlID` (`ptComposerFormLayoutSetControlID`)
) ENGINE=InnoDB DEFAULT CHARSET=utf8mb4 COLLATE=utf8mb4_unicode_ci;

INSERT INTO `PageTypeComposerOutputControls` (`ptComposerOutputControlID`, `pTemplateID`, `ptID`, `ptComposerFormLayoutSetControlID`) VALUES
(1,	7,	6,	12),
(2,	6,	7,	18),
(3,	6,	8,	28),
(4,	6,	8,	29);

DROP TABLE IF EXISTS `PageTypePageTemplateDefaultPages`;
CREATE TABLE `PageTypePageTemplateDefaultPages` (
  `pTemplateID` int(10) unsigned NOT NULL DEFAULT '0',
  `ptID` int(10) unsigned NOT NULL DEFAULT '0',
  `cID` int(10) unsigned DEFAULT '0',
  PRIMARY KEY (`pTemplateID`,`ptID`),
  KEY `ptID` (`ptID`),
  KEY `cID` (`cID`)
) ENGINE=InnoDB DEFAULT CHARSET=utf8mb4 COLLATE=utf8mb4_unicode_ci;

INSERT INTO `PageTypePageTemplateDefaultPages` (`pTemplateID`, `ptID`, `cID`) VALUES
(5,	5,	193),
(5,	10,	195),
(5,	9,	198),
(6,	8,	203),
(7,	6,	210),
(6,	7,	217),
(4,	5,	220),
(6,	5,	221),
(7,	5,	222),
(10,	5,	232),
(11,	5,	233);

DROP TABLE IF EXISTS `PageTypePageTemplates`;
CREATE TABLE `PageTypePageTemplates` (
  `ptID` int(10) unsigned NOT NULL DEFAULT '0',
  `pTemplateID` int(10) unsigned NOT NULL DEFAULT '0',
  PRIMARY KEY (`ptID`,`pTemplateID`),
  KEY `pTemplateID` (`pTemplateID`)
) ENGINE=InnoDB DEFAULT CHARSET=utf8mb4 COLLATE=utf8mb4_unicode_ci;

INSERT INTO `PageTypePageTemplates` (`ptID`, `pTemplateID`) VALUES
(9,	5),
(10,	5),
(7,	6),
(8,	6),
(6,	7);

DROP TABLE IF EXISTS `PageTypePermissionAssignments`;
CREATE TABLE `PageTypePermissionAssignments` (
  `ptID` int(10) unsigned NOT NULL DEFAULT '0',
  `pkID` int(10) unsigned NOT NULL DEFAULT '0',
  `paID` int(10) unsigned NOT NULL DEFAULT '0',
  PRIMARY KEY (`ptID`,`pkID`,`paID`),
  KEY `pkID` (`pkID`),
  KEY `ptID` (`ptID`)
) ENGINE=InnoDB DEFAULT CHARSET=utf8mb4 COLLATE=utf8mb4_unicode_ci;

INSERT INTO `PageTypePermissionAssignments` (`ptID`, `pkID`, `paID`) VALUES
(1,	60,	17),
(2,	60,	17),
(3,	60,	17),
(4,	60,	17),
(5,	60,	17),
(6,	60,	17),
(7,	60,	17),
(8,	60,	17),
(9,	60,	17),
(10,	60,	17),
(1,	61,	17),
(2,	61,	17),
(3,	61,	17),
(4,	61,	17),
(5,	61,	17),
(6,	61,	17),
(7,	61,	17),
(8,	61,	17),
(9,	61,	17),
(10,	61,	17),
(1,	62,	17),
(2,	62,	17),
(3,	62,	17),
(4,	62,	17),
(5,	62,	17),
(6,	62,	17),
(7,	62,	17),
(8,	62,	17),
(9,	62,	17),
(10,	62,	17),
(1,	63,	17),
(2,	63,	17),
(3,	63,	17),
(4,	63,	17),
(5,	63,	17),
(6,	63,	17),
(7,	63,	17),
(8,	63,	17),
(9,	63,	17),
(10,	63,	17),
(1,	64,	40),
(2,	64,	41),
(3,	64,	42),
(4,	64,	43),
(5,	64,	48),
(6,	64,	49),
(7,	64,	50),
(8,	64,	51),
(9,	64,	52),
(10,	64,	53);

DROP TABLE IF EXISTS `PageTypePublishTargetTypes`;
CREATE TABLE `PageTypePublishTargetTypes` (
  `ptPublishTargetTypeID` int(10) unsigned NOT NULL AUTO_INCREMENT,
  `ptPublishTargetTypeHandle` varchar(255) COLLATE utf8mb4_unicode_ci DEFAULT NULL,
  `ptPublishTargetTypeName` varchar(255) COLLATE utf8mb4_unicode_ci DEFAULT NULL,
  `pkgID` int(10) unsigned NOT NULL DEFAULT '0',
  PRIMARY KEY (`ptPublishTargetTypeID`),
  KEY `ptPublishTargetTypeHandle` (`ptPublishTargetTypeHandle`),
  KEY `pkgID` (`pkgID`)
) ENGINE=InnoDB DEFAULT CHARSET=utf8mb4 COLLATE=utf8mb4_unicode_ci;

INSERT INTO `PageTypePublishTargetTypes` (`ptPublishTargetTypeID`, `ptPublishTargetTypeHandle`, `ptPublishTargetTypeName`, `pkgID`) VALUES
(1,	'parent_page',	'Always publish below a certain page',	0),
(2,	'page_type',	'Choose from pages of a certain type',	0),
(3,	'all',	'Choose from all pages when publishing',	0);

DROP TABLE IF EXISTS `PageTypes`;
CREATE TABLE `PageTypes` (
  `ptID` int(10) unsigned NOT NULL AUTO_INCREMENT,
  `ptName` varchar(255) COLLATE utf8mb4_unicode_ci NOT NULL,
  `ptHandle` varchar(128) COLLATE utf8mb4_unicode_ci NOT NULL,
  `ptPublishTargetTypeID` int(10) unsigned DEFAULT NULL,
  `ptDefaultPageTemplateID` int(10) unsigned DEFAULT NULL,
  `ptAllowedPageTemplates` varchar(1) COLLATE utf8mb4_unicode_ci DEFAULT 'A',
  `ptIsInternal` tinyint(1) NOT NULL DEFAULT '0',
  `ptIsFrequentlyAdded` tinyint(1) NOT NULL DEFAULT '1',
  `ptDisplayOrder` int(10) unsigned DEFAULT NULL,
  `ptLaunchInComposer` tinyint(1) NOT NULL DEFAULT '0',
  `pkgID` int(10) unsigned NOT NULL DEFAULT '0',
  `ptPublishTargetObject` longtext COLLATE utf8mb4_unicode_ci,
  `siteTypeID` int(10) unsigned DEFAULT '0',
  PRIMARY KEY (`ptID`),
  UNIQUE KEY `ptHandle` (`ptHandle`),
  KEY `siteTypeID` (`siteTypeID`),
  KEY `pkgID` (`pkgID`,`ptID`)
) ENGINE=InnoDB DEFAULT CHARSET=utf8mb4 COLLATE=utf8mb4_unicode_ci;

INSERT INTO `PageTypes` (`ptID`, `ptName`, `ptHandle`, `ptPublishTargetTypeID`, `ptDefaultPageTemplateID`, `ptAllowedPageTemplates`, `ptIsInternal`, `ptIsFrequentlyAdded`, `ptDisplayOrder`, `ptLaunchInComposer`, `pkgID`, `ptPublishTargetObject`, `siteTypeID`) VALUES
(1,	'Stack',	'core_stack',	3,	0,	'A',	1,	0,	0,	0,	0,	'O:68:\"Concrete\\Core\\Page\\Type\\PublishTarget\\Configuration\\AllConfiguration\":7:{s:21:\"\0*\0selectorFormFactor\";N;s:22:\"\0*\0startingPointPageID\";N;s:5:\"error\";s:0:\"\";s:21:\"ptPublishTargetTypeID\";s:1:\"3\";s:25:\"ptPublishTargetTypeHandle\";s:3:\"all\";s:9:\"pkgHandle\";b:0;s:17:\"startingPointPage\";N;}',	1),
(2,	'Stack Category',	'core_stack_category',	3,	0,	'A',	1,	0,	1,	0,	0,	'O:68:\"Concrete\\Core\\Page\\Type\\PublishTarget\\Configuration\\AllConfiguration\":7:{s:21:\"\0*\0selectorFormFactor\";N;s:22:\"\0*\0startingPointPageID\";N;s:5:\"error\";s:0:\"\";s:21:\"ptPublishTargetTypeID\";s:1:\"3\";s:25:\"ptPublishTargetTypeHandle\";s:3:\"all\";s:9:\"pkgHandle\";b:0;s:17:\"startingPointPage\";N;}',	1),
(3,	'Desktop',	'core_desktop',	3,	0,	'A',	1,	0,	2,	0,	0,	'O:68:\"Concrete\\Core\\Page\\Type\\PublishTarget\\Configuration\\AllConfiguration\":7:{s:21:\"\0*\0selectorFormFactor\";N;s:22:\"\0*\0startingPointPageID\";N;s:5:\"error\";s:0:\"\";s:21:\"ptPublishTargetTypeID\";s:1:\"3\";s:25:\"ptPublishTargetTypeHandle\";s:3:\"all\";s:9:\"pkgHandle\";b:0;s:17:\"startingPointPage\";N;}',	1),
(4,	'Dashboard Full',	'dashboard_full',	3,	0,	'A',	1,	0,	3,	0,	0,	'O:68:\"Concrete\\Core\\Page\\Type\\PublishTarget\\Configuration\\AllConfiguration\":7:{s:21:\"\0*\0selectorFormFactor\";N;s:22:\"\0*\0startingPointPageID\";N;s:5:\"error\";s:0:\"\";s:21:\"ptPublishTargetTypeID\";s:1:\"3\";s:25:\"ptPublishTargetTypeHandle\";s:3:\"all\";s:9:\"pkgHandle\";b:0;s:17:\"startingPointPage\";N;}',	1),
(5,	'Empty Page',	'page',	3,	5,	'A',	0,	1,	0,	0,	0,	'O:68:\"Concrete\\Core\\Page\\Type\\PublishTarget\\Configuration\\AllConfiguration\":6:{s:21:\"\0*\0selectorFormFactor\";N;s:22:\"\0*\0startingPointPageID\";N;s:5:\"error\";s:0:\"\";s:21:\"ptPublishTargetTypeID\";s:1:\"3\";s:25:\"ptPublishTargetTypeHandle\";s:3:\"all\";s:9:\"pkgHandle\";b:0;}',	1),
(6,	'Blog Entry',	'blog_entry',	2,	7,	'C',	0,	1,	1,	1,	0,	'O:73:\"Concrete\\Core\\Page\\Type\\PublishTarget\\Configuration\\PageTypeConfiguration\":7:{s:7:\"\0*\0ptID\";s:1:\"9\";s:21:\"\0*\0selectorFormFactor\";N;s:20:\"\0*\0startingPointPage\";N;s:5:\"error\";s:0:\"\";s:21:\"ptPublishTargetTypeID\";s:1:\"2\";s:25:\"ptPublishTargetTypeHandle\";s:9:\"page_type\";s:9:\"pkgHandle\";b:0;}',	1),
(7,	'Job Posting',	'job_posting',	1,	6,	'C',	0,	1,	2,	1,	0,	'O:75:\"Concrete\\Core\\Page\\Type\\PublishTarget\\Configuration\\ParentPageConfiguration\":5:{s:12:\"\0*\0cParentID\";i:215;s:5:\"error\";s:0:\"\";s:21:\"ptPublishTargetTypeID\";s:1:\"1\";s:25:\"ptPublishTargetTypeHandle\";s:11:\"parent_page\";s:9:\"pkgHandle\";b:0;}',	1),
(8,	'Portfolio Project',	'portfolio_project',	2,	6,	'C',	0,	1,	3,	1,	0,	'O:73:\"Concrete\\Core\\Page\\Type\\PublishTarget\\Configuration\\PageTypeConfiguration\":7:{s:7:\"\0*\0ptID\";s:2:\"10\";s:21:\"\0*\0selectorFormFactor\";N;s:20:\"\0*\0startingPointPage\";N;s:5:\"error\";s:0:\"\";s:21:\"ptPublishTargetTypeID\";s:1:\"2\";s:25:\"ptPublishTargetTypeHandle\";s:9:\"page_type\";s:9:\"pkgHandle\";b:0;}',	1),
(9,	'Blog',	'blog',	3,	5,	'C',	0,	0,	4,	1,	0,	'O:68:\"Concrete\\Core\\Page\\Type\\PublishTarget\\Configuration\\AllConfiguration\":6:{s:21:\"\0*\0selectorFormFactor\";N;s:22:\"\0*\0startingPointPageID\";N;s:5:\"error\";s:0:\"\";s:21:\"ptPublishTargetTypeID\";s:1:\"3\";s:25:\"ptPublishTargetTypeHandle\";s:3:\"all\";s:9:\"pkgHandle\";b:0;}',	1),
(10,	'Portfolio',	'portfolio',	3,	5,	'C',	0,	0,	5,	1,	0,	'O:68:\"Concrete\\Core\\Page\\Type\\PublishTarget\\Configuration\\AllConfiguration\":6:{s:21:\"\0*\0selectorFormFactor\";N;s:22:\"\0*\0startingPointPageID\";N;s:5:\"error\";s:0:\"\";s:21:\"ptPublishTargetTypeID\";s:1:\"3\";s:25:\"ptPublishTargetTypeHandle\";s:3:\"all\";s:9:\"pkgHandle\";b:0;}',	1);

DROP TABLE IF EXISTS `PageWorkflowProgress`;
CREATE TABLE `PageWorkflowProgress` (
  `cID` int(10) unsigned NOT NULL DEFAULT '0',
  `wpID` int(10) unsigned NOT NULL DEFAULT '0',
  PRIMARY KEY (`cID`,`wpID`),
  KEY `wpID` (`wpID`)
) ENGINE=InnoDB DEFAULT CHARSET=utf8mb4 COLLATE=utf8mb4_unicode_ci;


DROP TABLE IF EXISTS `PermissionAccess`;
CREATE TABLE `PermissionAccess` (
  `paID` int(10) unsigned NOT NULL AUTO_INCREMENT,
  `paIsInUse` tinyint(1) NOT NULL DEFAULT '0',
  PRIMARY KEY (`paID`)
) ENGINE=InnoDB DEFAULT CHARSET=utf8mb4 COLLATE=utf8mb4_unicode_ci;

INSERT INTO `PermissionAccess` (`paID`, `paIsInUse`) VALUES
(1,	1),
(2,	1),
(3,	1),
(4,	1),
(5,	1),
(6,	1),
(7,	1),
(8,	1),
(9,	1),
(10,	1),
(11,	1),
(12,	1),
(13,	1),
(14,	1),
(15,	1),
(16,	1),
(17,	1),
(18,	1),
(19,	1),
(20,	1),
(21,	1),
(22,	1),
(23,	1),
(24,	1),
(25,	1),
(26,	1),
(27,	1),
(28,	1),
(29,	1),
(30,	1),
(31,	1),
(32,	1),
(33,	1),
(34,	1),
(35,	1),
(36,	1),
(37,	1),
(38,	1),
(39,	1),
(40,	1),
(41,	1),
(42,	1),
(43,	1),
(44,	1),
(45,	1),
(46,	1),
(47,	1),
(48,	1),
(49,	1),
(50,	1),
(51,	1),
(52,	1),
(53,	1),
(54,	1),
(55,	1),
(56,	1),
(57,	1),
(58,	1),
(59,	1),
(60,	1),
(61,	1),
(62,	1),
(63,	1),
(64,	1),
(65,	1),
(66,	1),
(67,	1),
(68,	1),
(69,	1),
(70,	1),
(71,	1),
(72,	1),
(73,	1),
(74,	1),
(75,	1),
(76,	1),
(77,	1),
(78,	1),
(79,	1),
(80,	1),
(81,	1),
(82,	1),
(83,	1),
(84,	1),
(85,	1),
(86,	1),
(87,	1),
(88,	1),
(89,	1),
(90,	1),
(91,	1),
(92,	1),
(93,	1),
(94,	1),
(95,	1),
(96,	1),
(97,	1),
(98,	1),
(99,	1),
(100,	1),
(101,	1),
(102,	1),
(103,	1),
(104,	1),
(105,	1),
(106,	1),
(107,	1),
(108,	1),
(109,	1),
(110,	1),
(111,	1),
(112,	1),
(113,	1),
(114,	1),
(115,	1),
(116,	1),
(117,	1),
(118,	1),
(119,	1),
(120,	0),
(121,	0),
(122,	0),
(123,	0);

DROP TABLE IF EXISTS `PermissionAccessEntities`;
CREATE TABLE `PermissionAccessEntities` (
  `peID` int(10) unsigned NOT NULL AUTO_INCREMENT,
  `petID` int(10) unsigned DEFAULT NULL,
  PRIMARY KEY (`peID`),
  KEY `petID` (`petID`)
) ENGINE=InnoDB DEFAULT CHARSET=utf8mb4 COLLATE=utf8mb4_unicode_ci;

INSERT INTO `PermissionAccessEntities` (`peID`, `petID`) VALUES
(1,	1),
(2,	1),
(6,	1),
(7,	2),
(3,	5),
(4,	6),
(5,	7);

DROP TABLE IF EXISTS `PermissionAccessEntityGroups`;
CREATE TABLE `PermissionAccessEntityGroups` (
  `pegID` int(10) unsigned NOT NULL AUTO_INCREMENT,
  `peID` int(10) unsigned NOT NULL DEFAULT '0',
  `gID` int(10) unsigned NOT NULL DEFAULT '0',
  PRIMARY KEY (`pegID`),
  KEY `peID` (`peID`),
  KEY `gID` (`gID`)
) ENGINE=InnoDB DEFAULT CHARSET=utf8mb4 COLLATE=utf8mb4_unicode_ci;

INSERT INTO `PermissionAccessEntityGroups` (`pegID`, `peID`, `gID`) VALUES
(1,	1,	3),
(2,	2,	1),
(3,	6,	2);

DROP TABLE IF EXISTS `PermissionAccessEntityGroupSets`;
CREATE TABLE `PermissionAccessEntityGroupSets` (
  `peID` int(10) unsigned NOT NULL DEFAULT '0',
  `gsID` int(10) unsigned NOT NULL DEFAULT '0',
  PRIMARY KEY (`peID`,`gsID`),
  KEY `gsID` (`gsID`)
) ENGINE=InnoDB DEFAULT CHARSET=utf8mb4 COLLATE=utf8mb4_unicode_ci;


DROP TABLE IF EXISTS `PermissionAccessEntitySiteGroups`;
CREATE TABLE `PermissionAccessEntitySiteGroups` (
  `pegID` int(10) unsigned NOT NULL AUTO_INCREMENT,
  `peID` int(10) unsigned NOT NULL,
  `siteGID` int(10) unsigned DEFAULT NULL,
  PRIMARY KEY (`pegID`),
  KEY `peID` (`peID`),
  KEY `siteGID` (`siteGID`),
  CONSTRAINT `FK_51122D554A62E0E4` FOREIGN KEY (`siteGID`) REFERENCES `SiteGroups` (`siteGID`)
) ENGINE=InnoDB DEFAULT CHARSET=utf8mb4 COLLATE=utf8mb4_unicode_ci;


DROP TABLE IF EXISTS `PermissionAccessEntityTypeCategories`;
CREATE TABLE `PermissionAccessEntityTypeCategories` (
  `petID` int(10) unsigned NOT NULL DEFAULT '0',
  `pkCategoryID` int(10) unsigned NOT NULL DEFAULT '0',
  PRIMARY KEY (`petID`,`pkCategoryID`),
  KEY `pkCategoryID` (`pkCategoryID`)
) ENGINE=InnoDB DEFAULT CHARSET=utf8mb4 COLLATE=utf8mb4_unicode_ci;

INSERT INTO `PermissionAccessEntityTypeCategories` (`petID`, `pkCategoryID`) VALUES
(1,	1),
(2,	1),
(3,	1),
(4,	1),
(5,	1),
(8,	1),
(1,	4),
(2,	4),
(3,	4),
(4,	4),
(1,	5),
(2,	5),
(3,	5),
(4,	5),
(6,	5),
(1,	6),
(2,	6),
(3,	6),
(4,	6),
(6,	6),
(1,	7),
(2,	7),
(3,	7),
(4,	7),
(1,	8),
(2,	8),
(3,	8),
(4,	8),
(1,	9),
(2,	9),
(3,	9),
(4,	9),
(1,	10),
(2,	10),
(3,	10),
(4,	10),
(1,	11),
(2,	11),
(3,	11),
(4,	11),
(1,	12),
(2,	12),
(3,	12),
(4,	12),
(1,	13),
(2,	13),
(3,	13),
(4,	13),
(1,	14),
(2,	14),
(3,	14),
(4,	14),
(8,	14),
(1,	15),
(2,	15),
(3,	15),
(4,	15),
(5,	15),
(8,	15),
(1,	16),
(2,	16),
(3,	16),
(4,	16),
(1,	17),
(2,	17),
(3,	17),
(4,	17),
(1,	18),
(2,	18),
(3,	18),
(4,	18),
(1,	19),
(2,	19),
(3,	19),
(4,	19),
(1,	20),
(2,	20),
(3,	20),
(4,	20),
(1,	21),
(2,	21),
(3,	21),
(4,	21),
(7,	21),
(1,	22),
(2,	22),
(3,	22),
(4,	22),
(7,	22),
(1,	23),
(2,	23),
(4,	23),
(1,	24),
(2,	24),
(3,	24),
(4,	24),
(1,	25),
(2,	25),
(3,	25),
(4,	25),
(1,	26),
(2,	26),
(3,	26),
(4,	26);

DROP TABLE IF EXISTS `PermissionAccessEntityTypes`;
CREATE TABLE `PermissionAccessEntityTypes` (
  `petID` int(10) unsigned NOT NULL AUTO_INCREMENT,
  `petHandle` varchar(255) COLLATE utf8mb4_unicode_ci NOT NULL,
  `petName` varchar(255) COLLATE utf8mb4_unicode_ci NOT NULL,
  `pkgID` int(10) unsigned DEFAULT NULL,
  PRIMARY KEY (`petID`),
  UNIQUE KEY `petHandle` (`petHandle`),
  KEY `pkgID` (`pkgID`)
) ENGINE=InnoDB DEFAULT CHARSET=utf8mb4 COLLATE=utf8mb4_unicode_ci;

INSERT INTO `PermissionAccessEntityTypes` (`petID`, `petHandle`, `petName`, `pkgID`) VALUES
(1,	'group',	'Group',	0),
(2,	'user',	'User',	0),
(3,	'group_set',	'Group Set',	0),
(4,	'group_combination',	'Group Combination',	0),
(5,	'page_owner',	'Page Owner',	0),
(6,	'file_uploader',	'File Uploader',	0),
(7,	'conversation_message_author',	'Message Author',	0),
(8,	'site_group',	'Site Group',	0);

DROP TABLE IF EXISTS `PermissionAccessEntityUsers`;
CREATE TABLE `PermissionAccessEntityUsers` (
  `peID` int(10) unsigned NOT NULL DEFAULT '0',
  `uID` int(10) unsigned NOT NULL DEFAULT '0',
  PRIMARY KEY (`peID`,`uID`),
  KEY `uID` (`uID`)
) ENGINE=InnoDB DEFAULT CHARSET=utf8mb4 COLLATE=utf8mb4_unicode_ci;

INSERT INTO `PermissionAccessEntityUsers` (`peID`, `uID`) VALUES
(7,	1);

DROP TABLE IF EXISTS `PermissionAccessList`;
CREATE TABLE `PermissionAccessList` (
  `paID` int(10) unsigned NOT NULL DEFAULT '0',
  `peID` int(10) unsigned NOT NULL DEFAULT '0',
  `pdID` int(10) unsigned NOT NULL DEFAULT '0',
  `accessType` smallint(6) NOT NULL DEFAULT '0',
  PRIMARY KEY (`paID`,`peID`),
  KEY `accessType` (`accessType`),
  KEY `peID` (`peID`),
  KEY `peID_accessType` (`peID`,`accessType`),
  KEY `pdID` (`pdID`),
  KEY `permissionAccessDuration` (`paID`,`pdID`)
) ENGINE=InnoDB DEFAULT CHARSET=utf8mb4 COLLATE=utf8mb4_unicode_ci;

INSERT INTO `PermissionAccessList` (`paID`, `peID`, `pdID`, `accessType`) VALUES
(1,	1,	0,	10),
(2,	1,	0,	10),
(3,	1,	0,	10),
(4,	1,	0,	10),
(5,	1,	0,	10),
(6,	1,	0,	10),
(7,	1,	0,	10),
(8,	1,	0,	10),
(9,	1,	0,	10),
(10,	2,	0,	10),
(11,	1,	0,	10),
(12,	1,	0,	10),
(13,	1,	0,	10),
(14,	1,	0,	10),
(15,	1,	0,	10),
(16,	2,	0,	10),
(17,	1,	0,	10),
(18,	1,	0,	10),
(19,	1,	0,	10),
(20,	1,	0,	10),
(21,	1,	0,	10),
(22,	1,	0,	10),
(23,	1,	0,	10),
(24,	1,	0,	10),
(25,	1,	0,	10),
(26,	1,	0,	10),
(27,	1,	0,	10),
(28,	1,	0,	10),
(29,	1,	0,	10),
(30,	1,	0,	10),
(31,	1,	0,	10),
(32,	1,	0,	10),
(33,	1,	0,	10),
(34,	1,	0,	10),
(35,	1,	0,	10),
(36,	1,	0,	10),
(36,	2,	0,	10),
(37,	1,	0,	10),
(37,	2,	0,	10),
(38,	1,	0,	10),
(39,	1,	0,	10),
(40,	3,	0,	10),
(41,	3,	0,	10),
(42,	3,	0,	10),
(43,	3,	0,	10),
(44,	1,	0,	10),
(45,	2,	0,	10),
(46,	2,	0,	10),
(47,	2,	0,	10),
(48,	3,	0,	10),
(49,	3,	0,	10),
(50,	3,	0,	10),
(51,	3,	0,	10),
(52,	3,	0,	10),
(53,	3,	0,	10),
(54,	2,	0,	10),
(55,	1,	0,	10),
(55,	2,	0,	10),
(56,	1,	0,	10),
(57,	1,	0,	10),
(58,	1,	0,	10),
(59,	1,	0,	10),
(60,	1,	0,	10),
(61,	1,	0,	10),
(62,	1,	0,	10),
(63,	1,	0,	10),
(64,	1,	0,	10),
(65,	2,	0,	10),
(66,	2,	0,	10),
(67,	2,	0,	10),
(68,	2,	0,	10),
(69,	1,	0,	10),
(70,	1,	0,	10),
(71,	1,	0,	10),
(72,	1,	0,	10),
(73,	1,	0,	10),
(74,	1,	0,	10),
(75,	1,	0,	10),
(76,	1,	0,	10),
(77,	1,	0,	10),
(78,	1,	0,	10),
(79,	1,	0,	10),
(80,	1,	0,	10),
(81,	1,	0,	10),
(82,	1,	0,	10),
(83,	1,	0,	10),
(84,	1,	0,	10),
(85,	1,	0,	10),
(86,	1,	0,	10),
(87,	1,	0,	10),
(88,	2,	0,	10),
(89,	1,	0,	10),
(90,	1,	0,	10),
(91,	1,	0,	10),
(92,	1,	0,	10),
(93,	1,	0,	10),
(94,	1,	0,	10),
(95,	1,	0,	10),
(96,	1,	0,	10),
(97,	1,	0,	10),
(98,	1,	0,	10),
(99,	1,	0,	10),
(100,	1,	0,	10),
(101,	1,	0,	10),
(102,	1,	0,	10),
(103,	1,	0,	10),
(104,	1,	0,	10),
(105,	1,	0,	10),
(106,	1,	0,	10),
(107,	1,	0,	10),
(108,	1,	0,	10),
(109,	1,	0,	10),
(110,	1,	0,	10),
(111,	2,	0,	10),
(112,	2,	0,	10),
(113,	1,	0,	10),
(113,	5,	0,	10),
(114,	1,	0,	10),
(114,	5,	0,	10),
(115,	1,	0,	10),
(115,	6,	0,	10),
(116,	1,	0,	10),
(117,	1,	0,	10),
(118,	1,	0,	10),
(119,	1,	0,	10),
(119,	7,	0,	10),
(120,	1,	0,	10),
(121,	1,	0,	10),
(122,	1,	0,	10),
(123,	1,	0,	10);

DROP TABLE IF EXISTS `PermissionAccessWorkflows`;
CREATE TABLE `PermissionAccessWorkflows` (
  `paID` int(10) unsigned NOT NULL DEFAULT '0',
  `wfID` int(10) unsigned NOT NULL DEFAULT '0',
  PRIMARY KEY (`paID`,`wfID`),
  KEY `wfID` (`wfID`)
) ENGINE=InnoDB DEFAULT CHARSET=utf8mb4 COLLATE=utf8mb4_unicode_ci;


DROP TABLE IF EXISTS `PermissionAssignments`;
CREATE TABLE `PermissionAssignments` (
  `paID` int(10) unsigned NOT NULL DEFAULT '0',
  `pkID` int(10) unsigned NOT NULL DEFAULT '0',
  PRIMARY KEY (`paID`,`pkID`),
  KEY `pkID` (`pkID`)
) ENGINE=InnoDB DEFAULT CHARSET=utf8mb4 COLLATE=utf8mb4_unicode_ci;

INSERT INTO `PermissionAssignments` (`paID`, `pkID`) VALUES
(1,	19),
(2,	20),
(3,	75),
(4,	76),
(5,	77),
(6,	79),
(7,	80),
(8,	81),
(119,	82),
(9,	83),
(10,	84),
(11,	85),
(12,	86),
(13,	87),
(14,	88),
(15,	89),
(16,	90),
(17,	113),
(18,	115),
(19,	116),
(20,	117),
(21,	118),
(22,	119),
(23,	120),
(24,	121),
(25,	122),
(26,	123),
(27,	124),
(28,	125),
(29,	126),
(30,	127),
(31,	128),
(38,	129),
(39,	130);

DROP TABLE IF EXISTS `PermissionDurationObjects`;
CREATE TABLE `PermissionDurationObjects` (
  `pdID` int(10) unsigned NOT NULL AUTO_INCREMENT,
  `pdObject` text COLLATE utf8mb4_unicode_ci NOT NULL,
  PRIMARY KEY (`pdID`)
) ENGINE=InnoDB DEFAULT CHARSET=utf8mb4 COLLATE=utf8mb4_unicode_ci;


DROP TABLE IF EXISTS `PermissionKeyCategories`;
CREATE TABLE `PermissionKeyCategories` (
  `pkCategoryID` int(10) unsigned NOT NULL AUTO_INCREMENT,
  `pkCategoryHandle` varchar(255) COLLATE utf8mb4_unicode_ci NOT NULL,
  `pkgID` int(10) unsigned DEFAULT NULL,
  PRIMARY KEY (`pkCategoryID`),
  UNIQUE KEY `pkCategoryHandle` (`pkCategoryHandle`),
  KEY `pkgID` (`pkgID`)
) ENGINE=InnoDB DEFAULT CHARSET=utf8mb4 COLLATE=utf8mb4_unicode_ci;

INSERT INTO `PermissionKeyCategories` (`pkCategoryID`, `pkCategoryHandle`, `pkgID`) VALUES
(1,	'page',	NULL),
(2,	'single_page',	NULL),
(3,	'stack',	NULL),
(4,	'user',	NULL),
(5,	'file_folder',	NULL),
(6,	'file',	NULL),
(7,	'area',	NULL),
(8,	'block_type',	NULL),
(9,	'block',	NULL),
(10,	'admin',	NULL),
(11,	'notification',	NULL),
(12,	'sitemap',	NULL),
(13,	'marketplace_newsflow',	NULL),
(14,	'basic_workflow',	NULL),
(15,	'page_type',	NULL),
(16,	'gathering',	NULL),
(17,	'group_tree_node',	NULL),
(18,	'express_tree_node',	NULL),
(19,	'category_tree_node',	NULL),
(20,	'topic_tree_node',	NULL),
(21,	'conversation',	NULL),
(22,	'conversation_message',	NULL),
(23,	'multilingual_section',	NULL),
(24,	'calendar_admin',	NULL),
(25,	'calendar',	NULL),
(26,	'express_entry',	NULL);

DROP TABLE IF EXISTS `PermissionKeys`;
CREATE TABLE `PermissionKeys` (
  `pkID` int(10) unsigned NOT NULL AUTO_INCREMENT,
  `pkHandle` varchar(255) COLLATE utf8mb4_unicode_ci NOT NULL,
  `pkName` varchar(255) COLLATE utf8mb4_unicode_ci NOT NULL,
  `pkCanTriggerWorkflow` tinyint(1) NOT NULL DEFAULT '0',
  `pkHasCustomClass` tinyint(1) NOT NULL DEFAULT '0',
  `pkDescription` varchar(255) COLLATE utf8mb4_unicode_ci DEFAULT NULL,
  `pkCategoryID` int(10) unsigned DEFAULT NULL,
  `pkgID` int(10) unsigned DEFAULT NULL,
  PRIMARY KEY (`pkID`),
  UNIQUE KEY `akHandle` (`pkHandle`),
  KEY `pkCategoryID` (`pkCategoryID`),
  KEY `pkgID` (`pkgID`)
) ENGINE=InnoDB DEFAULT CHARSET=utf8mb4 COLLATE=utf8mb4_unicode_ci;

INSERT INTO `PermissionKeys` (`pkID`, `pkHandle`, `pkName`, `pkCanTriggerWorkflow`, `pkHasCustomClass`, `pkDescription`, `pkCategoryID`, `pkgID`) VALUES
(1,	'view_page',	'View',	0,	0,	'Can see a page exists and read its content.',	1,	0),
(2,	'view_page_versions',	'View Versions',	0,	0,	'Can view the page versions dialog and read past versions of a page.',	1,	0),
(3,	'view_page_in_sitemap',	'View Page in Sitemap',	0,	0,	'Controls whether a user can see a page in the sitemap or intelligent search.',	1,	0),
(4,	'preview_page_as_user',	'Preview Page As User',	0,	0,	'Ability to see what this page will look like at a specific time in the future as a specific user.',	1,	0),
(5,	'edit_page_properties',	'Edit Properties',	0,	1,	'Ability to change anything in the Page Properties menu.',	1,	0),
(6,	'edit_page_contents',	'Edit Contents',	0,	0,	'Ability to make edits to at least some of the content in the page. You can lock down different block areas and specific blocks by clicking Permissions on them as well. ',	1,	0),
(7,	'edit_page_speed_settings',	'Edit Speed Settings',	0,	0,	'Ability to change caching settings.',	1,	0),
(8,	'edit_page_theme',	'Change Theme',	0,	1,	'Ability to change just the theme for this page.',	1,	0),
(9,	'edit_page_template',	'Change Page Template',	0,	0,	'Ability to change just the page template for this page.',	1,	0),
(10,	'edit_page_page_type',	'Edit Page Type',	0,	0,	'Change the type of an existing page.',	1,	0),
(11,	'edit_page_permissions',	'Edit Permissions',	1,	0,	'Ability to change permissions for this page. Warning: by granting this a user could give themselves more access.',	1,	0),
(12,	'delete_page',	'Delete',	1,	0,	'Ability to move this page to the site\'s Trash.',	1,	0),
(13,	'delete_page_versions',	'Delete Versions',	1,	0,	'Ability to remove old versions of this page.',	1,	0),
(14,	'approve_page_versions',	'Approve Changes',	1,	0,	'Can publish an unapproved version of the page.',	1,	0),
(15,	'add_subpage',	'Add Sub-Page',	0,	1,	'Can add a page beneath the current page.',	1,	0),
(16,	'move_or_copy_page',	'Move or Copy Page',	1,	0,	'Can move or copy this page to another location.',	1,	0),
(17,	'schedule_page_contents_guest_access',	'Schedule Guest Access',	0,	0,	'Can control scheduled guest access to this page.',	1,	0),
(18,	'edit_page_multilingual_settings',	'Edit Multilingual Settings',	0,	0,	'Controls whether a user can see the multilingual settings menu, re-map a page or set a page as ignored in multilingual settings.',	1,	0),
(19,	'add_block',	'Add Block',	0,	1,	'Can add a block to any area on the site. If someone is added here they can add blocks to any area (unless that area has permissions that override these global permissions.)',	8,	0),
(20,	'add_stack',	'Add Stack',	0,	0,	'Can add a stack or block from a stack to any area on the site. If someone is added here they can add stacks to any area (unless that area has permissions that override these global permissions.)',	8,	0),
(21,	'view_area',	'View Area',	0,	0,	'Can view the area and its contents.',	7,	0),
(22,	'edit_area_contents',	'Edit Area Contents',	0,	0,	'Can edit blocks within this area.',	7,	0),
(23,	'add_block_to_area',	'Add Block to Area',	0,	1,	'Can add blocks to this area. This setting overrides the global Add Block permission for this area.',	7,	0),
(24,	'add_stack_to_area',	'Add Stack to Area',	0,	0,	'Can add stacks to this area. This setting overrides the global Add Stack permission for this area.',	7,	0),
(25,	'add_layout_to_area',	'Add Layouts to Area',	0,	0,	'Controls whether users get the ability to add layouts to a particular area.',	7,	0),
(26,	'edit_area_design',	'Edit Area Design',	0,	0,	'Controls whether users see design controls and can modify an area\'s custom CSS.',	7,	0),
(27,	'edit_area_permissions',	'Edit Area Permissions',	0,	0,	'Controls whether users can access the permissions on an area. Custom area permissions could override those of the page.',	7,	0),
(28,	'delete_area_contents',	'Delete Area Contents',	0,	0,	'Controls whether users can delete blocks from this area.',	7,	0),
(29,	'schedule_area_contents_guest_access',	'Schedule Guest Access',	0,	0,	'Controls whether users can schedule guest access permissions on blocks in this area. Guest Access is a shortcut for granting permissions just to the Guest Group.',	7,	0),
(30,	'view_block',	'View Block',	0,	0,	'Controls whether users can view this block in the page.',	9,	0),
(31,	'edit_block',	'Edit Block',	0,	0,	'Controls whether users can edit this block. This overrides any area or page permissions.',	9,	0),
(32,	'edit_block_custom_template',	'Change Block Template',	0,	0,	'Controls whether users can change the block template on this block. This overrides any area or page permissions.',	9,	0),
(33,	'edit_block_cache_settings',	'Edit Cache Settings',	0,	0,	'Controls whether users can change the block cache settings for this block instance.',	9,	0),
(34,	'edit_block_name',	'Edit Name',	0,	0,	'Controls whether users can change the block\'s name (rarely used.)',	9,	0),
(35,	'delete_block',	'Delete Block',	0,	0,	'Controls whether users can delete this block. This overrides any area or page permissions.',	9,	0),
(36,	'edit_block_design',	'Edit Design',	0,	0,	'Controls whether users can set custom design properties or CSS on this block.',	9,	0),
(37,	'edit_block_permissions',	'Edit Permissions',	0,	0,	'Controls whether users can change permissions on this block, potentially granting themselves or others greater access.',	9,	0),
(38,	'schedule_guest_access',	'Schedule Guest Access',	0,	0,	'Controls whether users can schedule guest access permissions on this block. Guest Access is a shortcut for granting permissions just to the Guest Group.',	9,	0),
(39,	'view_file_folder_file',	'View Files',	0,	0,	'View files within folder in the site.',	5,	0),
(40,	'search_file_folder',	'Search File Folder',	0,	0,	'See this file folder in the file manager',	5,	0),
(41,	'edit_file_folder',	'Edit File Folder',	0,	0,	'Edit a file folder.',	5,	0),
(42,	'edit_file_folder_file_properties',	'Edit File Properties',	0,	0,	'Can edit a file\'s properties.',	5,	0),
(43,	'edit_file_folder_file_contents',	'Edit File Contents',	0,	0,	'Can edit or replace files in folder.',	5,	0),
(44,	'copy_file_folder_files',	'Copy File',	0,	0,	'Can copy files in file folder.',	5,	0),
(45,	'edit_file_folder_permissions',	'Edit File Access',	0,	0,	'Can edit access to file folder.',	5,	0),
(46,	'delete_file_folder',	'Delete File Set',	0,	0,	'Can delete file folder.',	5,	0),
(47,	'delete_file_folder_files',	'Delete File',	0,	0,	'Can delete files in folder.',	5,	0),
(48,	'add_file',	'Add File',	0,	1,	'Can add files to folder.',	5,	0),
(49,	'view_file',	'View Files',	0,	0,	'Can view and download files.',	6,	0),
(50,	'view_file_in_file_manager',	'View File in File Manager',	0,	0,	'Can access the File Manager.',	6,	0),
(51,	'edit_file_properties',	'Edit File Properties',	0,	0,	'Can edit a file\'s properties.',	6,	0),
(52,	'edit_file_contents',	'Edit File Contents',	0,	0,	'Can edit or replace files.',	6,	0),
(53,	'copy_file',	'Copy File',	0,	0,	'Can copy file.',	6,	0),
(54,	'edit_file_permissions',	'Edit File Access',	0,	0,	'Can edit access to file.',	6,	0),
(55,	'delete_file',	'Delete File',	0,	0,	'Can delete file.',	6,	0),
(56,	'approve_basic_workflow_action',	'Approve or Deny',	0,	0,	'Grant ability to approve workflow.',	14,	0),
(57,	'notify_on_basic_workflow_entry',	'Notify on Entry',	0,	0,	'Notify approvers that a change has entered the workflow.',	14,	0),
(58,	'notify_on_basic_workflow_approve',	'Notify on Approve',	0,	0,	'Notify approvers that a change has been approved.',	14,	0),
(59,	'notify_on_basic_workflow_deny',	'Notify on Deny',	0,	0,	'Notify approvers that a change has been denied.',	14,	0),
(60,	'add_page_type',	'Add Pages of This Type',	0,	0,	'',	15,	0),
(61,	'edit_page_type',	'Edit Page Type',	0,	0,	'',	15,	0),
(62,	'delete_page_type',	'Delete Page Type',	0,	0,	'',	15,	0),
(63,	'edit_page_type_permissions',	'Edit Page Type Permissions',	0,	0,	'',	15,	0),
(64,	'edit_page_type_drafts',	'Edit Page Type Drafts',	0,	0,	'',	15,	0),
(65,	'view_topic_tree_node',	'View Topic Tree Node',	0,	0,	'',	20,	0),
(66,	'view_category_tree_node',	'View Category Tree Node',	0,	0,	'',	19,	0),
(67,	'add_conversation_message',	'Add Message to Conversation',	0,	1,	'',	21,	0),
(68,	'add_conversation_message_attachments',	'Add Message Attachments',	0,	0,	'',	21,	0),
(69,	'edit_conversation_permissions',	'Edit Conversation Permissions',	0,	0,	'',	21,	0),
(70,	'delete_conversation_message',	'Delete Message',	0,	0,	'',	21,	0),
(71,	'edit_conversation_message',	'Edit Message',	0,	0,	'',	21,	0),
(72,	'rate_conversation_message',	'Rate Message',	0,	0,	'',	21,	0),
(73,	'flag_conversation_message',	'Flag Message',	0,	0,	'',	21,	0),
(74,	'approve_conversation_message',	'Approve Message',	0,	0,	'',	21,	0),
(75,	'edit_user_properties',	'Edit User Details',	0,	1,	NULL,	4,	0),
(76,	'view_user_attributes',	'View User Attributes',	0,	1,	NULL,	4,	0),
(77,	'activate_user',	'Activate/Deactivate User',	1,	0,	NULL,	4,	0),
(78,	'sudo',	'Sign in as User',	0,	0,	NULL,	4,	0),
(79,	'upgrade',	'Upgrade concrete5',	0,	0,	NULL,	10,	0),
(80,	'access_group_search',	'Access Group Search',	0,	0,	NULL,	4,	0),
(81,	'delete_user',	'Delete User',	1,	0,	NULL,	4,	0),
(82,	'notify_in_notification_center',	'Notify in Notification Center',	0,	1,	'Controls who receives updates in the notification center.',	11,	0),
(83,	'add_calendar',	'Add Calendar',	0,	0,	'',	24,	0),
(84,	'view_calendars',	'View Calendars',	0,	0,	'',	24,	0),
(85,	'edit_calendars',	'Edit Calendars',	0,	0,	'',	24,	0),
(86,	'edit_calendars_permissions',	'Edit Permissions',	0,	0,	'',	24,	0),
(87,	'add_calendar_events',	'Add Calendar Events',	0,	0,	'',	24,	0),
(88,	'approve_calendar_events',	'Approve Calendar Events',	1,	0,	'',	24,	0),
(89,	'delete_calendars',	'Delete Calendars',	0,	0,	'',	24,	0),
(90,	'access_calendar_rss_feeds',	'Access RSS Feeds',	0,	0,	'',	24,	0),
(91,	'view_calendar',	'View Calendar',	0,	0,	'',	25,	0),
(92,	'view_calendar_in_edit_interface',	'View in Edit Interface',	0,	0,	'',	25,	0),
(93,	'edit_calendar_permissions',	'Edit Permissions',	0,	0,	'',	25,	0),
(94,	'edit_calendar',	'Edit Calendar',	0,	0,	'',	25,	0),
(95,	'add_calendar_event',	'Add Calendar Event',	0,	0,	'',	25,	0),
(96,	'approve_calendar_event',	'Approve Calendar Event',	1,	0,	'',	25,	0),
(97,	'edit_calendar_event_more_details_location',	'Modify More Details Location',	0,	0,	'',	25,	0),
(98,	'edit_calendar_events',	'Edit Calendar Events',	0,	0,	'',	25,	0),
(99,	'access_calendar_rss_feed',	'Access RSS Feed',	0,	0,	'',	25,	0),
(100,	'delete_calendar',	'Delete Calendar',	0,	0,	'',	25,	0),
(101,	'view_express_entries',	'View Entries',	0,	0,	NULL,	18,	0),
(102,	'add_express_entries',	'Add Entry',	0,	0,	NULL,	18,	0),
(103,	'edit_express_entries',	'Edit Entry',	0,	0,	NULL,	18,	0),
(104,	'delete_express_entries',	'Delete Entry',	0,	0,	NULL,	18,	0),
(105,	'view_express_entry',	'View Entries',	0,	0,	NULL,	26,	0),
(106,	'edit_express_entry',	'Edit Entry',	0,	0,	NULL,	26,	0),
(107,	'delete_express_entry',	'Delete Entry',	0,	0,	NULL,	26,	0),
(108,	'search_users_in_group',	'Search User Group',	0,	0,	NULL,	17,	0),
(109,	'edit_group',	'Edit Group',	0,	0,	NULL,	17,	0),
(110,	'assign_group',	'Assign Group',	0,	0,	NULL,	17,	0),
(111,	'add_sub_group',	'Add Child Group',	0,	0,	NULL,	17,	0),
(112,	'edit_group_permissions',	'Edit Group Permissions',	0,	0,	NULL,	17,	0),
(113,	'access_page_type_permissions',	'Access Page Type Permissions',	0,	0,	NULL,	10,	0),
(114,	'access_task_permissions',	'Access Task Permissions',	0,	0,	NULL,	10,	0),
(115,	'access_sitemap',	'Access Sitemap',	0,	0,	NULL,	12,	0),
(116,	'access_page_defaults',	'Access Page Type Defaults',	0,	0,	NULL,	10,	0),
(117,	'customize_themes',	'Customize Themes',	0,	0,	NULL,	10,	0),
(118,	'manage_layout_presets',	'Manage Layout Presets',	0,	0,	NULL,	10,	0),
(119,	'empty_trash',	'Empty Trash',	0,	0,	NULL,	10,	0),
(120,	'add_topic_tree',	'Add Topic Tree',	0,	0,	NULL,	10,	0),
(121,	'remove_topic_tree',	'Remove Topic Tree',	0,	0,	NULL,	10,	0),
(122,	'view_in_maintenance_mode',	'View Site in Maintenance Mode',	0,	0,	'Ability to see and use the website when concrete5 is in maintenance mode.',	10,	0),
(123,	'uninstall_packages',	'Uninstall Packages',	0,	0,	NULL,	13,	0),
(124,	'install_packages',	'Install Packages',	0,	0,	NULL,	13,	0),
(125,	'view_newsflow',	'View Newsflow',	0,	0,	NULL,	13,	0),
(126,	'access_user_search_export',	'Export Site Users',	0,	0,	'Controls whether a user can export site users or not',	4,	0),
(127,	'access_user_search',	'Access User Search',	0,	0,	'Controls whether a user can view the search user interface.',	4,	0),
(128,	'edit_topic_tree',	'Edit Topic Tree',	0,	0,	NULL,	10,	0),
(129,	'edit_gatherings',	'Edit Gatherings',	0,	0,	'Can edit the footprint and items in all gatherings.',	10,	0),
(130,	'edit_gathering_items',	'Edit Gathering Items',	0,	0,	'',	16,	0);

DROP TABLE IF EXISTS `PileContents`;
CREATE TABLE `PileContents` (
  `pcID` int(10) unsigned NOT NULL AUTO_INCREMENT,
  `pID` int(10) unsigned NOT NULL DEFAULT '0',
  `itemID` int(10) unsigned NOT NULL DEFAULT '0',
  `itemType` varchar(64) COLLATE utf8mb4_unicode_ci NOT NULL,
  `quantity` int(10) unsigned NOT NULL DEFAULT '1',
  `timestamp` timestamp NOT NULL DEFAULT CURRENT_TIMESTAMP,
  `displayOrder` int(10) unsigned NOT NULL DEFAULT '0',
  PRIMARY KEY (`pcID`),
  KEY `pID` (`pID`,`displayOrder`),
  KEY `itemID` (`itemID`),
  KEY `itemType` (`itemType`,`itemID`,`pID`)
) ENGINE=InnoDB DEFAULT CHARSET=utf8mb4 COLLATE=utf8mb4_unicode_ci;

INSERT INTO `PileContents` (`pcID`, `pID`, `itemID`, `itemType`, `quantity`, `timestamp`, `displayOrder`) VALUES
(1,	1,	229,	'BLOCK',	1,	'2021-12-29 11:02:10',	1),
(2,	1,	229,	'BLOCK',	1,	'2021-12-29 11:05:19',	2),
(3,	1,	275,	'BLOCK',	1,	'2021-12-29 13:09:43',	3),
(4,	1,	283,	'BLOCK',	1,	'2021-12-29 13:54:38',	4),
(5,	1,	300,	'BLOCK',	1,	'2021-12-30 08:48:17',	5),
(6,	1,	330,	'BLOCK',	1,	'2022-01-01 09:24:53',	6),
(7,	1,	353,	'BLOCK',	1,	'2022-01-01 09:34:30',	7),
(8,	1,	376,	'BLOCK',	1,	'2022-01-04 09:45:54',	8),
(9,	1,	278,	'BLOCK',	1,	'2022-01-04 12:21:02',	9);

DROP TABLE IF EXISTS `Piles`;
CREATE TABLE `Piles` (
  `pID` int(10) unsigned NOT NULL AUTO_INCREMENT,
  `uID` int(10) unsigned DEFAULT NULL,
  `isDefault` tinyint(1) NOT NULL DEFAULT '0',
  `timestamp` timestamp NOT NULL DEFAULT CURRENT_TIMESTAMP,
  `name` varchar(255) COLLATE utf8mb4_unicode_ci DEFAULT NULL,
  `state` varchar(64) COLLATE utf8mb4_unicode_ci NOT NULL,
  PRIMARY KEY (`pID`),
  KEY `uID` (`uID`,`name`)
) ENGINE=InnoDB DEFAULT CHARSET=utf8mb4 COLLATE=utf8mb4_unicode_ci;

INSERT INTO `Piles` (`pID`, `uID`, `isDefault`, `timestamp`, `name`, `state`) VALUES
(1,	1,	1,	'2021-12-29 11:02:10',	NULL,	'READY');

DROP TABLE IF EXISTS `PrivateMessageNotifications`;
CREATE TABLE `PrivateMessageNotifications` (
  `msgID` int(10) unsigned NOT NULL,
  `nID` int(10) unsigned NOT NULL,
  PRIMARY KEY (`nID`),
  CONSTRAINT `FK_1AB97592ED024EFD` FOREIGN KEY (`nID`) REFERENCES `Notifications` (`nID`) ON DELETE CASCADE
) ENGINE=InnoDB DEFAULT CHARSET=utf8mb4 COLLATE=utf8mb4_unicode_ci;


DROP TABLE IF EXISTS `QueueMessages`;
CREATE TABLE `QueueMessages` (
  `message_id` int(10) unsigned NOT NULL AUTO_INCREMENT,
  `queue_id` int(10) unsigned NOT NULL,
  `handle` varchar(32) COLLATE utf8mb4_unicode_ci DEFAULT NULL,
  `body` longtext COLLATE utf8mb4_unicode_ci NOT NULL,
  `md5` varchar(32) COLLATE utf8mb4_unicode_ci NOT NULL,
  `timeout` decimal(14,0) DEFAULT NULL,
  `created` int(10) unsigned NOT NULL,
  PRIMARY KEY (`message_id`),
  UNIQUE KEY `message_handle` (`handle`),
  KEY `message_queueid` (`queue_id`),
  CONSTRAINT `FK_7C04D76477B5BAE` FOREIGN KEY (`queue_id`) REFERENCES `Queues` (`queue_id`) ON DELETE CASCADE ON UPDATE CASCADE
) ENGINE=InnoDB DEFAULT CHARSET=utf8mb4 COLLATE=utf8mb4_unicode_ci;


DROP TABLE IF EXISTS `QueuePageDuplicationRelations`;
CREATE TABLE `QueuePageDuplicationRelations` (
  `queue_name` varchar(255) COLLATE utf8mb4_unicode_ci NOT NULL,
  `cID` int(10) unsigned NOT NULL DEFAULT '0',
  `originalCID` int(10) unsigned NOT NULL DEFAULT '0',
  PRIMARY KEY (`cID`,`originalCID`),
  KEY `originalCID` (`originalCID`,`queue_name`)
) ENGINE=InnoDB DEFAULT CHARSET=utf8mb4 COLLATE=utf8mb4_unicode_ci;


DROP TABLE IF EXISTS `Queues`;
CREATE TABLE `Queues` (
  `queue_id` int(10) unsigned NOT NULL AUTO_INCREMENT,
  `queue_name` varchar(100) COLLATE utf8mb4_unicode_ci NOT NULL,
  `timeout` int(10) unsigned NOT NULL DEFAULT '30',
  PRIMARY KEY (`queue_id`),
  KEY `queue_name` (`queue_name`)
) ENGINE=InnoDB DEFAULT CHARSET=utf8mb4 COLLATE=utf8mb4_unicode_ci;


DROP TABLE IF EXISTS `SavedExpressSearchQueries`;
CREATE TABLE `SavedExpressSearchQueries` (
  `id` int(11) NOT NULL AUTO_INCREMENT,
  `presetName` varchar(255) COLLATE utf8mb4_unicode_ci NOT NULL,
  `query_fields` longtext COLLATE utf8mb4_unicode_ci NOT NULL COMMENT '(DC2Type:object)',
  `query_columns` longtext COLLATE utf8mb4_unicode_ci NOT NULL COMMENT '(DC2Type:object)',
  `query_itemsPerPage` smallint(6) NOT NULL,
  PRIMARY KEY (`id`)
) ENGINE=InnoDB DEFAULT CHARSET=utf8mb4 COLLATE=utf8mb4_unicode_ci;


DROP TABLE IF EXISTS `SavedFileSearchQueries`;
CREATE TABLE `SavedFileSearchQueries` (
  `id` int(11) NOT NULL AUTO_INCREMENT,
  `presetName` varchar(255) COLLATE utf8mb4_unicode_ci NOT NULL,
  `query_fields` longtext COLLATE utf8mb4_unicode_ci NOT NULL COMMENT '(DC2Type:object)',
  `query_columns` longtext COLLATE utf8mb4_unicode_ci NOT NULL COMMENT '(DC2Type:object)',
  `query_itemsPerPage` smallint(6) NOT NULL,
  PRIMARY KEY (`id`)
) ENGINE=InnoDB DEFAULT CHARSET=utf8mb4 COLLATE=utf8mb4_unicode_ci;


DROP TABLE IF EXISTS `SavedPageSearchQueries`;
CREATE TABLE `SavedPageSearchQueries` (
  `id` int(11) NOT NULL AUTO_INCREMENT,
  `presetName` varchar(255) COLLATE utf8mb4_unicode_ci NOT NULL,
  `query_fields` longtext COLLATE utf8mb4_unicode_ci NOT NULL COMMENT '(DC2Type:object)',
  `query_columns` longtext COLLATE utf8mb4_unicode_ci NOT NULL COMMENT '(DC2Type:object)',
  `query_itemsPerPage` smallint(6) NOT NULL,
  PRIMARY KEY (`id`)
) ENGINE=InnoDB DEFAULT CHARSET=utf8mb4 COLLATE=utf8mb4_unicode_ci;


DROP TABLE IF EXISTS `SavedUserSearchQueries`;
CREATE TABLE `SavedUserSearchQueries` (
  `id` int(11) NOT NULL AUTO_INCREMENT,
  `presetName` varchar(255) COLLATE utf8mb4_unicode_ci NOT NULL,
  `query_fields` longtext COLLATE utf8mb4_unicode_ci NOT NULL COMMENT '(DC2Type:object)',
  `query_columns` longtext COLLATE utf8mb4_unicode_ci NOT NULL COMMENT '(DC2Type:object)',
  `query_itemsPerPage` smallint(6) NOT NULL,
  PRIMARY KEY (`id`)
) ENGINE=InnoDB DEFAULT CHARSET=utf8mb4 COLLATE=utf8mb4_unicode_ci;


DROP TABLE IF EXISTS `Sessions`;
CREATE TABLE `Sessions` (
  `sessionID` varchar(255) COLLATE utf8mb4_unicode_ci NOT NULL,
  `sessionValue` longtext COLLATE utf8mb4_unicode_ci,
  `sessionTime` int(10) unsigned NOT NULL,
  `sessionLifeTime` int(10) unsigned NOT NULL,
  PRIMARY KEY (`sessionID`)
) ENGINE=InnoDB DEFAULT CHARSET=utf8mb4 COLLATE=utf8mb4_unicode_ci;


DROP TABLE IF EXISTS `SiblingPageRelations`;
CREATE TABLE `SiblingPageRelations` (
  `mpRelationID` int(10) unsigned NOT NULL,
  `cID` int(10) unsigned NOT NULL,
  PRIMARY KEY (`mpRelationID`,`cID`)
) ENGINE=InnoDB DEFAULT CHARSET=utf8mb4 COLLATE=utf8mb4_unicode_ci;


DROP TABLE IF EXISTS `SiteAttributeKeys`;
CREATE TABLE `SiteAttributeKeys` (
  `akID` int(10) unsigned NOT NULL,
  PRIMARY KEY (`akID`),
  CONSTRAINT `FK_63D1E182B6561A7E` FOREIGN KEY (`akID`) REFERENCES `AttributeKeys` (`akID`) ON DELETE CASCADE
) ENGINE=InnoDB DEFAULT CHARSET=utf8mb4 COLLATE=utf8mb4_unicode_ci;


DROP TABLE IF EXISTS `SiteAttributeValues`;
CREATE TABLE `SiteAttributeValues` (
  `siteID` int(10) unsigned NOT NULL,
  `akID` int(10) unsigned NOT NULL,
  `avID` int(10) unsigned DEFAULT NULL,
  PRIMARY KEY (`siteID`,`akID`),
  KEY `IDX_67658AF7521D8435` (`siteID`),
  KEY `IDX_67658AF7B6561A7E` (`akID`),
  KEY `IDX_67658AF7A2A82A5D` (`avID`),
  CONSTRAINT `FK_67658AF7521D8435` FOREIGN KEY (`siteID`) REFERENCES `Sites` (`siteID`),
  CONSTRAINT `FK_67658AF7A2A82A5D` FOREIGN KEY (`avID`) REFERENCES `AttributeValues` (`avID`),
  CONSTRAINT `FK_67658AF7B6561A7E` FOREIGN KEY (`akID`) REFERENCES `AttributeKeys` (`akID`)
) ENGINE=InnoDB DEFAULT CHARSET=utf8mb4 COLLATE=utf8mb4_unicode_ci;


DROP TABLE IF EXISTS `SiteDomains`;
CREATE TABLE `SiteDomains` (
  `domainID` int(10) unsigned NOT NULL AUTO_INCREMENT,
  `domain` varchar(255) COLLATE utf8mb4_unicode_ci NOT NULL,
  `siteID` int(10) unsigned DEFAULT NULL,
  PRIMARY KEY (`domainID`),
  KEY `IDX_4CC7400A521D8435` (`siteID`),
  CONSTRAINT `FK_4CC7400A521D8435` FOREIGN KEY (`siteID`) REFERENCES `Sites` (`siteID`)
) ENGINE=InnoDB DEFAULT CHARSET=utf8mb4 COLLATE=utf8mb4_unicode_ci;


DROP TABLE IF EXISTS `SiteGroupRelations`;
CREATE TABLE `SiteGroupRelations` (
  `groupRelationID` int(10) unsigned NOT NULL AUTO_INCREMENT,
  `gID` int(10) unsigned NOT NULL,
  `siteGID` int(10) unsigned DEFAULT NULL,
  `siteID` int(10) unsigned DEFAULT NULL,
  PRIMARY KEY (`groupRelationID`),
  KEY `IDX_DCBCDCA94A62E0E4` (`siteGID`),
  KEY `IDX_DCBCDCA9521D8435` (`siteID`),
  CONSTRAINT `FK_DCBCDCA94A62E0E4` FOREIGN KEY (`siteGID`) REFERENCES `SiteGroups` (`siteGID`),
  CONSTRAINT `FK_DCBCDCA9521D8435` FOREIGN KEY (`siteID`) REFERENCES `Sites` (`siteID`)
) ENGINE=InnoDB DEFAULT CHARSET=utf8mb4 COLLATE=utf8mb4_unicode_ci;


DROP TABLE IF EXISTS `SiteGroups`;
CREATE TABLE `SiteGroups` (
  `siteGID` int(10) unsigned NOT NULL AUTO_INCREMENT,
  `groupName` varchar(255) COLLATE utf8mb4_unicode_ci NOT NULL,
  `siteTypeID` int(10) unsigned DEFAULT NULL,
  PRIMARY KEY (`siteGID`),
  KEY `IDX_F6FE030FE9548DF7` (`siteTypeID`),
  CONSTRAINT `FK_F6FE030FE9548DF7` FOREIGN KEY (`siteTypeID`) REFERENCES `SiteTypes` (`siteTypeID`)
) ENGINE=InnoDB DEFAULT CHARSET=utf8mb4 COLLATE=utf8mb4_unicode_ci;


DROP TABLE IF EXISTS `SiteLocales`;
CREATE TABLE `SiteLocales` (
  `siteLocaleID` int(10) unsigned NOT NULL AUTO_INCREMENT,
  `msIsDefault` tinyint(1) NOT NULL,
  `msLanguage` varchar(32) COLLATE utf8mb4_unicode_ci NOT NULL,
  `msCountry` varchar(32) COLLATE utf8mb4_unicode_ci NOT NULL,
  `msNumPlurals` int(11) NOT NULL,
  `msPluralRule` varchar(400) COLLATE utf8mb4_unicode_ci NOT NULL,
  `msPluralCases` varchar(1000) COLLATE utf8mb4_unicode_ci NOT NULL,
  `siteID` int(10) unsigned DEFAULT NULL,
  `siteTreeID` int(10) unsigned DEFAULT NULL,
  PRIMARY KEY (`siteLocaleID`),
  UNIQUE KEY `UNIQ_2527AB2CF9431B4B` (`siteTreeID`),
  KEY `IDX_2527AB2C521D8435` (`siteID`),
  CONSTRAINT `FK_2527AB2C521D8435` FOREIGN KEY (`siteID`) REFERENCES `Sites` (`siteID`),
  CONSTRAINT `FK_2527AB2CF9431B4B` FOREIGN KEY (`siteTreeID`) REFERENCES `SiteTreeTrees` (`siteTreeID`)
) ENGINE=InnoDB DEFAULT CHARSET=utf8mb4 COLLATE=utf8mb4_unicode_ci;

INSERT INTO `SiteLocales` (`siteLocaleID`, `msIsDefault`, `msLanguage`, `msCountry`, `msNumPlurals`, `msPluralRule`, `msPluralCases`, `siteID`, `siteTreeID`) VALUES
(1,	1,	'en',	'AE',	2,	'n != 1',	'one@1\nother@0, 2~16, 100, 1000, 10000, 100000, 1000000, ',	1,	1);

DROP TABLE IF EXISTS `Sites`;
CREATE TABLE `Sites` (
  `siteID` int(10) unsigned NOT NULL AUTO_INCREMENT,
  `pThemeID` int(10) unsigned NOT NULL,
  `siteIsDefault` tinyint(1) NOT NULL,
  `siteHandle` varchar(255) COLLATE utf8mb4_unicode_ci NOT NULL,
  `siteTypeID` int(10) unsigned DEFAULT NULL,
  PRIMARY KEY (`siteID`),
  UNIQUE KEY `UNIQ_7DC18567D84E1976` (`siteHandle`),
  KEY `IDX_7DC18567E9548DF7` (`siteTypeID`),
  CONSTRAINT `FK_7DC18567E9548DF7` FOREIGN KEY (`siteTypeID`) REFERENCES `SiteTypes` (`siteTypeID`)
) ENGINE=InnoDB DEFAULT CHARSET=utf8mb4 COLLATE=utf8mb4_unicode_ci;

INSERT INTO `Sites` (`siteID`, `pThemeID`, `siteIsDefault`, `siteHandle`, `siteTypeID`) VALUES
(1,	3,	1,	'default',	1);

DROP TABLE IF EXISTS `SiteSearchIndexAttributes`;
CREATE TABLE `SiteSearchIndexAttributes` (
  `siteID` int(10) unsigned NOT NULL,
  PRIMARY KEY (`siteID`),
  CONSTRAINT `FK_3DD070B4521D8435` FOREIGN KEY (`siteID`) REFERENCES `Sites` (`siteID`) ON DELETE CASCADE ON UPDATE CASCADE
) ENGINE=InnoDB DEFAULT CHARSET=utf8mb4 COLLATE=utf8mb4_unicode_ci;


DROP TABLE IF EXISTS `SiteSkeletonLocales`;
CREATE TABLE `SiteSkeletonLocales` (
  `skeletonLocaleID` int(10) unsigned NOT NULL AUTO_INCREMENT,
  `msLanguage` varchar(32) COLLATE utf8mb4_unicode_ci NOT NULL,
  `msCountry` varchar(32) COLLATE utf8mb4_unicode_ci NOT NULL,
  `msNumPlurals` int(11) NOT NULL,
  `msPluralRule` varchar(400) COLLATE utf8mb4_unicode_ci NOT NULL,
  `msPluralCases` varchar(1000) COLLATE utf8mb4_unicode_ci NOT NULL,
  `siteSkeletonID` int(10) unsigned DEFAULT NULL,
  `siteTreeID` int(10) unsigned DEFAULT NULL,
  PRIMARY KEY (`skeletonLocaleID`),
  UNIQUE KEY `UNIQ_212DD202F9431B4B` (`siteTreeID`),
  KEY `IDX_212DD202B579BD3E` (`siteSkeletonID`),
  CONSTRAINT `FK_212DD202B579BD3E` FOREIGN KEY (`siteSkeletonID`) REFERENCES `SiteSkeletons` (`siteSkeletonID`),
  CONSTRAINT `FK_212DD202F9431B4B` FOREIGN KEY (`siteTreeID`) REFERENCES `SiteSkeletonTrees` (`siteTreeID`)
) ENGINE=InnoDB DEFAULT CHARSET=utf8mb4 COLLATE=utf8mb4_unicode_ci;


DROP TABLE IF EXISTS `SiteSkeletons`;
CREATE TABLE `SiteSkeletons` (
  `siteSkeletonID` int(10) unsigned NOT NULL AUTO_INCREMENT,
  `siteTypeID` int(10) unsigned DEFAULT NULL,
  PRIMARY KEY (`siteSkeletonID`),
  UNIQUE KEY `UNIQ_D36AED98E9548DF7` (`siteTypeID`),
  CONSTRAINT `FK_D36AED98E9548DF7` FOREIGN KEY (`siteTypeID`) REFERENCES `SiteTypes` (`siteTypeID`)
) ENGINE=InnoDB DEFAULT CHARSET=utf8mb4 COLLATE=utf8mb4_unicode_ci;


DROP TABLE IF EXISTS `SiteSkeletonTrees`;
CREATE TABLE `SiteSkeletonTrees` (
  `skeletonLocaleID` int(10) unsigned DEFAULT NULL,
  `siteTypeID` int(10) unsigned DEFAULT NULL,
  `siteTreeID` int(10) unsigned NOT NULL,
  PRIMARY KEY (`siteTreeID`),
  UNIQUE KEY `UNIQ_550F784B16B7EAF2` (`skeletonLocaleID`),
  UNIQUE KEY `UNIQ_550F784BE9548DF7` (`siteTypeID`),
  CONSTRAINT `FK_550F784B16B7EAF2` FOREIGN KEY (`skeletonLocaleID`) REFERENCES `SiteSkeletonLocales` (`skeletonLocaleID`),
  CONSTRAINT `FK_550F784BE9548DF7` FOREIGN KEY (`siteTypeID`) REFERENCES `SiteTypes` (`siteTypeID`),
  CONSTRAINT `FK_550F784BF9431B4B` FOREIGN KEY (`siteTreeID`) REFERENCES `SiteTrees` (`siteTreeID`) ON DELETE CASCADE
) ENGINE=InnoDB DEFAULT CHARSET=utf8mb4 COLLATE=utf8mb4_unicode_ci;


DROP TABLE IF EXISTS `SiteTrees`;
CREATE TABLE `SiteTrees` (
  `siteTreeID` int(10) unsigned NOT NULL AUTO_INCREMENT,
  `siteHomePageID` int(10) unsigned NOT NULL,
  `treeType` varchar(255) COLLATE utf8mb4_unicode_ci NOT NULL,
  PRIMARY KEY (`siteTreeID`)
) ENGINE=InnoDB DEFAULT CHARSET=utf8mb4 COLLATE=utf8mb4_unicode_ci;

INSERT INTO `SiteTrees` (`siteTreeID`, `siteHomePageID`, `treeType`) VALUES
(1,	1,	'sitetree');

DROP TABLE IF EXISTS `SiteTreeTrees`;
CREATE TABLE `SiteTreeTrees` (
  `siteLocaleID` int(10) unsigned DEFAULT NULL,
  `siteTreeID` int(10) unsigned NOT NULL,
  PRIMARY KEY (`siteTreeID`),
  UNIQUE KEY `UNIQ_A4B9696EACD624CD` (`siteLocaleID`),
  CONSTRAINT `FK_A4B9696EACD624CD` FOREIGN KEY (`siteLocaleID`) REFERENCES `SiteLocales` (`siteLocaleID`),
  CONSTRAINT `FK_A4B9696EF9431B4B` FOREIGN KEY (`siteTreeID`) REFERENCES `SiteTrees` (`siteTreeID`) ON DELETE CASCADE
) ENGINE=InnoDB DEFAULT CHARSET=utf8mb4 COLLATE=utf8mb4_unicode_ci;

INSERT INTO `SiteTreeTrees` (`siteLocaleID`, `siteTreeID`) VALUES
(1,	1);

DROP TABLE IF EXISTS `SiteTypeAttributeKeys`;
CREATE TABLE `SiteTypeAttributeKeys` (
  `akID` int(10) unsigned NOT NULL,
  PRIMARY KEY (`akID`),
  CONSTRAINT `FK_26C73776B6561A7E` FOREIGN KEY (`akID`) REFERENCES `AttributeKeys` (`akID`) ON DELETE CASCADE
) ENGINE=InnoDB DEFAULT CHARSET=utf8mb4 COLLATE=utf8mb4_unicode_ci;


DROP TABLE IF EXISTS `SiteTypeAttributeValues`;
CREATE TABLE `SiteTypeAttributeValues` (
  `siteSkeletonID` int(10) unsigned DEFAULT NULL,
  `akID` int(10) unsigned NOT NULL,
  `avID` int(10) unsigned DEFAULT NULL,
  PRIMARY KEY (`akID`),
  KEY `IDX_78059CB9B579BD3E` (`siteSkeletonID`),
  KEY `IDX_78059CB9A2A82A5D` (`avID`),
  CONSTRAINT `FK_78059CB9A2A82A5D` FOREIGN KEY (`avID`) REFERENCES `AttributeValues` (`avID`),
  CONSTRAINT `FK_78059CB9B579BD3E` FOREIGN KEY (`siteSkeletonID`) REFERENCES `SiteSkeletons` (`siteSkeletonID`),
  CONSTRAINT `FK_78059CB9B6561A7E` FOREIGN KEY (`akID`) REFERENCES `AttributeKeys` (`akID`)
) ENGINE=InnoDB DEFAULT CHARSET=utf8mb4 COLLATE=utf8mb4_unicode_ci;


DROP TABLE IF EXISTS `SiteTypes`;
CREATE TABLE `SiteTypes` (
  `siteTypeID` int(10) unsigned NOT NULL AUTO_INCREMENT,
  `siteTypeHandle` varchar(255) COLLATE utf8mb4_unicode_ci NOT NULL,
  `siteTypeName` varchar(255) COLLATE utf8mb4_unicode_ci NOT NULL,
  `siteTypeThemeID` int(11) NOT NULL,
  `siteTypeHomePageTemplateID` int(11) NOT NULL,
  `pkgID` int(10) unsigned DEFAULT NULL,
  PRIMARY KEY (`siteTypeID`),
  UNIQUE KEY `UNIQ_7CBFE97576D39A3C` (`siteTypeHandle`),
  UNIQUE KEY `UNIQ_7CBFE975C7F74FC3` (`siteTypeName`),
  KEY `IDX_7CBFE975CE45CBB0` (`pkgID`),
  CONSTRAINT `FK_7CBFE975CE45CBB0` FOREIGN KEY (`pkgID`) REFERENCES `Packages` (`pkgID`)
) ENGINE=InnoDB DEFAULT CHARSET=utf8mb4 COLLATE=utf8mb4_unicode_ci;

INSERT INTO `SiteTypes` (`siteTypeID`, `siteTypeHandle`, `siteTypeName`, `siteTypeThemeID`, `siteTypeHomePageTemplateID`, `pkgID`) VALUES
(1,	'default',	'Default Site Type',	0,	0,	NULL);

DROP TABLE IF EXISTS `SocialLinks`;
CREATE TABLE `SocialLinks` (
  `ssHandle` varchar(255) COLLATE utf8mb4_unicode_ci NOT NULL,
  `url` varchar(255) COLLATE utf8mb4_unicode_ci NOT NULL,
  `slID` int(11) NOT NULL AUTO_INCREMENT,
  `siteID` int(10) unsigned DEFAULT NULL,
  PRIMARY KEY (`slID`),
  KEY `IDX_84EBA2B4521D8435` (`siteID`),
  CONSTRAINT `FK_84EBA2B4521D8435` FOREIGN KEY (`siteID`) REFERENCES `Sites` (`siteID`)
) ENGINE=InnoDB DEFAULT CHARSET=utf8mb4 COLLATE=utf8mb4_unicode_ci;

INSERT INTO `SocialLinks` (`ssHandle`, `url`, `slID`, `siteID`) VALUES
('facebook',	'http://facebook.com/concrete5',	1,	1),
('github',	'http://github.com/concrete5',	2,	1),
('twitter',	'http://twitter.com/concrete5',	3,	1);

DROP TABLE IF EXISTS `Stacks`;
CREATE TABLE `Stacks` (
  `stID` int(10) unsigned NOT NULL AUTO_INCREMENT,
  `stName` varchar(255) COLLATE utf8mb4_unicode_ci NOT NULL,
  `stType` int(10) unsigned NOT NULL DEFAULT '0',
  `cID` int(10) unsigned NOT NULL DEFAULT '0',
  `stMultilingualSection` int(10) unsigned NOT NULL DEFAULT '0',
  PRIMARY KEY (`stID`),
  KEY `stType` (`stType`),
  KEY `stName` (`stName`),
  KEY `cID` (`cID`)
) ENGINE=InnoDB DEFAULT CHARSET=utf8mb4 COLLATE=utf8mb4_unicode_ci;

INSERT INTO `Stacks` (`stID`, `stName`, `stType`, `cID`, `stMultilingualSection`) VALUES
(1,	'Footer Contact',	20,	185,	0),
(2,	'Footer Legal',	20,	186,	0),
(3,	'Footer Navigation',	20,	187,	0),
(4,	'Footer Site Title',	20,	188,	0),
(5,	'Footer Social',	20,	189,	0),
(6,	'Header Navigation',	20,	190,	0),
(7,	'Header Search',	20,	191,	0),
(8,	'Header Site Title',	20,	192,	0);

DROP TABLE IF EXISTS `StackUsageRecord`;
CREATE TABLE `StackUsageRecord` (
  `stack_id` int(11) NOT NULL,
  `block_id` int(11) NOT NULL,
  `collection_id` int(11) NOT NULL,
  `collection_version_id` int(11) NOT NULL,
  PRIMARY KEY (`stack_id`,`block_id`,`collection_id`,`collection_version_id`),
  KEY `block` (`block_id`),
  KEY `collection_version` (`collection_id`,`collection_version_id`)
) ENGINE=InnoDB DEFAULT CHARSET=utf8mb4 COLLATE=utf8mb4_unicode_ci;


DROP TABLE IF EXISTS `StyleCustomizerCustomCssRecords`;
CREATE TABLE `StyleCustomizerCustomCssRecords` (
  `value` longtext COLLATE utf8mb4_unicode_ci NOT NULL,
  `sccRecordID` int(11) NOT NULL AUTO_INCREMENT,
  PRIMARY KEY (`sccRecordID`)
) ENGINE=InnoDB DEFAULT CHARSET=utf8mb4 COLLATE=utf8mb4_unicode_ci;


DROP TABLE IF EXISTS `StyleCustomizerInlineStylePresets`;
CREATE TABLE `StyleCustomizerInlineStylePresets` (
  `pssPresetID` int(10) unsigned NOT NULL AUTO_INCREMENT,
  `pssPresetName` varchar(255) COLLATE utf8mb4_unicode_ci NOT NULL,
  `issID` int(10) unsigned NOT NULL DEFAULT '0',
  PRIMARY KEY (`pssPresetID`),
  KEY `issID` (`issID`)
) ENGINE=InnoDB DEFAULT CHARSET=utf8mb4 COLLATE=utf8mb4_unicode_ci;


DROP TABLE IF EXISTS `StyleCustomizerInlineStyleSets`;
CREATE TABLE `StyleCustomizerInlineStyleSets` (
  `issID` int(11) NOT NULL AUTO_INCREMENT,
  `customClass` varchar(255) COLLATE utf8mb4_unicode_ci DEFAULT NULL,
  `customID` varchar(255) COLLATE utf8mb4_unicode_ci DEFAULT NULL,
  `customElementAttribute` varchar(255) COLLATE utf8mb4_unicode_ci DEFAULT NULL,
  `backgroundColor` varchar(255) COLLATE utf8mb4_unicode_ci DEFAULT NULL,
  `backgroundImageFileID` int(11) NOT NULL,
  `backgroundRepeat` varchar(255) COLLATE utf8mb4_unicode_ci DEFAULT NULL,
  `backgroundSize` varchar(255) COLLATE utf8mb4_unicode_ci DEFAULT NULL,
  `backgroundPosition` varchar(255) COLLATE utf8mb4_unicode_ci DEFAULT NULL,
  `borderColor` varchar(255) COLLATE utf8mb4_unicode_ci DEFAULT NULL,
  `borderStyle` varchar(255) COLLATE utf8mb4_unicode_ci DEFAULT NULL,
  `borderWidth` varchar(255) COLLATE utf8mb4_unicode_ci DEFAULT NULL,
  `borderRadius` varchar(255) COLLATE utf8mb4_unicode_ci DEFAULT NULL,
  `baseFontSize` varchar(255) COLLATE utf8mb4_unicode_ci DEFAULT NULL,
  `alignment` varchar(255) COLLATE utf8mb4_unicode_ci DEFAULT NULL,
  `textColor` varchar(255) COLLATE utf8mb4_unicode_ci DEFAULT NULL,
  `linkColor` varchar(255) COLLATE utf8mb4_unicode_ci DEFAULT NULL,
  `marginTop` varchar(255) COLLATE utf8mb4_unicode_ci DEFAULT NULL,
  `marginBottom` varchar(255) COLLATE utf8mb4_unicode_ci DEFAULT NULL,
  `marginLeft` varchar(255) COLLATE utf8mb4_unicode_ci DEFAULT NULL,
  `marginRight` varchar(255) COLLATE utf8mb4_unicode_ci DEFAULT NULL,
  `paddingTop` varchar(255) COLLATE utf8mb4_unicode_ci DEFAULT NULL,
  `paddingBottom` varchar(255) COLLATE utf8mb4_unicode_ci DEFAULT NULL,
  `paddingLeft` varchar(255) COLLATE utf8mb4_unicode_ci DEFAULT NULL,
  `paddingRight` varchar(255) COLLATE utf8mb4_unicode_ci DEFAULT NULL,
  `rotate` varchar(255) COLLATE utf8mb4_unicode_ci DEFAULT NULL,
  `boxShadowHorizontal` varchar(255) COLLATE utf8mb4_unicode_ci DEFAULT NULL,
  `boxShadowVertical` varchar(255) COLLATE utf8mb4_unicode_ci DEFAULT NULL,
  `boxShadowBlur` varchar(255) COLLATE utf8mb4_unicode_ci DEFAULT NULL,
  `boxShadowSpread` varchar(255) COLLATE utf8mb4_unicode_ci DEFAULT NULL,
  `boxShadowColor` varchar(255) COLLATE utf8mb4_unicode_ci DEFAULT NULL,
  `hideOnExtraSmallDevice` tinyint(1) DEFAULT NULL,
  `hideOnSmallDevice` tinyint(1) DEFAULT NULL,
  `hideOnMediumDevice` tinyint(1) DEFAULT NULL,
  `hideOnLargeDevice` tinyint(1) DEFAULT NULL,
  PRIMARY KEY (`issID`)
) ENGINE=InnoDB DEFAULT CHARSET=utf8mb4 COLLATE=utf8mb4_unicode_ci;

INSERT INTO `StyleCustomizerInlineStyleSets` (`issID`, `customClass`, `customID`, `customElementAttribute`, `backgroundColor`, `backgroundImageFileID`, `backgroundRepeat`, `backgroundSize`, `backgroundPosition`, `borderColor`, `borderStyle`, `borderWidth`, `borderRadius`, `baseFontSize`, `alignment`, `textColor`, `linkColor`, `marginTop`, `marginBottom`, `marginLeft`, `marginRight`, `paddingTop`, `paddingBottom`, `paddingLeft`, `paddingRight`, `rotate`, `boxShadowHorizontal`, `boxShadowVertical`, `boxShadowBlur`, `boxShadowSpread`, `boxShadowColor`, `hideOnExtraSmallDevice`, `hideOnSmallDevice`, `hideOnMediumDevice`, `hideOnLargeDevice`) VALUES
(1,	'concrete5-org-stories',	'',	'',	'',	0,	'',	'',	'',	'',	'',	'',	'',	'',	'',	'',	'',	'',	'',	'',	'',	'',	'',	'',	'',	'',	'',	'',	'',	'',	'',	0,	0,	0,	0),
(2,	'block-sidebar-wrapped',	'',	'',	'',	0,	'',	'',	'',	'',	'',	'',	'',	'',	'',	'',	'',	'',	'',	'',	'',	'',	'',	'',	'',	'',	'',	'',	'',	'',	'',	0,	0,	0,	0),
(3,	'block-sidebar-wrapped',	'',	'',	'',	0,	'',	'',	'',	'',	'',	'',	'',	'',	'',	'',	'',	'',	'',	'',	'',	'',	'',	'',	'',	'',	'',	'',	'',	'',	'',	0,	0,	0,	0),
(4,	'block-sidebar-wrapped',	'',	'',	'',	0,	'',	'',	'',	'',	'',	'',	'',	'',	'',	'',	'',	'',	'',	'',	'',	'',	'',	'',	'',	'',	'',	'',	'',	'',	'',	0,	0,	0,	0),
(5,	'blog-entry-list',	'',	'',	'',	0,	'',	'',	'',	'',	'',	'',	'',	'',	'',	'',	'',	'',	'',	'',	'',	'',	'',	'',	'',	'',	'',	'',	'',	'',	'',	0,	0,	0,	0),
(6,	'block-sidebar-wrapped',	'',	'',	'',	0,	'',	'',	'',	'',	'',	'',	'',	'',	'',	'',	'',	'',	'',	'',	'',	'',	'',	'',	'',	'',	'',	'',	'',	'',	'',	0,	0,	0,	0),
(7,	'block-sidebar-padded',	'',	'',	'',	0,	'',	'',	'',	'',	'',	'',	'',	'',	'',	'',	'',	'',	'',	'',	'',	'',	'',	'',	'',	'',	'',	'',	'',	'',	'',	0,	0,	0,	0),
(8,	'',	'',	'',	'',	0,	'no-repeat',	'',	'',	'',	'none',	'',	'',	'',	'',	'',	'',	'',	'',	'',	'',	'',	'',	'',	'',	'',	'',	'',	'',	'',	'',	0,	0,	0,	0),
(9,	'feature-home-page',	'',	'',	'',	0,	'',	'',	'',	'',	'',	'',	'',	'',	'',	'',	'',	'',	'',	'',	'',	'',	'',	'',	'',	'',	'',	'',	'',	'',	'',	0,	0,	0,	0),
(10,	'feature-home-page',	'',	'',	'',	0,	'',	'',	'',	'',	'',	'',	'',	'',	'',	'',	'',	'',	'',	'',	'',	'',	'',	'',	'',	'',	'',	'',	'',	'',	'',	0,	0,	0,	0),
(11,	'feature-home-page',	'',	'',	'',	0,	'',	'',	'',	'',	'',	'',	'',	'',	'',	'',	'',	'',	'',	'',	'',	'',	'',	'',	'',	'',	'',	'',	'',	'',	'',	0,	0,	0,	0),
(12,	'',	'',	'',	'',	0,	'',	'',	'',	'',	'',	'',	'',	'',	'',	'',	'',	'',	'80px',	'',	'',	'',	'',	'',	'',	'',	'',	'',	'',	'',	'',	0,	0,	0,	0),
(13,	'recent-blog-entry',	'',	'',	'',	0,	'',	'',	'',	'',	'',	'',	'',	'',	'',	'',	'',	'',	'',	'',	'',	'',	'',	'',	'',	'',	'',	'',	'',	'',	'',	0,	0,	0,	0),
(14,	'recent-blog-entry',	'',	'',	'',	0,	'',	'',	'',	'',	'',	'',	'',	'',	'',	'',	'',	'',	'',	'',	'',	'',	'',	'',	'',	'',	'',	'',	'',	'',	'',	0,	0,	0,	0),
(15,	'area-content-accent',	'',	'',	'',	0,	'',	'',	'',	'',	'',	'',	'',	'',	'',	'',	'',	'',	'',	'',	'',	'',	'',	'',	'',	'',	'',	'',	'',	'',	'',	0,	0,	0,	0),
(16,	'area-content-accent',	'',	'',	'',	0,	'',	'',	'',	'',	'',	'',	'',	'',	'',	'',	'',	'',	'',	'',	'',	'',	'',	'',	'',	'',	'',	'',	'',	'',	'',	0,	0,	0,	0),
(17,	'testimonial-bio',	'',	'',	'',	0,	'',	'',	'',	'',	'',	'',	'',	'',	'',	'',	'',	'',	'',	'',	'',	'',	'',	'',	'',	'',	'',	'',	'',	'',	'',	0,	0,	0,	0),
(18,	'testimonial-bio',	'',	'',	'',	0,	'',	'',	'',	'',	'',	'',	'',	'',	'',	'',	'',	'',	'',	'',	'',	'',	'',	'',	'',	'',	'',	'',	'',	'',	'',	0,	0,	0,	0),
(19,	'testimonial-bio',	'',	'',	'',	0,	'',	'',	'',	'',	'',	'',	'',	'',	'',	'',	'',	'',	'',	'',	'',	'',	'',	'',	'',	'',	'',	'',	'',	'',	'',	0,	0,	0,	0),
(20,	'testimonial-bio',	'',	'',	'',	0,	'',	'',	'',	'',	'',	'',	'',	'',	'',	'',	'',	'',	'',	'',	'',	'',	'',	'',	'',	'',	'',	'',	'',	'',	'',	0,	0,	0,	0),
(21,	'testimonial-bio',	'',	'',	'',	0,	'',	'',	'',	'',	'',	'',	'',	'',	'',	'',	'',	'',	'',	'',	'',	'',	'',	'',	'',	'',	'',	'',	'',	'',	'',	0,	0,	0,	0),
(22,	'testimonial-bio',	'',	'',	'',	0,	'',	'',	'',	'',	'',	'',	'',	'',	'',	'',	'',	'',	'',	'',	'',	'',	'',	'',	'',	'',	'',	'',	'',	'',	'',	0,	0,	0,	0),
(23,	'testimonial-bio',	'',	'',	'',	0,	'',	'',	'',	'',	'',	'',	'',	'',	'',	'',	'',	'',	'',	'',	'',	'',	'',	'',	'',	'',	'',	'',	'',	'',	'',	0,	0,	0,	0),
(24,	'testimonial-bio',	'',	'',	'',	0,	'',	'',	'',	'',	'',	'',	'',	'',	'',	'',	'',	'',	'',	'',	'',	'',	'',	'',	'',	'',	'',	'',	'',	'',	'',	0,	0,	0,	0),
(25,	'image-right-tilt',	'',	'',	'',	0,	'',	'',	'',	'',	'',	'',	'',	'',	'',	'',	'',	'',	'',	'',	'',	'',	'',	'',	'',	'',	'',	'',	'',	'',	'',	0,	0,	0,	0),
(26,	'image-circle',	'',	'',	'',	0,	'',	'',	'',	'',	'',	'',	'',	'',	'',	'',	'',	'',	'',	'',	'',	'',	'',	'',	'',	'',	'',	'',	'',	'',	'',	0,	0,	0,	0),
(27,	'image-right-tilt',	'',	'',	'',	0,	'',	'',	'',	'',	'',	'',	'',	'',	'',	'',	'',	'',	'',	'',	'',	'',	'',	'',	'',	'',	'',	'',	'',	'',	'',	0,	0,	0,	0),
(28,	'page-list-with-buttons',	'',	'',	'',	0,	'',	'',	'',	'',	'',	'',	'',	'',	'',	'',	'',	'',	'',	'',	'',	'',	'',	'',	'',	'',	'',	'',	'',	'',	'',	0,	0,	0,	0);

DROP TABLE IF EXISTS `StyleCustomizerValueLists`;
CREATE TABLE `StyleCustomizerValueLists` (
  `scvlID` int(10) unsigned NOT NULL AUTO_INCREMENT,
  PRIMARY KEY (`scvlID`)
) ENGINE=InnoDB DEFAULT CHARSET=utf8mb4 COLLATE=utf8mb4_unicode_ci;


DROP TABLE IF EXISTS `StyleCustomizerValues`;
CREATE TABLE `StyleCustomizerValues` (
  `scvID` int(10) unsigned NOT NULL AUTO_INCREMENT,
  `scvlID` int(10) unsigned DEFAULT NULL,
  `value` text COLLATE utf8mb4_unicode_ci,
  PRIMARY KEY (`scvID`),
  KEY `scvlID` (`scvlID`)
) ENGINE=InnoDB DEFAULT CHARSET=utf8mb4 COLLATE=utf8mb4_unicode_ci;


DROP TABLE IF EXISTS `SystemAntispamLibraries`;
CREATE TABLE `SystemAntispamLibraries` (
  `saslHandle` varchar(64) COLLATE utf8mb4_unicode_ci NOT NULL,
  `saslName` varchar(255) COLLATE utf8mb4_unicode_ci DEFAULT NULL,
  `saslIsActive` tinyint(1) NOT NULL DEFAULT '0',
  `pkgID` int(10) unsigned NOT NULL DEFAULT '0',
  PRIMARY KEY (`saslHandle`),
  KEY `pkgID` (`pkgID`)
) ENGINE=InnoDB DEFAULT CHARSET=utf8mb4 COLLATE=utf8mb4_unicode_ci;


DROP TABLE IF EXISTS `SystemCaptchaLibraries`;
CREATE TABLE `SystemCaptchaLibraries` (
  `sclHandle` varchar(64) COLLATE utf8mb4_unicode_ci NOT NULL,
  `sclName` varchar(255) COLLATE utf8mb4_unicode_ci DEFAULT NULL,
  `sclIsActive` tinyint(1) NOT NULL DEFAULT '0',
  `pkgID` int(10) unsigned NOT NULL DEFAULT '0',
  PRIMARY KEY (`sclHandle`),
  KEY `pkgID` (`pkgID`)
) ENGINE=InnoDB DEFAULT CHARSET=utf8mb4 COLLATE=utf8mb4_unicode_ci;

INSERT INTO `SystemCaptchaLibraries` (`sclHandle`, `sclName`, `sclIsActive`, `pkgID`) VALUES
('recaptchaV3',	'reCAPTCHA v3',	0,	0),
('securimage',	'SecurImage (Default)',	1,	0);

DROP TABLE IF EXISTS `SystemContentEditorSnippets`;
CREATE TABLE `SystemContentEditorSnippets` (
  `scsHandle` varchar(64) COLLATE utf8mb4_unicode_ci NOT NULL,
  `scsName` varchar(255) COLLATE utf8mb4_unicode_ci DEFAULT NULL,
  `scsIsActive` tinyint(1) NOT NULL DEFAULT '0',
  `pkgID` int(10) unsigned NOT NULL DEFAULT '0',
  PRIMARY KEY (`scsHandle`),
  KEY `pkgID` (`pkgID`)
) ENGINE=InnoDB DEFAULT CHARSET=utf8mb4 COLLATE=utf8mb4_unicode_ci;

INSERT INTO `SystemContentEditorSnippets` (`scsHandle`, `scsName`, `scsIsActive`, `pkgID`) VALUES
('page_name',	'Page Name',	1,	0),
('user_name',	'User Name',	1,	0);

DROP TABLE IF EXISTS `SystemDatabaseMigrations`;
CREATE TABLE `SystemDatabaseMigrations` (
  `version` varchar(255) COLLATE utf8mb4_unicode_ci NOT NULL,
  PRIMARY KEY (`version`)
) ENGINE=InnoDB DEFAULT CHARSET=utf8mb4 COLLATE=utf8mb4_unicode_ci;

INSERT INTO `SystemDatabaseMigrations` (`version`) VALUES
('20140919000000'),
('20140930000000'),
('20141017000000'),
('20141024000000'),
('20141113000000'),
('20141219000000'),
('20150109000000'),
('20150504000000'),
('20150515000000'),
('20150610000000'),
('20150612000000'),
('20150615000000'),
('20150616000000'),
('20150619000000'),
('20150622000000'),
('20150623000000'),
('20150713000000'),
('20150731000000'),
('20151221000000'),
('20160107000000'),
('20160213000000'),
('20160314000000'),
('20160412000000'),
('20160615000000'),
('20160725000000'),
('20161109000000'),
('20161203000000'),
('20161208000000'),
('20161216000000'),
('20161216100000'),
('20170118000000'),
('20170123000000'),
('20170201000000'),
('20170202000000'),
('20170227063249'),
('20170313000000'),
('20170316000000'),
('20170404000000'),
('20170406000000'),
('20170407000001'),
('20170412000000'),
('20170418000000'),
('20170420000000'),
('20170421000000'),
('20170424000000'),
('20170505000000'),
('20170512000000'),
('20170519000000'),
('20170608000000'),
('20170608100000'),
('20170609000000'),
('20170609100000'),
('20170610000000'),
('20170611000000'),
('20170613000000'),
('20170614000000'),
('20170626000000'),
('20170711151953'),
('20170731021618'),
('20170802000000'),
('20170804000000'),
('20170810000000'),
('20170818000000'),
('20170824000000'),
('20170905000000'),
('20170915000000'),
('20170926000000'),
('20171012000000'),
('20171025000000'),
('20171109000000'),
('20171109065758'),
('20171110032423'),
('20171121000000'),
('20171129190607'),
('20171218000000'),
('20171221194440'),
('20180119000000'),
('20180122213656'),
('20180122220813'),
('20180123000000'),
('20180126000000'),
('20180130000000'),
('20180212000000'),
('20180213000000'),
('20180227035239'),
('20180308043255'),
('20180328215345'),
('20180329183749'),
('20180330080830'),
('20180403143200'),
('20180518153531'),
('20180524000000'),
('20180531000000'),
('20180604000000'),
('20180609000000'),
('20180615000000'),
('20180617000000'),
('20180621222449'),
('20180622192332'),
('20180627000000'),
('20180709175202'),
('20180710203437'),
('20180716000000'),
('20180717000000'),
('20180813220933'),
('20180816210727'),
('20180820205800'),
('20180831213421'),
('20180904165911'),
('20180907091500'),
('20180910000000'),
('20180912113737'),
('20180920000000'),
('20180926000000'),
('20180926070200'),
('20180926070300'),
('20181006212300'),
('20181006212400'),
('20181019010145'),
('20181029223809'),
('20181105102800'),
('20181112211702'),
('20181116072400'),
('20181211000000'),
('20181211100000'),
('20181212000000'),
('20181212221911'),
('20181222183445'),
('20190106000000'),
('20190110194848'),
('20190110231015'),
('20190111181236'),
('20190112000000'),
('20190129000000'),
('20190225000000'),
('20190225184524'),
('20190301133300'),
('20190309000000'),
('20190310000000'),
('20190416224702'),
('20190417180607'),
('20190422235040'),
('20190504005632'),
('20190508232235'),
('20190509000000'),
('20190509205043'),
('20190513164028'),
('20190516204806'),
('20190520171430'),
('20190522202749'),
('20190619141521'),
('20190625177700'),
('20190625177710'),
('20190708000000'),
('20190717090600'),
('20190817000000'),
('20190822160700'),
('20190826000000'),
('20190925072210'),
('20191002000000'),
('20200118043285'),
('20200203000000'),
('20200501000000'),
('20200609145307'),
('20201116182100'),
('20210622145600'),
('20210623000000');

DROP TABLE IF EXISTS `SystemDatabaseQueryLog`;
CREATE TABLE `SystemDatabaseQueryLog` (
  `ID` int(10) unsigned NOT NULL AUTO_INCREMENT,
  `query` text COLLATE utf8mb4_unicode_ci,
  `params` text COLLATE utf8mb4_unicode_ci,
  `executionMS` varchar(255) COLLATE utf8mb4_unicode_ci DEFAULT NULL,
  PRIMARY KEY (`ID`)
) ENGINE=InnoDB DEFAULT CHARSET=utf8mb4 COLLATE=utf8mb4_unicode_ci;


DROP TABLE IF EXISTS `TopicTrees`;
CREATE TABLE `TopicTrees` (
  `treeID` int(10) unsigned NOT NULL DEFAULT '0',
  `topicTreeName` varchar(255) COLLATE utf8mb4_unicode_ci DEFAULT '',
  PRIMARY KEY (`treeID`)
) ENGINE=InnoDB DEFAULT CHARSET=utf8mb4 COLLATE=utf8mb4_unicode_ci;

INSERT INTO `TopicTrees` (`treeID`, `topicTreeName`) VALUES
(4,	'Blog Entries'),
(5,	'Projects'),
(6,	'Event Categories');

DROP TABLE IF EXISTS `TreeFileFolderNodes`;
CREATE TABLE `TreeFileFolderNodes` (
  `treeNodeID` int(10) unsigned NOT NULL AUTO_INCREMENT,
  `fslID` int(10) unsigned DEFAULT NULL,
  PRIMARY KEY (`treeNodeID`),
  KEY `fslID` (`fslID`)
) ENGINE=InnoDB DEFAULT CHARSET=utf8mb4 COLLATE=utf8mb4_unicode_ci;


DROP TABLE IF EXISTS `TreeFileNodes`;
CREATE TABLE `TreeFileNodes` (
  `treeNodeID` int(10) unsigned NOT NULL AUTO_INCREMENT,
  `fID` int(10) unsigned DEFAULT '0',
  PRIMARY KEY (`treeNodeID`),
  KEY `fID` (`fID`)
) ENGINE=InnoDB DEFAULT CHARSET=utf8mb4 COLLATE=utf8mb4_unicode_ci;

INSERT INTO `TreeFileNodes` (`treeNodeID`, `fID`) VALUES
(8,	1),
(9,	2),
(10,	3),
(11,	4),
(12,	5),
(13,	6),
(14,	7),
(15,	8),
(16,	9),
(17,	10),
(18,	11),
(19,	12),
(20,	13),
(21,	14),
(22,	15),
(23,	16),
(44,	17),
(45,	18),
(46,	19),
(47,	20),
(48,	21),
(49,	22),
(50,	23),
(51,	24),
(52,	25),
(53,	26),
(54,	27),
(55,	28),
(56,	29),
(57,	30),
(58,	31),
(59,	32),
(60,	33),
(61,	34),
(62,	35),
(63,	36),
(64,	37),
(65,	38),
(66,	39),
(67,	40),
(68,	41),
(69,	42),
(70,	43),
(71,	44),
(72,	45),
(73,	46),
(74,	47),
(75,	48),
(76,	49),
(77,	50),
(78,	51),
(79,	52),
(80,	53),
(81,	54),
(82,	55),
(83,	56),
(84,	57),
(85,	58),
(86,	59),
(87,	60),
(88,	61),
(89,	62),
(90,	63),
(91,	64),
(92,	65),
(93,	66),
(94,	67),
(95,	68),
(96,	69),
(97,	70),
(98,	71),
(99,	72),
(100,	73),
(101,	74),
(102,	75),
(103,	76),
(104,	77),
(105,	78),
(106,	79),
(107,	80),
(108,	81),
(109,	82),
(110,	83),
(111,	84),
(112,	85),
(113,	86),
(114,	87),
(115,	88),
(116,	89),
(117,	90),
(118,	91),
(119,	92),
(120,	93),
(121,	94),
(122,	95),
(123,	96),
(124,	97),
(125,	98),
(126,	99),
(127,	100),
(128,	101),
(129,	102),
(130,	103),
(131,	104),
(132,	105),
(133,	106),
(134,	107),
(135,	108);

DROP TABLE IF EXISTS `TreeGroupNodes`;
CREATE TABLE `TreeGroupNodes` (
  `treeNodeID` int(10) unsigned NOT NULL AUTO_INCREMENT,
  `gID` int(10) unsigned DEFAULT '0',
  PRIMARY KEY (`treeNodeID`),
  KEY `gID` (`gID`)
) ENGINE=InnoDB DEFAULT CHARSET=utf8mb4 COLLATE=utf8mb4_unicode_ci;

INSERT INTO `TreeGroupNodes` (`treeNodeID`, `gID`) VALUES
(2,	1),
(3,	2),
(4,	3);

DROP TABLE IF EXISTS `TreeNodePermissionAssignments`;
CREATE TABLE `TreeNodePermissionAssignments` (
  `treeNodeID` int(10) unsigned NOT NULL DEFAULT '0',
  `pkID` int(10) unsigned NOT NULL DEFAULT '0',
  `paID` int(10) unsigned NOT NULL DEFAULT '0',
  PRIMARY KEY (`treeNodeID`,`pkID`,`paID`),
  KEY `pkID` (`pkID`),
  KEY `paID` (`paID`)
) ENGINE=InnoDB DEFAULT CHARSET=utf8mb4 COLLATE=utf8mb4_unicode_ci;

INSERT INTO `TreeNodePermissionAssignments` (`treeNodeID`, `pkID`, `paID`) VALUES
(7,	39,	55),
(7,	40,	56),
(7,	41,	57),
(7,	42,	58),
(7,	43,	59),
(7,	44,	60),
(7,	45,	61),
(7,	46,	63),
(7,	47,	62),
(7,	48,	64),
(7,	66,	44),
(24,	66,	45),
(33,	66,	46),
(38,	66,	47),
(5,	101,	37),
(6,	101,	32),
(5,	102,	33),
(6,	102,	36),
(5,	103,	34),
(6,	103,	34),
(5,	104,	35),
(6,	104,	35),
(1,	108,	106),
(1,	109,	107),
(1,	110,	108),
(1,	111,	109),
(1,	112,	110);

DROP TABLE IF EXISTS `TreeNodes`;
CREATE TABLE `TreeNodes` (
  `treeNodeID` int(10) unsigned NOT NULL AUTO_INCREMENT,
  `treeNodeTypeID` int(10) unsigned DEFAULT '0',
  `treeID` int(10) unsigned DEFAULT '0',
  `treeNodeParentID` int(10) unsigned DEFAULT '0',
  `treeNodeDisplayOrder` int(10) unsigned DEFAULT '0',
  `treeNodeName` varchar(255) COLLATE utf8mb4_unicode_ci DEFAULT '',
  `dateModified` datetime DEFAULT NULL,
  `dateCreated` datetime DEFAULT NULL,
  `treeNodeOverridePermissions` tinyint(1) DEFAULT '0',
  `inheritPermissionsFromTreeNodeID` int(10) unsigned DEFAULT '0',
  PRIMARY KEY (`treeNodeID`),
  KEY `treeNodeParentID` (`treeNodeParentID`),
  KEY `treeNodeTypeID` (`treeNodeTypeID`),
  KEY `treeID` (`treeID`),
  KEY `inheritPermissionsFromTreeNodeID` (`inheritPermissionsFromTreeNodeID`,`treeNodeID`)
) ENGINE=InnoDB DEFAULT CHARSET=utf8mb4 COLLATE=utf8mb4_unicode_ci;

INSERT INTO `TreeNodes` (`treeNodeID`, `treeNodeTypeID`, `treeID`, `treeNodeParentID`, `treeNodeDisplayOrder`, `treeNodeName`, `dateModified`, `dateCreated`, `treeNodeOverridePermissions`, `inheritPermissionsFromTreeNodeID`) VALUES
(1,	1,	1,	0,	0,	'',	'2021-12-05 08:54:18',	'2021-12-05 08:54:18',	1,	1),
(2,	1,	1,	1,	0,	'',	'2021-12-05 08:54:18',	'2021-12-05 08:54:18',	0,	1),
(3,	1,	1,	1,	1,	'',	'2021-12-05 08:54:18',	'2021-12-05 08:54:18',	0,	1),
(4,	1,	1,	1,	2,	'',	'2021-12-05 08:54:18',	'2021-12-05 08:54:18',	0,	1),
(5,	3,	2,	0,	0,	'',	'2021-12-05 08:54:21',	'2021-12-05 08:54:21',	1,	5),
(6,	3,	2,	5,	0,	'Forms',	'2021-12-05 08:56:02',	'2021-12-05 08:54:21',	1,	6),
(7,	7,	3,	0,	0,	'',	'2022-01-01 11:35:03',	'2021-12-05 08:55:55',	1,	7),
(8,	6,	3,	7,	0,	'',	'2021-12-05 08:55:55',	'2021-12-05 08:55:55',	0,	7),
(9,	6,	3,	7,	1,	'',	'2021-12-05 08:55:55',	'2021-12-05 08:55:55',	0,	7),
(10,	6,	3,	7,	2,	'',	'2021-12-05 08:55:56',	'2021-12-05 08:55:56',	0,	7),
(11,	6,	3,	7,	3,	'',	'2021-12-05 08:55:56',	'2021-12-05 08:55:56',	0,	7),
(12,	6,	3,	7,	4,	'',	'2021-12-05 08:55:56',	'2021-12-05 08:55:56',	0,	7),
(13,	6,	3,	7,	5,	'',	'2021-12-05 08:55:56',	'2021-12-05 08:55:56',	0,	7),
(14,	6,	3,	7,	6,	'',	'2021-12-05 08:55:56',	'2021-12-05 08:55:56',	0,	7),
(15,	6,	3,	7,	7,	'',	'2021-12-05 08:55:57',	'2021-12-05 08:55:57',	0,	7),
(16,	6,	3,	7,	8,	'',	'2021-12-05 08:55:57',	'2021-12-05 08:55:57',	0,	7),
(17,	6,	3,	7,	9,	'',	'2021-12-05 08:55:57',	'2021-12-05 08:55:57',	0,	7),
(18,	6,	3,	7,	10,	'',	'2021-12-05 08:55:57',	'2021-12-05 08:55:57',	0,	7),
(19,	6,	3,	7,	11,	'',	'2021-12-05 08:55:57',	'2021-12-05 08:55:57',	0,	7),
(20,	6,	3,	7,	12,	'',	'2021-12-05 08:55:58',	'2021-12-05 08:55:58',	0,	7),
(21,	6,	3,	7,	13,	'',	'2021-12-05 08:55:58',	'2021-12-05 08:55:58',	0,	7),
(22,	6,	3,	7,	14,	'',	'2021-12-05 08:55:58',	'2021-12-05 08:55:58',	0,	7),
(23,	6,	3,	7,	15,	'',	'2021-12-05 08:55:58',	'2021-12-05 08:55:58',	0,	7),
(24,	2,	4,	0,	0,	'',	'2021-12-05 08:56:00',	'2021-12-05 08:56:00',	1,	24),
(25,	2,	4,	24,	0,	'Reviews',	'2021-12-05 08:56:00',	'2021-12-05 08:56:00',	0,	24),
(26,	5,	4,	25,	0,	'Gadgets',	'2021-12-05 08:56:00',	'2021-12-05 08:56:00',	0,	24),
(27,	5,	4,	25,	1,	'Movies',	'2021-12-05 08:56:00',	'2021-12-05 08:56:00',	0,	24),
(28,	5,	4,	25,	2,	'Books',	'2021-12-05 08:56:00',	'2021-12-05 08:56:00',	0,	24),
(29,	5,	4,	25,	3,	'Music',	'2021-12-05 08:56:00',	'2021-12-05 08:56:00',	0,	24),
(30,	5,	4,	24,	1,	'Projects',	'2021-12-05 08:56:00',	'2021-12-05 08:56:00',	0,	24),
(31,	5,	4,	24,	2,	'Sports',	'2021-12-05 08:56:00',	'2021-12-05 08:56:00',	0,	24),
(32,	5,	4,	24,	3,	'Humor',	'2021-12-05 08:56:00',	'2021-12-05 08:56:00',	0,	24),
(33,	2,	5,	0,	0,	'',	'2021-12-05 08:56:00',	'2021-12-05 08:56:00',	1,	33),
(34,	5,	5,	33,	0,	'Crafts',	'2021-12-05 08:56:00',	'2021-12-05 08:56:00',	0,	33),
(35,	5,	5,	33,	1,	'Homework',	'2021-12-05 08:56:00',	'2021-12-05 08:56:00',	0,	33),
(36,	5,	5,	33,	2,	'Supplies',	'2021-12-05 08:56:00',	'2021-12-05 08:56:00',	0,	33),
(37,	5,	5,	33,	3,	'Activities',	'2021-12-05 08:56:00',	'2021-12-05 08:56:00',	0,	33),
(38,	2,	6,	0,	0,	'',	'2021-12-05 08:56:00',	'2021-12-05 08:56:00',	1,	38),
(39,	5,	6,	38,	0,	'Meetings',	'2021-12-05 08:56:00',	'2021-12-05 08:56:00',	0,	38),
(40,	5,	6,	38,	1,	'Activities',	'2021-12-05 08:56:00',	'2021-12-05 08:56:00',	0,	38),
(41,	5,	6,	38,	2,	'Sports',	'2021-12-05 08:56:00',	'2021-12-05 08:56:00',	0,	38),
(42,	5,	6,	38,	3,	'Holidays',	'2021-12-05 08:56:00',	'2021-12-05 08:56:00',	0,	38),
(43,	4,	2,	6,	0,	'Contact',	'2021-12-05 08:56:02',	'2021-12-05 08:56:02',	0,	6),
(44,	6,	3,	7,	16,	'',	'2021-12-26 10:02:43',	'2021-12-26 10:02:43',	0,	7),
(45,	6,	3,	7,	17,	'',	'2021-12-28 14:52:06',	'2021-12-28 14:52:06',	0,	7),
(46,	6,	3,	7,	18,	'',	'2021-12-28 14:52:10',	'2021-12-28 14:52:10',	0,	7),
(47,	6,	3,	7,	19,	'',	'2021-12-28 14:52:12',	'2021-12-28 14:52:12',	0,	7),
(48,	6,	3,	7,	20,	'',	'2021-12-28 14:52:14',	'2021-12-28 14:52:14',	0,	7),
(49,	6,	3,	7,	21,	'',	'2021-12-28 14:52:15',	'2021-12-28 14:52:15',	0,	7),
(50,	6,	3,	7,	22,	'',	'2021-12-28 14:52:17',	'2021-12-28 14:52:17',	0,	7),
(51,	6,	3,	7,	23,	'',	'2021-12-28 14:52:19',	'2021-12-28 14:52:19',	0,	7),
(52,	6,	3,	7,	24,	'',	'2021-12-28 14:52:20',	'2021-12-28 14:52:20',	0,	7),
(53,	6,	3,	7,	25,	'',	'2021-12-28 14:52:22',	'2021-12-28 14:52:22',	0,	7),
(54,	6,	3,	7,	26,	'',	'2021-12-28 14:52:24',	'2021-12-28 14:52:24',	0,	7),
(55,	6,	3,	7,	27,	'',	'2021-12-28 14:52:25',	'2021-12-28 14:52:25',	0,	7),
(56,	6,	3,	7,	28,	'',	'2021-12-28 14:52:30',	'2021-12-28 14:52:30',	0,	7),
(57,	6,	3,	7,	29,	'',	'2021-12-28 14:52:32',	'2021-12-28 14:52:32',	0,	7),
(58,	6,	3,	7,	30,	'',	'2021-12-28 14:52:34',	'2021-12-28 14:52:34',	0,	7),
(59,	6,	3,	7,	31,	'',	'2021-12-28 14:52:37',	'2021-12-28 14:52:37',	0,	7),
(60,	6,	3,	7,	32,	'',	'2021-12-28 14:52:39',	'2021-12-28 14:52:39',	0,	7),
(61,	6,	3,	7,	33,	'',	'2021-12-28 14:52:41',	'2021-12-28 14:52:41',	0,	7),
(62,	6,	3,	7,	34,	'',	'2021-12-28 14:52:47',	'2021-12-28 14:52:47',	0,	7),
(63,	6,	3,	7,	35,	'',	'2021-12-28 14:52:53',	'2021-12-28 14:52:53',	0,	7),
(64,	6,	3,	7,	36,	'',	'2021-12-28 14:52:56',	'2021-12-28 14:52:56',	0,	7),
(65,	6,	3,	7,	37,	'',	'2021-12-28 14:52:57',	'2021-12-28 14:52:57',	0,	7),
(66,	6,	3,	7,	38,	'',	'2021-12-28 14:52:59',	'2021-12-28 14:52:59',	0,	7),
(67,	6,	3,	7,	39,	'',	'2021-12-28 14:53:01',	'2021-12-28 14:53:01',	0,	7),
(68,	6,	3,	7,	40,	'',	'2021-12-28 14:53:03',	'2021-12-28 14:53:03',	0,	7),
(69,	6,	3,	7,	41,	'',	'2021-12-28 14:53:06',	'2021-12-28 14:53:06',	0,	7),
(70,	6,	3,	7,	42,	'',	'2021-12-28 14:53:08',	'2021-12-28 14:53:08',	0,	7),
(71,	6,	3,	7,	43,	'',	'2021-12-28 14:53:11',	'2021-12-28 14:53:11',	0,	7),
(72,	6,	3,	7,	44,	'',	'2021-12-28 14:53:13',	'2021-12-28 14:53:13',	0,	7),
(73,	6,	3,	7,	45,	'',	'2021-12-28 14:53:15',	'2021-12-28 14:53:15',	0,	7),
(74,	6,	3,	7,	46,	'',	'2021-12-28 14:53:16',	'2021-12-28 14:53:16',	0,	7),
(75,	6,	3,	7,	47,	'',	'2021-12-28 14:53:19',	'2021-12-28 14:53:19',	0,	7),
(76,	6,	3,	7,	48,	'',	'2021-12-28 14:53:21',	'2021-12-28 14:53:21',	0,	7),
(77,	6,	3,	7,	49,	'',	'2021-12-28 14:53:23',	'2021-12-28 14:53:23',	0,	7),
(78,	6,	3,	7,	50,	'',	'2021-12-28 14:53:25',	'2021-12-28 14:53:25',	0,	7),
(79,	6,	3,	7,	51,	'',	'2021-12-28 14:53:27',	'2021-12-28 14:53:27',	0,	7),
(80,	6,	3,	7,	52,	'',	'2021-12-28 14:53:29',	'2021-12-28 14:53:29',	0,	7),
(81,	6,	3,	7,	53,	'',	'2021-12-28 14:53:31',	'2021-12-28 14:53:31',	0,	7),
(82,	6,	3,	7,	54,	'',	'2021-12-28 14:53:33',	'2021-12-28 14:53:33',	0,	7),
(83,	6,	3,	7,	55,	'',	'2021-12-28 14:53:35',	'2021-12-28 14:53:35',	0,	7),
(84,	6,	3,	7,	56,	'',	'2021-12-28 14:53:36',	'2021-12-28 14:53:36',	0,	7),
(85,	6,	3,	7,	57,	'',	'2021-12-28 14:53:38',	'2021-12-28 14:53:38',	0,	7),
(86,	6,	3,	7,	58,	'',	'2021-12-28 14:53:40',	'2021-12-28 14:53:40',	0,	7),
(87,	6,	3,	7,	59,	'',	'2021-12-28 14:53:41',	'2021-12-28 14:53:41',	0,	7),
(88,	6,	3,	7,	60,	'',	'2021-12-28 14:53:43',	'2021-12-28 14:53:43',	0,	7),
(89,	6,	3,	7,	61,	'',	'2021-12-28 14:53:45',	'2021-12-28 14:53:45',	0,	7),
(90,	6,	3,	7,	62,	'',	'2021-12-28 14:53:46',	'2021-12-28 14:53:46',	0,	7),
(91,	6,	3,	7,	63,	'',	'2021-12-28 14:53:47',	'2021-12-28 14:53:47',	0,	7),
(92,	6,	3,	7,	64,	'',	'2021-12-28 14:53:49',	'2021-12-28 14:53:49',	0,	7),
(93,	6,	3,	7,	65,	'',	'2021-12-28 14:53:53',	'2021-12-28 14:53:53',	0,	7),
(94,	6,	3,	7,	66,	'',	'2021-12-28 14:53:55',	'2021-12-28 14:53:55',	0,	7),
(95,	6,	3,	7,	67,	'',	'2021-12-28 14:53:57',	'2021-12-28 14:53:57',	0,	7),
(96,	6,	3,	7,	68,	'',	'2021-12-28 14:54:04',	'2021-12-28 14:54:04',	0,	7),
(97,	6,	3,	7,	69,	'',	'2021-12-28 14:54:06',	'2021-12-28 14:54:06',	0,	7),
(98,	6,	3,	7,	70,	'',	'2021-12-28 14:54:08',	'2021-12-28 14:54:08',	0,	7),
(99,	6,	3,	7,	71,	'',	'2022-01-01 11:33:24',	'2022-01-01 11:33:24',	0,	7),
(100,	6,	3,	7,	72,	'',	'2022-01-01 11:33:26',	'2022-01-01 11:33:26',	0,	7),
(101,	6,	3,	7,	73,	'',	'2022-01-01 11:33:27',	'2022-01-01 11:33:27',	0,	7),
(102,	6,	3,	7,	74,	'',	'2022-01-01 11:33:39',	'2022-01-01 11:33:39',	0,	7),
(103,	6,	3,	7,	75,	'',	'2022-01-01 11:33:47',	'2022-01-01 11:33:47',	0,	7),
(104,	6,	3,	7,	76,	'',	'2022-01-01 11:33:49',	'2022-01-01 11:33:49',	0,	7),
(105,	6,	3,	7,	77,	'',	'2022-01-01 11:33:50',	'2022-01-01 11:33:50',	0,	7),
(106,	6,	3,	7,	78,	'',	'2022-01-01 11:33:51',	'2022-01-01 11:33:51',	0,	7),
(107,	6,	3,	7,	79,	'',	'2022-01-01 11:33:53',	'2022-01-01 11:33:53',	0,	7),
(108,	6,	3,	7,	80,	'',	'2022-01-01 11:33:55',	'2022-01-01 11:33:55',	0,	7),
(109,	6,	3,	7,	81,	'',	'2022-01-01 11:33:56',	'2022-01-01 11:33:56',	0,	7),
(110,	6,	3,	7,	82,	'',	'2022-01-01 11:33:58',	'2022-01-01 11:33:58',	0,	7),
(111,	6,	3,	7,	83,	'',	'2022-01-01 11:33:59',	'2022-01-01 11:33:59',	0,	7),
(112,	6,	3,	7,	84,	'',	'2022-01-01 11:34:24',	'2022-01-01 11:34:24',	0,	7),
(113,	6,	3,	7,	85,	'',	'2022-01-01 11:34:26',	'2022-01-01 11:34:26',	0,	7),
(114,	6,	3,	7,	86,	'',	'2022-01-01 11:34:27',	'2022-01-01 11:34:27',	0,	7),
(115,	6,	3,	7,	87,	'',	'2022-01-01 11:34:29',	'2022-01-01 11:34:29',	0,	7),
(116,	6,	3,	7,	88,	'',	'2022-01-01 11:34:30',	'2022-01-01 11:34:30',	0,	7),
(117,	6,	3,	7,	89,	'',	'2022-01-01 11:34:32',	'2022-01-01 11:34:32',	0,	7),
(118,	6,	3,	7,	90,	'',	'2022-01-01 11:34:34',	'2022-01-01 11:34:34',	0,	7),
(119,	6,	3,	7,	91,	'',	'2022-01-01 11:34:36',	'2022-01-01 11:34:36',	0,	7),
(120,	6,	3,	7,	92,	'',	'2022-01-01 11:34:37',	'2022-01-01 11:34:37',	0,	7),
(121,	6,	3,	7,	93,	'',	'2022-01-01 11:34:39',	'2022-01-01 11:34:39',	0,	7),
(122,	6,	3,	7,	94,	'',	'2022-01-01 11:34:40',	'2022-01-01 11:34:40',	0,	7),
(123,	6,	3,	7,	95,	'',	'2022-01-01 11:34:42',	'2022-01-01 11:34:42',	0,	7),
(124,	6,	3,	7,	96,	'',	'2022-01-01 11:34:44',	'2022-01-01 11:34:44',	0,	7),
(125,	6,	3,	7,	97,	'',	'2022-01-01 11:34:46',	'2022-01-01 11:34:46',	0,	7),
(126,	6,	3,	7,	98,	'',	'2022-01-01 11:34:48',	'2022-01-01 11:34:48',	0,	7),
(127,	6,	3,	7,	99,	'',	'2022-01-01 11:34:50',	'2022-01-01 11:34:50',	0,	7),
(128,	6,	3,	7,	100,	'',	'2022-01-01 11:34:51',	'2022-01-01 11:34:51',	0,	7),
(129,	6,	3,	7,	101,	'',	'2022-01-01 11:34:53',	'2022-01-01 11:34:53',	0,	7),
(130,	6,	3,	7,	102,	'',	'2022-01-01 11:34:55',	'2022-01-01 11:34:55',	0,	7),
(131,	6,	3,	7,	103,	'',	'2022-01-01 11:34:56',	'2022-01-01 11:34:56',	0,	7),
(132,	6,	3,	7,	104,	'',	'2022-01-01 11:34:58',	'2022-01-01 11:34:58',	0,	7),
(133,	6,	3,	7,	105,	'',	'2022-01-01 11:35:00',	'2022-01-01 11:35:00',	0,	7),
(134,	6,	3,	7,	106,	'',	'2022-01-01 11:35:01',	'2022-01-01 11:35:01',	0,	7),
(135,	6,	3,	7,	107,	'',	'2022-01-01 11:35:03',	'2022-01-01 11:35:03',	0,	7);

DROP TABLE IF EXISTS `TreeNodeTypes`;
CREATE TABLE `TreeNodeTypes` (
  `treeNodeTypeID` int(10) unsigned NOT NULL AUTO_INCREMENT,
  `treeNodeTypeHandle` varchar(255) COLLATE utf8mb4_unicode_ci DEFAULT '',
  `pkgID` int(10) unsigned DEFAULT '0',
  PRIMARY KEY (`treeNodeTypeID`),
  UNIQUE KEY `treeNodeTypeHandle` (`treeNodeTypeHandle`),
  KEY `pkgID` (`pkgID`)
) ENGINE=InnoDB DEFAULT CHARSET=utf8mb4 COLLATE=utf8mb4_unicode_ci;

INSERT INTO `TreeNodeTypes` (`treeNodeTypeID`, `treeNodeTypeHandle`, `pkgID`) VALUES
(1,	'group',	0),
(2,	'category',	0),
(3,	'express_entry_category',	0),
(4,	'express_entry_results',	0),
(5,	'topic',	0),
(6,	'file',	0),
(7,	'file_folder',	0),
(8,	'search_preset',	0);

DROP TABLE IF EXISTS `Trees`;
CREATE TABLE `Trees` (
  `treeID` int(10) unsigned NOT NULL AUTO_INCREMENT,
  `treeTypeID` int(10) unsigned DEFAULT '0',
  `treeDateAdded` datetime DEFAULT NULL,
  `rootTreeNodeID` int(10) unsigned DEFAULT '0',
  PRIMARY KEY (`treeID`),
  KEY `treeTypeID` (`treeTypeID`)
) ENGINE=InnoDB DEFAULT CHARSET=utf8mb4 COLLATE=utf8mb4_unicode_ci;

INSERT INTO `Trees` (`treeID`, `treeTypeID`, `treeDateAdded`, `rootTreeNodeID`) VALUES
(1,	1,	'2021-12-05 08:54:18',	1),
(2,	2,	'2021-12-05 08:54:21',	5),
(3,	4,	'2021-12-05 08:55:55',	7),
(4,	3,	'2021-12-05 08:56:00',	24),
(5,	3,	'2021-12-05 08:56:00',	33),
(6,	3,	'2021-12-05 08:56:00',	38);

DROP TABLE IF EXISTS `TreeSearchQueryNodes`;
CREATE TABLE `TreeSearchQueryNodes` (
  `treeNodeID` int(10) unsigned NOT NULL AUTO_INCREMENT,
  `savedSearchID` varchar(255) COLLATE utf8mb4_unicode_ci DEFAULT NULL,
  PRIMARY KEY (`treeNodeID`),
  KEY `savedSearchID` (`savedSearchID`)
) ENGINE=InnoDB DEFAULT CHARSET=utf8mb4 COLLATE=utf8mb4_unicode_ci;


DROP TABLE IF EXISTS `TreeTypes`;
CREATE TABLE `TreeTypes` (
  `treeTypeID` int(10) unsigned NOT NULL AUTO_INCREMENT,
  `treeTypeHandle` varchar(255) COLLATE utf8mb4_unicode_ci DEFAULT '',
  `pkgID` int(10) unsigned DEFAULT '0',
  PRIMARY KEY (`treeTypeID`),
  UNIQUE KEY `treeTypeHandle` (`treeTypeHandle`),
  KEY `pkgID` (`pkgID`)
) ENGINE=InnoDB DEFAULT CHARSET=utf8mb4 COLLATE=utf8mb4_unicode_ci;

INSERT INTO `TreeTypes` (`treeTypeID`, `treeTypeHandle`, `pkgID`) VALUES
(1,	'group',	0),
(2,	'express_entry_results',	0),
(3,	'topic',	0),
(4,	'file_manager',	0);

DROP TABLE IF EXISTS `UsedStringLog`;
CREATE TABLE `UsedStringLog` (
  `id` int(10) unsigned NOT NULL AUTO_INCREMENT,
  `usedString` varchar(255) COLLATE utf8mb4_unicode_ci NOT NULL,
  `subject` int(11) NOT NULL,
  `date` datetime NOT NULL,
  PRIMARY KEY (`id`),
  UNIQUE KEY `UNIQ_4E83837CF5E609AF` (`usedString`)
) ENGINE=InnoDB DEFAULT CHARSET=utf8mb4 COLLATE=utf8mb4_unicode_ci;


DROP TABLE IF EXISTS `UserAttributeKeys`;
CREATE TABLE `UserAttributeKeys` (
  `uakProfileDisplay` tinyint(1) NOT NULL,
  `uakProfileEdit` tinyint(1) NOT NULL,
  `uakProfileEditRequired` tinyint(1) NOT NULL,
  `uakRegisterEdit` tinyint(1) NOT NULL,
  `uakRegisterEditRequired` tinyint(1) NOT NULL,
  `uakMemberListDisplay` tinyint(1) NOT NULL,
  `akID` int(10) unsigned NOT NULL,
  PRIMARY KEY (`akID`),
  CONSTRAINT `FK_28970033B6561A7E` FOREIGN KEY (`akID`) REFERENCES `AttributeKeys` (`akID`) ON DELETE CASCADE
) ENGINE=InnoDB DEFAULT CHARSET=utf8mb4 COLLATE=utf8mb4_unicode_ci;

INSERT INTO `UserAttributeKeys` (`uakProfileDisplay`, `uakProfileEdit`, `uakProfileEditRequired`, `uakRegisterEdit`, `uakRegisterEditRequired`, `uakMemberListDisplay`, `akID`) VALUES
(0,	1,	0,	1,	0,	0,	14),
(0,	1,	0,	1,	0,	0,	15),
(0,	0,	0,	0,	0,	0,	18);

DROP TABLE IF EXISTS `UserAttributeValues`;
CREATE TABLE `UserAttributeValues` (
  `uID` int(10) unsigned NOT NULL,
  `akID` int(10) unsigned NOT NULL,
  `avID` int(10) unsigned DEFAULT NULL,
  PRIMARY KEY (`uID`,`akID`),
  KEY `IDX_4DB68CA6FD71026C` (`uID`),
  KEY `IDX_4DB68CA6B6561A7E` (`akID`),
  KEY `IDX_4DB68CA6A2A82A5D` (`avID`),
  CONSTRAINT `FK_4DB68CA6A2A82A5D` FOREIGN KEY (`avID`) REFERENCES `AttributeValues` (`avID`),
  CONSTRAINT `FK_4DB68CA6B6561A7E` FOREIGN KEY (`akID`) REFERENCES `AttributeKeys` (`akID`),
  CONSTRAINT `FK_4DB68CA6FD71026C` FOREIGN KEY (`uID`) REFERENCES `Users` (`uID`)
) ENGINE=InnoDB DEFAULT CHARSET=utf8mb4 COLLATE=utf8mb4_unicode_ci;


DROP TABLE IF EXISTS `UserDeactivatedNotifications`;
CREATE TABLE `UserDeactivatedNotifications` (
  `userID` int(10) unsigned NOT NULL,
  `actorID` int(10) unsigned DEFAULT NULL,
  `nID` int(10) unsigned NOT NULL,
  PRIMARY KEY (`nID`),
  CONSTRAINT `FK_ED5A1F9FED024EFD` FOREIGN KEY (`nID`) REFERENCES `Notifications` (`nID`) ON DELETE CASCADE
) ENGINE=InnoDB DEFAULT CHARSET=utf8mb4 COLLATE=utf8mb4_unicode_ci;


DROP TABLE IF EXISTS `UserGroups`;
CREATE TABLE `UserGroups` (
  `uID` int(10) unsigned NOT NULL DEFAULT '0',
  `gID` int(10) unsigned NOT NULL DEFAULT '0',
  `ugEntered` datetime NOT NULL DEFAULT '1000-01-01 00:00:00',
  PRIMARY KEY (`uID`,`gID`),
  KEY `uID` (`uID`),
  KEY `gID` (`gID`)
) ENGINE=InnoDB DEFAULT CHARSET=utf8mb4 COLLATE=utf8mb4_unicode_ci;


DROP TABLE IF EXISTS `UserLoginAttempts`;
CREATE TABLE `UserLoginAttempts` (
  `id` char(36) COLLATE utf8mb4_unicode_ci NOT NULL COMMENT '(DC2Type:guid)',
  `userId` int(10) unsigned NOT NULL,
  `utcDate` int(11) NOT NULL,
  PRIMARY KEY (`id`)
) ENGINE=InnoDB DEFAULT CHARSET=utf8mb4 COLLATE=utf8mb4_unicode_ci;


DROP TABLE IF EXISTS `UserPermissionEditPropertyAccessList`;
CREATE TABLE `UserPermissionEditPropertyAccessList` (
  `paID` int(10) unsigned NOT NULL DEFAULT '0',
  `peID` int(10) unsigned NOT NULL DEFAULT '0',
  `uName` tinyint(1) DEFAULT '0',
  `uEmail` tinyint(1) DEFAULT '0',
  `uPassword` tinyint(1) DEFAULT '0',
  `uAvatar` tinyint(1) DEFAULT '0',
  `uTimezone` tinyint(1) DEFAULT '0',
  `uDefaultLanguage` tinyint(1) DEFAULT '0',
  `attributePermission` varchar(1) COLLATE utf8mb4_unicode_ci NOT NULL DEFAULT '1',
  PRIMARY KEY (`paID`,`peID`)
) ENGINE=InnoDB DEFAULT CHARSET=utf8mb4 COLLATE=utf8mb4_unicode_ci;


DROP TABLE IF EXISTS `UserPermissionEditPropertyAttributeAccessListCustom`;
CREATE TABLE `UserPermissionEditPropertyAttributeAccessListCustom` (
  `paID` int(10) unsigned NOT NULL DEFAULT '0',
  `peID` int(10) unsigned NOT NULL DEFAULT '0',
  `akID` int(10) unsigned NOT NULL DEFAULT '0',
  PRIMARY KEY (`paID`,`peID`,`akID`),
  KEY `peID` (`peID`),
  KEY `akID` (`akID`)
) ENGINE=InnoDB DEFAULT CHARSET=utf8mb4 COLLATE=utf8mb4_unicode_ci;


DROP TABLE IF EXISTS `UserPermissionViewAttributeAccessList`;
CREATE TABLE `UserPermissionViewAttributeAccessList` (
  `paID` int(10) unsigned NOT NULL DEFAULT '0',
  `peID` int(10) unsigned NOT NULL DEFAULT '0',
  `permission` varchar(1) COLLATE utf8mb4_unicode_ci NOT NULL DEFAULT '1',
  PRIMARY KEY (`paID`,`peID`),
  KEY `peID` (`peID`)
) ENGINE=InnoDB DEFAULT CHARSET=utf8mb4 COLLATE=utf8mb4_unicode_ci;


DROP TABLE IF EXISTS `UserPermissionViewAttributeAccessListCustom`;
CREATE TABLE `UserPermissionViewAttributeAccessListCustom` (
  `paID` int(10) unsigned NOT NULL DEFAULT '0',
  `peID` int(10) unsigned NOT NULL DEFAULT '0',
  `akID` int(10) unsigned NOT NULL DEFAULT '0',
  PRIMARY KEY (`paID`,`peID`,`akID`),
  KEY `peID` (`peID`),
  KEY `akID` (`akID`)
) ENGINE=InnoDB DEFAULT CHARSET=utf8mb4 COLLATE=utf8mb4_unicode_ci;


DROP TABLE IF EXISTS `UserPointActions`;
CREATE TABLE `UserPointActions` (
  `upaID` int(11) NOT NULL AUTO_INCREMENT,
  `upaHandle` varchar(255) COLLATE utf8mb4_unicode_ci DEFAULT NULL,
  `upaName` varchar(255) COLLATE utf8mb4_unicode_ci DEFAULT NULL,
  `upaDefaultPoints` int(11) NOT NULL DEFAULT '0',
  `pkgID` int(10) unsigned NOT NULL DEFAULT '0',
  `upaHasCustomClass` tinyint(1) NOT NULL DEFAULT '0',
  `upaIsActive` tinyint(1) NOT NULL DEFAULT '1',
  `gBadgeID` int(11) NOT NULL DEFAULT '0',
  PRIMARY KEY (`upaID`),
  UNIQUE KEY `upaHandle` (`upaHandle`),
  KEY `pkgID` (`pkgID`),
  KEY `gBBadgeID` (`gBadgeID`)
) ENGINE=InnoDB DEFAULT CHARSET=utf8mb4 COLLATE=utf8mb4_unicode_ci;

INSERT INTO `UserPointActions` (`upaID`, `upaHandle`, `upaName`, `upaDefaultPoints`, `pkgID`, `upaHasCustomClass`, `upaIsActive`, `gBadgeID`) VALUES
(1,	'won_badge',	'Won a Badge',	5,	0,	1,	1,	0);

DROP TABLE IF EXISTS `UserPointHistory`;
CREATE TABLE `UserPointHistory` (
  `upID` int(11) NOT NULL AUTO_INCREMENT,
  `upuID` int(11) NOT NULL DEFAULT '0',
  `upaID` int(11) DEFAULT '0',
  `upPoints` int(11) DEFAULT '0',
  `object` longtext COLLATE utf8mb4_unicode_ci,
  `timestamp` timestamp NOT NULL DEFAULT CURRENT_TIMESTAMP,
  PRIMARY KEY (`upID`),
  KEY `upuID` (`upuID`),
  KEY `upaID` (`upaID`)
) ENGINE=InnoDB DEFAULT CHARSET=utf8mb4 COLLATE=utf8mb4_unicode_ci;


DROP TABLE IF EXISTS `UserPrivateMessages`;
CREATE TABLE `UserPrivateMessages` (
  `msgID` int(10) unsigned NOT NULL AUTO_INCREMENT,
  `uAuthorID` int(10) unsigned NOT NULL DEFAULT '0',
  `msgDateCreated` datetime NOT NULL,
  `msgSubject` varchar(255) COLLATE utf8mb4_unicode_ci NOT NULL,
  `msgBody` text COLLATE utf8mb4_unicode_ci,
  `uToID` int(10) unsigned NOT NULL DEFAULT '0',
  PRIMARY KEY (`msgID`),
  KEY `uAuthorID` (`uAuthorID`,`msgDateCreated`)
) ENGINE=InnoDB DEFAULT CHARSET=utf8mb4 COLLATE=utf8mb4_unicode_ci;


DROP TABLE IF EXISTS `UserPrivateMessagesTo`;
CREATE TABLE `UserPrivateMessagesTo` (
  `msgID` int(10) unsigned NOT NULL DEFAULT '0',
  `uID` int(10) unsigned NOT NULL DEFAULT '0',
  `uAuthorID` int(10) unsigned NOT NULL DEFAULT '0',
  `msgMailboxID` int(11) NOT NULL,
  `msgIsNew` tinyint(1) NOT NULL DEFAULT '0',
  `msgIsUnread` tinyint(1) NOT NULL DEFAULT '0',
  `msgIsReplied` tinyint(1) NOT NULL DEFAULT '0',
  PRIMARY KEY (`msgID`,`uID`,`uAuthorID`,`msgMailboxID`),
  KEY `uID` (`uID`),
  KEY `uAuthorID` (`uAuthorID`),
  KEY `msgFolderID` (`msgMailboxID`),
  KEY `msgIsNew` (`msgIsNew`)
) ENGINE=InnoDB DEFAULT CHARSET=utf8mb4 COLLATE=utf8mb4_unicode_ci;


DROP TABLE IF EXISTS `Users`;
CREATE TABLE `Users` (
  `uID` int(10) unsigned NOT NULL AUTO_INCREMENT,
  `uName` varchar(64) COLLATE utf8mb4_unicode_ci NOT NULL,
  `uEmail` varchar(254) COLLATE utf8mb4_unicode_ci NOT NULL,
  `uPassword` varchar(255) COLLATE utf8mb4_unicode_ci NOT NULL,
  `uIsActive` tinyint(1) NOT NULL,
  `uIsFullRecord` tinyint(1) NOT NULL,
  `uIsValidated` tinyint(1) NOT NULL DEFAULT '-1',
  `uDateAdded` datetime NOT NULL,
  `uLastPasswordChange` datetime NOT NULL,
  `uHasAvatar` tinyint(1) NOT NULL,
  `uLastOnline` int(10) unsigned NOT NULL DEFAULT '0',
  `uLastLogin` int(10) unsigned NOT NULL DEFAULT '0',
  `uPreviousLogin` int(10) unsigned DEFAULT '0',
  `uNumLogins` int(10) unsigned NOT NULL DEFAULT '0',
  `uLastAuthTypeID` int(10) unsigned NOT NULL DEFAULT '0',
  `uLastIP` longtext COLLATE utf8mb4_unicode_ci,
  `uTimezone` varchar(255) COLLATE utf8mb4_unicode_ci DEFAULT NULL,
  `uDefaultLanguage` varchar(32) COLLATE utf8mb4_unicode_ci DEFAULT NULL,
  `uIsPasswordReset` tinyint(1) NOT NULL,
  PRIMARY KEY (`uID`),
  UNIQUE KEY `UNIQ_D5428AED28459686` (`uName`),
  KEY `uEmail` (`uEmail`)
) ENGINE=InnoDB DEFAULT CHARSET=utf8mb4 COLLATE=utf8mb4_unicode_ci;

INSERT INTO `Users` (`uID`, `uName`, `uEmail`, `uPassword`, `uIsActive`, `uIsFullRecord`, `uIsValidated`, `uDateAdded`, `uLastPasswordChange`, `uHasAvatar`, `uLastOnline`, `uLastLogin`, `uPreviousLogin`, `uNumLogins`, `uLastAuthTypeID`, `uLastIP`, `uTimezone`, `uDefaultLanguage`, `uIsPasswordReset`) VALUES
(1,	'admin',	'durrynajaf@hotmail.com',	'$2a$12$p70vF7psRsSct9668r./.Ol/aoLQ7lS8qA6xCrGoWIwsVvEcCGYZO',	1,	1,	1,	'2021-12-05 08:54:18',	'2021-12-05 08:54:18',	0,	1641550599,	1641550597,	1641299571,	18,	1,	'7f000001',	NULL,	NULL,	0);

DROP TABLE IF EXISTS `UserSearchIndexAttributes`;
CREATE TABLE `UserSearchIndexAttributes` (
  `uID` int(10) unsigned NOT NULL,
  `ak_profile_private_messages_enabled` tinyint(1) DEFAULT '0',
  `ak_profile_private_messages_notification_enabled` tinyint(1) DEFAULT '0',
  PRIMARY KEY (`uID`),
  CONSTRAINT `FK_74798B07FD71026C` FOREIGN KEY (`uID`) REFERENCES `Users` (`uID`) ON DELETE CASCADE ON UPDATE CASCADE
) ENGINE=InnoDB DEFAULT CHARSET=utf8mb4 COLLATE=utf8mb4_unicode_ci;


DROP TABLE IF EXISTS `UserSignupNotifications`;
CREATE TABLE `UserSignupNotifications` (
  `usID` int(10) unsigned DEFAULT NULL,
  `nID` int(10) unsigned NOT NULL,
  PRIMARY KEY (`nID`),
  KEY `IDX_7FB1DF5B7B18287E` (`usID`),
  CONSTRAINT `FK_7FB1DF5B7B18287E` FOREIGN KEY (`usID`) REFERENCES `UserSignups` (`usID`),
  CONSTRAINT `FK_7FB1DF5BED024EFD` FOREIGN KEY (`nID`) REFERENCES `Notifications` (`nID`) ON DELETE CASCADE
) ENGINE=InnoDB DEFAULT CHARSET=utf8mb4 COLLATE=utf8mb4_unicode_ci;


DROP TABLE IF EXISTS `UserSignups`;
CREATE TABLE `UserSignups` (
  `usID` int(10) unsigned NOT NULL AUTO_INCREMENT,
  `uID` int(10) unsigned DEFAULT NULL,
  `createdBy` int(10) unsigned DEFAULT NULL,
  PRIMARY KEY (`usID`),
  UNIQUE KEY `UNIQ_FEB5D909FD71026C` (`uID`),
  KEY `IDX_FEB5D909D3564642` (`createdBy`),
  CONSTRAINT `FK_FEB5D909D3564642` FOREIGN KEY (`createdBy`) REFERENCES `Users` (`uID`),
  CONSTRAINT `FK_FEB5D909FD71026C` FOREIGN KEY (`uID`) REFERENCES `Users` (`uID`)
) ENGINE=InnoDB DEFAULT CHARSET=utf8mb4 COLLATE=utf8mb4_unicode_ci;


DROP TABLE IF EXISTS `UserValidationHashes`;
CREATE TABLE `UserValidationHashes` (
  `uvhID` int(10) unsigned NOT NULL AUTO_INCREMENT,
  `uID` int(10) unsigned DEFAULT NULL,
  `uHash` varchar(64) COLLATE utf8mb4_unicode_ci NOT NULL,
  `type` smallint(5) unsigned NOT NULL DEFAULT '0',
  `uDateGenerated` int(10) unsigned NOT NULL DEFAULT '0',
  `uDateRedeemed` int(10) unsigned NOT NULL DEFAULT '0',
  PRIMARY KEY (`uvhID`),
  KEY `uID` (`uID`,`type`),
  KEY `uHash` (`uHash`,`type`),
  KEY `uDateGenerated` (`uDateGenerated`,`type`)
) ENGINE=InnoDB DEFAULT CHARSET=utf8mb4 COLLATE=utf8mb4_unicode_ci;


DROP TABLE IF EXISTS `UserWorkflowProgress`;
CREATE TABLE `UserWorkflowProgress` (
  `uID` int(10) unsigned NOT NULL DEFAULT '0',
  `wpID` int(10) unsigned NOT NULL DEFAULT '0',
  PRIMARY KEY (`uID`,`wpID`)
) ENGINE=InnoDB DEFAULT CHARSET=utf8mb4 COLLATE=utf8mb4_unicode_ci;


DROP TABLE IF EXISTS `WorkflowProgress`;
CREATE TABLE `WorkflowProgress` (
  `wpID` int(10) unsigned NOT NULL AUTO_INCREMENT,
  `wpCategoryID` int(10) unsigned DEFAULT NULL,
  `wfID` int(10) unsigned NOT NULL DEFAULT '0',
  `wpApproved` tinyint(1) NOT NULL DEFAULT '0',
  `wpDateAdded` datetime DEFAULT NULL,
  `wpDateLastAction` datetime DEFAULT NULL,
  `wpCurrentStatus` int(11) NOT NULL DEFAULT '0',
  `wrID` int(11) NOT NULL DEFAULT '0',
  `wpIsCompleted` tinyint(1) NOT NULL DEFAULT '0',
  PRIMARY KEY (`wpID`),
  KEY `wpCategoryID` (`wpCategoryID`),
  KEY `wfID` (`wfID`),
  KEY `wrID` (`wrID`,`wpID`,`wpIsCompleted`)
) ENGINE=InnoDB DEFAULT CHARSET=utf8mb4 COLLATE=utf8mb4_unicode_ci;


DROP TABLE IF EXISTS `WorkflowProgressCategories`;
CREATE TABLE `WorkflowProgressCategories` (
  `wpCategoryID` int(10) unsigned NOT NULL AUTO_INCREMENT,
  `wpCategoryHandle` varchar(255) COLLATE utf8mb4_unicode_ci NOT NULL,
  `pkgID` int(10) unsigned DEFAULT NULL,
  PRIMARY KEY (`wpCategoryID`),
  UNIQUE KEY `wpCategoryHandle` (`wpCategoryHandle`),
  KEY `pkgID` (`pkgID`)
) ENGINE=InnoDB DEFAULT CHARSET=utf8mb4 COLLATE=utf8mb4_unicode_ci;

INSERT INTO `WorkflowProgressCategories` (`wpCategoryID`, `wpCategoryHandle`, `pkgID`) VALUES
(1,	'page',	NULL),
(2,	'file',	NULL),
(3,	'user',	NULL),
(4,	'calendar_event',	NULL);

DROP TABLE IF EXISTS `WorkflowProgressHistory`;
CREATE TABLE `WorkflowProgressHistory` (
  `wphID` int(10) unsigned NOT NULL AUTO_INCREMENT,
  `wpID` int(10) unsigned NOT NULL DEFAULT '0',
  `timestamp` timestamp NOT NULL DEFAULT CURRENT_TIMESTAMP,
  `object` text COLLATE utf8mb4_unicode_ci,
  PRIMARY KEY (`wphID`),
  KEY `wpID` (`wpID`,`timestamp`)
) ENGINE=InnoDB DEFAULT CHARSET=utf8mb4 COLLATE=utf8mb4_unicode_ci;

INSERT INTO `WorkflowProgressHistory` (`wphID`, `wpID`, `timestamp`, `object`) VALUES
(1,	1,	'2021-12-05 11:14:08',	'O:49:\"Concrete\\Core\\Workflow\\Request\\ApprovePageRequest\":11:{s:14:\"\0*\0wrStatusNum\";i:30;s:62:\"\0Concrete\\Core\\Workflow\\Request\\ApprovePageRequest\0isScheduled\";b:0;s:64:\"\0Concrete\\Core\\Workflow\\Request\\ApprovePageRequest\0cvPublishDate\";N;s:67:\"\0Concrete\\Core\\Workflow\\Request\\ApprovePageRequest\0cvPublishEndDate\";N;s:12:\"\0*\0currentWP\";N;s:6:\"\0*\0uID\";s:1:\"1\";s:7:\"\0*\0wrID\";s:1:\"1\";s:5:\"error\";s:0:\"\";s:4:\"pkID\";i:14;s:3:\"cID\";i:1;s:4:\"cvID\";s:1:\"2\";}'),
(2,	1,	'2021-12-05 12:27:23',	'O:49:\"Concrete\\Core\\Workflow\\Request\\ApprovePageRequest\":11:{s:14:\"\0*\0wrStatusNum\";i:30;s:62:\"\0Concrete\\Core\\Workflow\\Request\\ApprovePageRequest\0isScheduled\";b:0;s:64:\"\0Concrete\\Core\\Workflow\\Request\\ApprovePageRequest\0cvPublishDate\";N;s:67:\"\0Concrete\\Core\\Workflow\\Request\\ApprovePageRequest\0cvPublishEndDate\";N;s:12:\"\0*\0currentWP\";N;s:6:\"\0*\0uID\";s:1:\"1\";s:7:\"\0*\0wrID\";s:1:\"2\";s:5:\"error\";s:0:\"\";s:4:\"pkID\";i:14;s:3:\"cID\";i:214;s:4:\"cvID\";s:1:\"2\";}'),
(3,	1,	'2021-12-08 06:27:29',	'O:48:\"Concrete\\Core\\Workflow\\Request\\DeletePageRequest\":7:{s:14:\"\0*\0wrStatusNum\";i:100;s:12:\"\0*\0currentWP\";N;s:6:\"\0*\0uID\";s:1:\"1\";s:7:\"\0*\0wrID\";s:1:\"3\";s:5:\"error\";s:0:\"\";s:4:\"pkID\";i:12;s:3:\"cID\";i:223;}'),
(4,	2,	'2021-12-08 09:10:39',	'O:49:\"Concrete\\Core\\Workflow\\Request\\ApprovePageRequest\":11:{s:14:\"\0*\0wrStatusNum\";i:30;s:62:\"\0Concrete\\Core\\Workflow\\Request\\ApprovePageRequest\0isScheduled\";b:0;s:64:\"\0Concrete\\Core\\Workflow\\Request\\ApprovePageRequest\0cvPublishDate\";N;s:67:\"\0Concrete\\Core\\Workflow\\Request\\ApprovePageRequest\0cvPublishEndDate\";N;s:12:\"\0*\0currentWP\";N;s:6:\"\0*\0uID\";s:1:\"1\";s:7:\"\0*\0wrID\";s:1:\"4\";s:5:\"error\";s:0:\"\";s:4:\"pkID\";i:14;s:3:\"cID\";i:202;s:4:\"cvID\";s:1:\"2\";}'),
(5,	3,	'2021-12-08 13:33:39',	'O:49:\"Concrete\\Core\\Workflow\\Request\\ApprovePageRequest\":11:{s:14:\"\0*\0wrStatusNum\";i:30;s:62:\"\0Concrete\\Core\\Workflow\\Request\\ApprovePageRequest\0isScheduled\";b:0;s:64:\"\0Concrete\\Core\\Workflow\\Request\\ApprovePageRequest\0cvPublishDate\";N;s:67:\"\0Concrete\\Core\\Workflow\\Request\\ApprovePageRequest\0cvPublishEndDate\";N;s:12:\"\0*\0currentWP\";N;s:6:\"\0*\0uID\";s:1:\"1\";s:7:\"\0*\0wrID\";s:1:\"5\";s:5:\"error\";s:0:\"\";s:4:\"pkID\";i:14;s:3:\"cID\";i:202;s:4:\"cvID\";s:1:\"5\";}'),
(6,	1,	'2021-12-23 10:31:42',	'O:49:\"Concrete\\Core\\Workflow\\Request\\ApprovePageRequest\":11:{s:14:\"\0*\0wrStatusNum\";i:30;s:62:\"\0Concrete\\Core\\Workflow\\Request\\ApprovePageRequest\0isScheduled\";b:0;s:64:\"\0Concrete\\Core\\Workflow\\Request\\ApprovePageRequest\0cvPublishDate\";N;s:67:\"\0Concrete\\Core\\Workflow\\Request\\ApprovePageRequest\0cvPublishEndDate\";N;s:12:\"\0*\0currentWP\";N;s:6:\"\0*\0uID\";s:1:\"1\";s:7:\"\0*\0wrID\";s:1:\"6\";s:5:\"error\";s:0:\"\";s:4:\"pkID\";i:14;s:3:\"cID\";i:202;s:4:\"cvID\";s:1:\"6\";}'),
(7,	1,	'2021-12-28 10:58:58',	'O:49:\"Concrete\\Core\\Workflow\\Request\\ApprovePageRequest\":11:{s:14:\"\0*\0wrStatusNum\";i:30;s:62:\"\0Concrete\\Core\\Workflow\\Request\\ApprovePageRequest\0isScheduled\";b:0;s:64:\"\0Concrete\\Core\\Workflow\\Request\\ApprovePageRequest\0cvPublishDate\";N;s:67:\"\0Concrete\\Core\\Workflow\\Request\\ApprovePageRequest\0cvPublishEndDate\";N;s:12:\"\0*\0currentWP\";N;s:6:\"\0*\0uID\";s:1:\"1\";s:7:\"\0*\0wrID\";s:1:\"7\";s:5:\"error\";s:0:\"\";s:4:\"pkID\";i:14;s:3:\"cID\";i:1;s:4:\"cvID\";s:1:\"3\";}'),
(8,	2,	'2021-12-28 12:28:36',	'O:49:\"Concrete\\Core\\Workflow\\Request\\ApprovePageRequest\":11:{s:14:\"\0*\0wrStatusNum\";i:30;s:62:\"\0Concrete\\Core\\Workflow\\Request\\ApprovePageRequest\0isScheduled\";b:0;s:64:\"\0Concrete\\Core\\Workflow\\Request\\ApprovePageRequest\0cvPublishDate\";N;s:67:\"\0Concrete\\Core\\Workflow\\Request\\ApprovePageRequest\0cvPublishEndDate\";N;s:12:\"\0*\0currentWP\";N;s:6:\"\0*\0uID\";s:1:\"1\";s:7:\"\0*\0wrID\";s:1:\"8\";s:5:\"error\";s:0:\"\";s:4:\"pkID\";i:14;s:3:\"cID\";i:1;s:4:\"cvID\";s:1:\"4\";}'),
(9,	3,	'2021-12-28 12:31:37',	'O:49:\"Concrete\\Core\\Workflow\\Request\\ApprovePageRequest\":11:{s:14:\"\0*\0wrStatusNum\";i:30;s:62:\"\0Concrete\\Core\\Workflow\\Request\\ApprovePageRequest\0isScheduled\";b:0;s:64:\"\0Concrete\\Core\\Workflow\\Request\\ApprovePageRequest\0cvPublishDate\";N;s:67:\"\0Concrete\\Core\\Workflow\\Request\\ApprovePageRequest\0cvPublishEndDate\";N;s:12:\"\0*\0currentWP\";N;s:6:\"\0*\0uID\";s:1:\"1\";s:7:\"\0*\0wrID\";s:1:\"9\";s:5:\"error\";s:0:\"\";s:4:\"pkID\";i:14;s:3:\"cID\";i:1;s:4:\"cvID\";s:1:\"5\";}'),
(10,	4,	'2021-12-29 06:35:43',	'O:49:\"Concrete\\Core\\Workflow\\Request\\ApprovePageRequest\":11:{s:14:\"\0*\0wrStatusNum\";i:30;s:62:\"\0Concrete\\Core\\Workflow\\Request\\ApprovePageRequest\0isScheduled\";b:0;s:64:\"\0Concrete\\Core\\Workflow\\Request\\ApprovePageRequest\0cvPublishDate\";N;s:67:\"\0Concrete\\Core\\Workflow\\Request\\ApprovePageRequest\0cvPublishEndDate\";N;s:12:\"\0*\0currentWP\";N;s:6:\"\0*\0uID\";s:1:\"1\";s:7:\"\0*\0wrID\";s:2:\"10\";s:5:\"error\";s:0:\"\";s:4:\"pkID\";i:14;s:3:\"cID\";i:1;s:4:\"cvID\";s:1:\"6\";}'),
(11,	5,	'2021-12-29 06:51:27',	'O:49:\"Concrete\\Core\\Workflow\\Request\\ApprovePageRequest\":11:{s:14:\"\0*\0wrStatusNum\";i:30;s:62:\"\0Concrete\\Core\\Workflow\\Request\\ApprovePageRequest\0isScheduled\";b:0;s:64:\"\0Concrete\\Core\\Workflow\\Request\\ApprovePageRequest\0cvPublishDate\";N;s:67:\"\0Concrete\\Core\\Workflow\\Request\\ApprovePageRequest\0cvPublishEndDate\";N;s:12:\"\0*\0currentWP\";N;s:6:\"\0*\0uID\";s:1:\"1\";s:7:\"\0*\0wrID\";s:2:\"11\";s:5:\"error\";s:0:\"\";s:4:\"pkID\";i:14;s:3:\"cID\";i:202;s:4:\"cvID\";s:1:\"7\";}'),
(12,	6,	'2021-12-29 07:35:39',	'O:49:\"Concrete\\Core\\Workflow\\Request\\ApprovePageRequest\":11:{s:14:\"\0*\0wrStatusNum\";i:30;s:62:\"\0Concrete\\Core\\Workflow\\Request\\ApprovePageRequest\0isScheduled\";b:0;s:64:\"\0Concrete\\Core\\Workflow\\Request\\ApprovePageRequest\0cvPublishDate\";N;s:67:\"\0Concrete\\Core\\Workflow\\Request\\ApprovePageRequest\0cvPublishEndDate\";N;s:12:\"\0*\0currentWP\";N;s:6:\"\0*\0uID\";s:1:\"1\";s:7:\"\0*\0wrID\";s:2:\"12\";s:5:\"error\";s:0:\"\";s:4:\"pkID\";i:14;s:3:\"cID\";i:202;s:4:\"cvID\";s:1:\"8\";}'),
(13,	7,	'2021-12-29 10:03:59',	'O:49:\"Concrete\\Core\\Workflow\\Request\\ApprovePageRequest\":11:{s:14:\"\0*\0wrStatusNum\";i:30;s:62:\"\0Concrete\\Core\\Workflow\\Request\\ApprovePageRequest\0isScheduled\";b:0;s:64:\"\0Concrete\\Core\\Workflow\\Request\\ApprovePageRequest\0cvPublishDate\";N;s:67:\"\0Concrete\\Core\\Workflow\\Request\\ApprovePageRequest\0cvPublishEndDate\";N;s:12:\"\0*\0currentWP\";N;s:6:\"\0*\0uID\";s:1:\"1\";s:7:\"\0*\0wrID\";s:2:\"13\";s:5:\"error\";s:0:\"\";s:4:\"pkID\";i:14;s:3:\"cID\";i:202;s:4:\"cvID\";s:1:\"9\";}'),
(14,	8,	'2021-12-29 10:09:45',	'O:49:\"Concrete\\Core\\Workflow\\Request\\ApprovePageRequest\":11:{s:14:\"\0*\0wrStatusNum\";i:30;s:62:\"\0Concrete\\Core\\Workflow\\Request\\ApprovePageRequest\0isScheduled\";b:0;s:64:\"\0Concrete\\Core\\Workflow\\Request\\ApprovePageRequest\0cvPublishDate\";N;s:67:\"\0Concrete\\Core\\Workflow\\Request\\ApprovePageRequest\0cvPublishEndDate\";N;s:12:\"\0*\0currentWP\";N;s:6:\"\0*\0uID\";s:1:\"1\";s:7:\"\0*\0wrID\";s:2:\"14\";s:5:\"error\";s:0:\"\";s:4:\"pkID\";i:14;s:3:\"cID\";i:202;s:4:\"cvID\";s:2:\"10\";}'),
(15,	9,	'2021-12-29 10:13:19',	'O:49:\"Concrete\\Core\\Workflow\\Request\\ApprovePageRequest\":11:{s:14:\"\0*\0wrStatusNum\";i:30;s:62:\"\0Concrete\\Core\\Workflow\\Request\\ApprovePageRequest\0isScheduled\";b:0;s:64:\"\0Concrete\\Core\\Workflow\\Request\\ApprovePageRequest\0cvPublishDate\";N;s:67:\"\0Concrete\\Core\\Workflow\\Request\\ApprovePageRequest\0cvPublishEndDate\";N;s:12:\"\0*\0currentWP\";N;s:6:\"\0*\0uID\";s:1:\"1\";s:7:\"\0*\0wrID\";s:2:\"15\";s:5:\"error\";s:0:\"\";s:4:\"pkID\";i:14;s:3:\"cID\";i:202;s:4:\"cvID\";s:2:\"11\";}'),
(16,	10,	'2021-12-29 10:30:25',	'O:49:\"Concrete\\Core\\Workflow\\Request\\ApprovePageRequest\":11:{s:14:\"\0*\0wrStatusNum\";i:30;s:62:\"\0Concrete\\Core\\Workflow\\Request\\ApprovePageRequest\0isScheduled\";b:0;s:64:\"\0Concrete\\Core\\Workflow\\Request\\ApprovePageRequest\0cvPublishDate\";N;s:67:\"\0Concrete\\Core\\Workflow\\Request\\ApprovePageRequest\0cvPublishEndDate\";N;s:12:\"\0*\0currentWP\";N;s:6:\"\0*\0uID\";s:1:\"1\";s:7:\"\0*\0wrID\";s:2:\"16\";s:5:\"error\";s:0:\"\";s:4:\"pkID\";i:14;s:3:\"cID\";i:202;s:4:\"cvID\";s:2:\"12\";}'),
(17,	11,	'2021-12-29 10:34:53',	'O:49:\"Concrete\\Core\\Workflow\\Request\\ApprovePageRequest\":11:{s:14:\"\0*\0wrStatusNum\";i:30;s:62:\"\0Concrete\\Core\\Workflow\\Request\\ApprovePageRequest\0isScheduled\";b:0;s:64:\"\0Concrete\\Core\\Workflow\\Request\\ApprovePageRequest\0cvPublishDate\";N;s:67:\"\0Concrete\\Core\\Workflow\\Request\\ApprovePageRequest\0cvPublishEndDate\";N;s:12:\"\0*\0currentWP\";N;s:6:\"\0*\0uID\";s:1:\"1\";s:7:\"\0*\0wrID\";s:2:\"17\";s:5:\"error\";s:0:\"\";s:4:\"pkID\";i:14;s:3:\"cID\";i:1;s:4:\"cvID\";s:1:\"7\";}'),
(18,	12,	'2021-12-29 10:46:53',	'O:49:\"Concrete\\Core\\Workflow\\Request\\ApprovePageRequest\":11:{s:14:\"\0*\0wrStatusNum\";i:30;s:62:\"\0Concrete\\Core\\Workflow\\Request\\ApprovePageRequest\0isScheduled\";b:0;s:64:\"\0Concrete\\Core\\Workflow\\Request\\ApprovePageRequest\0cvPublishDate\";N;s:67:\"\0Concrete\\Core\\Workflow\\Request\\ApprovePageRequest\0cvPublishEndDate\";N;s:12:\"\0*\0currentWP\";N;s:6:\"\0*\0uID\";s:1:\"1\";s:7:\"\0*\0wrID\";s:2:\"18\";s:5:\"error\";s:0:\"\";s:4:\"pkID\";i:14;s:3:\"cID\";i:1;s:4:\"cvID\";s:1:\"8\";}'),
(19,	13,	'2021-12-29 10:50:47',	'O:49:\"Concrete\\Core\\Workflow\\Request\\ApprovePageRequest\":11:{s:14:\"\0*\0wrStatusNum\";i:30;s:62:\"\0Concrete\\Core\\Workflow\\Request\\ApprovePageRequest\0isScheduled\";b:0;s:64:\"\0Concrete\\Core\\Workflow\\Request\\ApprovePageRequest\0cvPublishDate\";N;s:67:\"\0Concrete\\Core\\Workflow\\Request\\ApprovePageRequest\0cvPublishEndDate\";N;s:12:\"\0*\0currentWP\";N;s:6:\"\0*\0uID\";s:1:\"1\";s:7:\"\0*\0wrID\";s:2:\"19\";s:5:\"error\";s:0:\"\";s:4:\"pkID\";i:14;s:3:\"cID\";i:1;s:4:\"cvID\";s:1:\"9\";}'),
(20,	14,	'2021-12-29 11:03:48',	'O:49:\"Concrete\\Core\\Workflow\\Request\\ApprovePageRequest\":11:{s:14:\"\0*\0wrStatusNum\";i:30;s:62:\"\0Concrete\\Core\\Workflow\\Request\\ApprovePageRequest\0isScheduled\";b:0;s:64:\"\0Concrete\\Core\\Workflow\\Request\\ApprovePageRequest\0cvPublishDate\";N;s:67:\"\0Concrete\\Core\\Workflow\\Request\\ApprovePageRequest\0cvPublishEndDate\";N;s:12:\"\0*\0currentWP\";N;s:6:\"\0*\0uID\";s:1:\"1\";s:7:\"\0*\0wrID\";s:2:\"20\";s:5:\"error\";s:0:\"\";s:4:\"pkID\";i:14;s:3:\"cID\";i:1;s:4:\"cvID\";s:2:\"10\";}'),
(21,	15,	'2021-12-29 11:08:31',	'O:49:\"Concrete\\Core\\Workflow\\Request\\ApprovePageRequest\":11:{s:14:\"\0*\0wrStatusNum\";i:30;s:62:\"\0Concrete\\Core\\Workflow\\Request\\ApprovePageRequest\0isScheduled\";b:0;s:64:\"\0Concrete\\Core\\Workflow\\Request\\ApprovePageRequest\0cvPublishDate\";N;s:67:\"\0Concrete\\Core\\Workflow\\Request\\ApprovePageRequest\0cvPublishEndDate\";N;s:12:\"\0*\0currentWP\";N;s:6:\"\0*\0uID\";s:1:\"1\";s:7:\"\0*\0wrID\";s:2:\"21\";s:5:\"error\";s:0:\"\";s:4:\"pkID\";i:14;s:3:\"cID\";i:1;s:4:\"cvID\";s:2:\"11\";}'),
(22,	16,	'2021-12-29 11:09:43',	'O:49:\"Concrete\\Core\\Workflow\\Request\\ApprovePageRequest\":11:{s:14:\"\0*\0wrStatusNum\";i:30;s:62:\"\0Concrete\\Core\\Workflow\\Request\\ApprovePageRequest\0isScheduled\";b:0;s:64:\"\0Concrete\\Core\\Workflow\\Request\\ApprovePageRequest\0cvPublishDate\";N;s:67:\"\0Concrete\\Core\\Workflow\\Request\\ApprovePageRequest\0cvPublishEndDate\";N;s:12:\"\0*\0currentWP\";N;s:6:\"\0*\0uID\";s:1:\"1\";s:7:\"\0*\0wrID\";s:2:\"22\";s:5:\"error\";s:0:\"\";s:4:\"pkID\";i:14;s:3:\"cID\";i:1;s:4:\"cvID\";s:2:\"10\";}'),
(23,	17,	'2021-12-29 11:48:19',	'O:49:\"Concrete\\Core\\Workflow\\Request\\ApprovePageRequest\":11:{s:14:\"\0*\0wrStatusNum\";i:30;s:62:\"\0Concrete\\Core\\Workflow\\Request\\ApprovePageRequest\0isScheduled\";b:0;s:64:\"\0Concrete\\Core\\Workflow\\Request\\ApprovePageRequest\0cvPublishDate\";N;s:67:\"\0Concrete\\Core\\Workflow\\Request\\ApprovePageRequest\0cvPublishEndDate\";N;s:12:\"\0*\0currentWP\";N;s:6:\"\0*\0uID\";s:1:\"1\";s:7:\"\0*\0wrID\";s:2:\"23\";s:5:\"error\";s:0:\"\";s:4:\"pkID\";i:14;s:3:\"cID\";i:1;s:4:\"cvID\";s:2:\"11\";}'),
(24,	18,	'2021-12-29 12:24:16',	'O:49:\"Concrete\\Core\\Workflow\\Request\\ApprovePageRequest\":11:{s:14:\"\0*\0wrStatusNum\";i:30;s:62:\"\0Concrete\\Core\\Workflow\\Request\\ApprovePageRequest\0isScheduled\";b:0;s:64:\"\0Concrete\\Core\\Workflow\\Request\\ApprovePageRequest\0cvPublishDate\";N;s:67:\"\0Concrete\\Core\\Workflow\\Request\\ApprovePageRequest\0cvPublishEndDate\";N;s:12:\"\0*\0currentWP\";N;s:6:\"\0*\0uID\";s:1:\"1\";s:7:\"\0*\0wrID\";s:2:\"24\";s:5:\"error\";s:0:\"\";s:4:\"pkID\";i:14;s:3:\"cID\";i:1;s:4:\"cvID\";s:2:\"12\";}'),
(25,	19,	'2021-12-29 12:39:40',	'O:49:\"Concrete\\Core\\Workflow\\Request\\ApprovePageRequest\":11:{s:14:\"\0*\0wrStatusNum\";i:30;s:62:\"\0Concrete\\Core\\Workflow\\Request\\ApprovePageRequest\0isScheduled\";b:0;s:64:\"\0Concrete\\Core\\Workflow\\Request\\ApprovePageRequest\0cvPublishDate\";N;s:67:\"\0Concrete\\Core\\Workflow\\Request\\ApprovePageRequest\0cvPublishEndDate\";N;s:12:\"\0*\0currentWP\";N;s:6:\"\0*\0uID\";s:1:\"1\";s:7:\"\0*\0wrID\";s:2:\"25\";s:5:\"error\";s:0:\"\";s:4:\"pkID\";i:14;s:3:\"cID\";i:202;s:4:\"cvID\";s:2:\"13\";}'),
(26,	20,	'2021-12-29 13:10:33',	'O:49:\"Concrete\\Core\\Workflow\\Request\\ApprovePageRequest\":11:{s:14:\"\0*\0wrStatusNum\";i:30;s:62:\"\0Concrete\\Core\\Workflow\\Request\\ApprovePageRequest\0isScheduled\";b:0;s:64:\"\0Concrete\\Core\\Workflow\\Request\\ApprovePageRequest\0cvPublishDate\";N;s:67:\"\0Concrete\\Core\\Workflow\\Request\\ApprovePageRequest\0cvPublishEndDate\";N;s:12:\"\0*\0currentWP\";N;s:6:\"\0*\0uID\";s:1:\"1\";s:7:\"\0*\0wrID\";s:2:\"26\";s:5:\"error\";s:0:\"\";s:4:\"pkID\";i:14;s:3:\"cID\";i:1;s:4:\"cvID\";s:2:\"13\";}'),
(27,	21,	'2021-12-29 13:26:49',	'O:49:\"Concrete\\Core\\Workflow\\Request\\ApprovePageRequest\":11:{s:14:\"\0*\0wrStatusNum\";i:30;s:62:\"\0Concrete\\Core\\Workflow\\Request\\ApprovePageRequest\0isScheduled\";b:0;s:64:\"\0Concrete\\Core\\Workflow\\Request\\ApprovePageRequest\0cvPublishDate\";N;s:67:\"\0Concrete\\Core\\Workflow\\Request\\ApprovePageRequest\0cvPublishEndDate\";N;s:12:\"\0*\0currentWP\";N;s:6:\"\0*\0uID\";s:1:\"1\";s:7:\"\0*\0wrID\";s:2:\"27\";s:5:\"error\";s:0:\"\";s:4:\"pkID\";i:14;s:3:\"cID\";i:1;s:4:\"cvID\";s:2:\"14\";}'),
(28,	22,	'2021-12-29 13:27:26',	'O:49:\"Concrete\\Core\\Workflow\\Request\\ApprovePageRequest\":11:{s:14:\"\0*\0wrStatusNum\";i:30;s:62:\"\0Concrete\\Core\\Workflow\\Request\\ApprovePageRequest\0isScheduled\";b:0;s:64:\"\0Concrete\\Core\\Workflow\\Request\\ApprovePageRequest\0cvPublishDate\";N;s:67:\"\0Concrete\\Core\\Workflow\\Request\\ApprovePageRequest\0cvPublishEndDate\";N;s:12:\"\0*\0currentWP\";N;s:6:\"\0*\0uID\";s:1:\"1\";s:7:\"\0*\0wrID\";s:2:\"28\";s:5:\"error\";s:0:\"\";s:4:\"pkID\";i:14;s:3:\"cID\";i:1;s:4:\"cvID\";s:2:\"15\";}'),
(29,	23,	'2021-12-29 13:31:32',	'O:49:\"Concrete\\Core\\Workflow\\Request\\ApprovePageRequest\":11:{s:14:\"\0*\0wrStatusNum\";i:30;s:62:\"\0Concrete\\Core\\Workflow\\Request\\ApprovePageRequest\0isScheduled\";b:0;s:64:\"\0Concrete\\Core\\Workflow\\Request\\ApprovePageRequest\0cvPublishDate\";N;s:67:\"\0Concrete\\Core\\Workflow\\Request\\ApprovePageRequest\0cvPublishEndDate\";N;s:12:\"\0*\0currentWP\";N;s:6:\"\0*\0uID\";s:1:\"1\";s:7:\"\0*\0wrID\";s:2:\"29\";s:5:\"error\";s:0:\"\";s:4:\"pkID\";i:14;s:3:\"cID\";i:1;s:4:\"cvID\";s:2:\"16\";}'),
(30,	24,	'2021-12-29 13:41:11',	'O:49:\"Concrete\\Core\\Workflow\\Request\\ApprovePageRequest\":11:{s:14:\"\0*\0wrStatusNum\";i:30;s:62:\"\0Concrete\\Core\\Workflow\\Request\\ApprovePageRequest\0isScheduled\";b:0;s:64:\"\0Concrete\\Core\\Workflow\\Request\\ApprovePageRequest\0cvPublishDate\";N;s:67:\"\0Concrete\\Core\\Workflow\\Request\\ApprovePageRequest\0cvPublishEndDate\";N;s:12:\"\0*\0currentWP\";N;s:6:\"\0*\0uID\";s:1:\"1\";s:7:\"\0*\0wrID\";s:2:\"30\";s:5:\"error\";s:0:\"\";s:4:\"pkID\";i:14;s:3:\"cID\";i:1;s:4:\"cvID\";s:2:\"17\";}'),
(31,	25,	'2021-12-29 13:55:13',	'O:49:\"Concrete\\Core\\Workflow\\Request\\ApprovePageRequest\":11:{s:14:\"\0*\0wrStatusNum\";i:30;s:62:\"\0Concrete\\Core\\Workflow\\Request\\ApprovePageRequest\0isScheduled\";b:0;s:64:\"\0Concrete\\Core\\Workflow\\Request\\ApprovePageRequest\0cvPublishDate\";N;s:67:\"\0Concrete\\Core\\Workflow\\Request\\ApprovePageRequest\0cvPublishEndDate\";N;s:12:\"\0*\0currentWP\";N;s:6:\"\0*\0uID\";s:1:\"1\";s:7:\"\0*\0wrID\";s:2:\"31\";s:5:\"error\";s:0:\"\";s:4:\"pkID\";i:14;s:3:\"cID\";i:1;s:4:\"cvID\";s:2:\"18\";}'),
(32,	26,	'2021-12-30 07:09:48',	'O:49:\"Concrete\\Core\\Workflow\\Request\\ApprovePageRequest\":11:{s:14:\"\0*\0wrStatusNum\";i:30;s:62:\"\0Concrete\\Core\\Workflow\\Request\\ApprovePageRequest\0isScheduled\";b:0;s:64:\"\0Concrete\\Core\\Workflow\\Request\\ApprovePageRequest\0cvPublishDate\";N;s:67:\"\0Concrete\\Core\\Workflow\\Request\\ApprovePageRequest\0cvPublishEndDate\";N;s:12:\"\0*\0currentWP\";N;s:6:\"\0*\0uID\";s:1:\"1\";s:7:\"\0*\0wrID\";s:2:\"32\";s:5:\"error\";s:0:\"\";s:4:\"pkID\";i:14;s:3:\"cID\";i:1;s:4:\"cvID\";s:2:\"19\";}'),
(33,	27,	'2021-12-30 07:11:13',	'O:49:\"Concrete\\Core\\Workflow\\Request\\ApprovePageRequest\":11:{s:14:\"\0*\0wrStatusNum\";i:30;s:62:\"\0Concrete\\Core\\Workflow\\Request\\ApprovePageRequest\0isScheduled\";b:0;s:64:\"\0Concrete\\Core\\Workflow\\Request\\ApprovePageRequest\0cvPublishDate\";N;s:67:\"\0Concrete\\Core\\Workflow\\Request\\ApprovePageRequest\0cvPublishEndDate\";N;s:12:\"\0*\0currentWP\";N;s:6:\"\0*\0uID\";s:1:\"1\";s:7:\"\0*\0wrID\";s:2:\"33\";s:5:\"error\";s:0:\"\";s:4:\"pkID\";i:14;s:3:\"cID\";i:1;s:4:\"cvID\";s:2:\"20\";}'),
(34,	28,	'2021-12-30 08:07:48',	'O:49:\"Concrete\\Core\\Workflow\\Request\\ApprovePageRequest\":11:{s:14:\"\0*\0wrStatusNum\";i:30;s:62:\"\0Concrete\\Core\\Workflow\\Request\\ApprovePageRequest\0isScheduled\";b:0;s:64:\"\0Concrete\\Core\\Workflow\\Request\\ApprovePageRequest\0cvPublishDate\";N;s:67:\"\0Concrete\\Core\\Workflow\\Request\\ApprovePageRequest\0cvPublishEndDate\";N;s:12:\"\0*\0currentWP\";N;s:6:\"\0*\0uID\";s:1:\"1\";s:7:\"\0*\0wrID\";s:2:\"34\";s:5:\"error\";s:0:\"\";s:4:\"pkID\";i:14;s:3:\"cID\";i:1;s:4:\"cvID\";s:2:\"21\";}'),
(35,	29,	'2021-12-30 08:13:59',	'O:49:\"Concrete\\Core\\Workflow\\Request\\ApprovePageRequest\":11:{s:14:\"\0*\0wrStatusNum\";i:30;s:62:\"\0Concrete\\Core\\Workflow\\Request\\ApprovePageRequest\0isScheduled\";b:0;s:64:\"\0Concrete\\Core\\Workflow\\Request\\ApprovePageRequest\0cvPublishDate\";N;s:67:\"\0Concrete\\Core\\Workflow\\Request\\ApprovePageRequest\0cvPublishEndDate\";N;s:12:\"\0*\0currentWP\";N;s:6:\"\0*\0uID\";s:1:\"1\";s:7:\"\0*\0wrID\";s:2:\"35\";s:5:\"error\";s:0:\"\";s:4:\"pkID\";i:14;s:3:\"cID\";i:214;s:4:\"cvID\";s:1:\"3\";}'),
(36,	30,	'2021-12-30 08:16:20',	'O:49:\"Concrete\\Core\\Workflow\\Request\\ApprovePageRequest\":11:{s:14:\"\0*\0wrStatusNum\";i:30;s:62:\"\0Concrete\\Core\\Workflow\\Request\\ApprovePageRequest\0isScheduled\";b:0;s:64:\"\0Concrete\\Core\\Workflow\\Request\\ApprovePageRequest\0cvPublishDate\";N;s:67:\"\0Concrete\\Core\\Workflow\\Request\\ApprovePageRequest\0cvPublishEndDate\";N;s:12:\"\0*\0currentWP\";N;s:6:\"\0*\0uID\";s:1:\"1\";s:7:\"\0*\0wrID\";s:2:\"36\";s:5:\"error\";s:0:\"\";s:4:\"pkID\";i:14;s:3:\"cID\";i:214;s:4:\"cvID\";s:1:\"4\";}'),
(37,	31,	'2021-12-30 08:49:14',	'O:49:\"Concrete\\Core\\Workflow\\Request\\ApprovePageRequest\":11:{s:14:\"\0*\0wrStatusNum\";i:30;s:62:\"\0Concrete\\Core\\Workflow\\Request\\ApprovePageRequest\0isScheduled\";b:0;s:64:\"\0Concrete\\Core\\Workflow\\Request\\ApprovePageRequest\0cvPublishDate\";N;s:67:\"\0Concrete\\Core\\Workflow\\Request\\ApprovePageRequest\0cvPublishEndDate\";N;s:12:\"\0*\0currentWP\";N;s:6:\"\0*\0uID\";s:1:\"1\";s:7:\"\0*\0wrID\";s:2:\"37\";s:5:\"error\";s:0:\"\";s:4:\"pkID\";i:14;s:3:\"cID\";i:214;s:4:\"cvID\";s:1:\"5\";}'),
(38,	32,	'2021-12-30 09:08:00',	'O:49:\"Concrete\\Core\\Workflow\\Request\\ApprovePageRequest\":11:{s:14:\"\0*\0wrStatusNum\";i:30;s:62:\"\0Concrete\\Core\\Workflow\\Request\\ApprovePageRequest\0isScheduled\";b:0;s:64:\"\0Concrete\\Core\\Workflow\\Request\\ApprovePageRequest\0cvPublishDate\";N;s:67:\"\0Concrete\\Core\\Workflow\\Request\\ApprovePageRequest\0cvPublishEndDate\";N;s:12:\"\0*\0currentWP\";N;s:6:\"\0*\0uID\";s:1:\"1\";s:7:\"\0*\0wrID\";s:2:\"38\";s:5:\"error\";s:0:\"\";s:4:\"pkID\";i:14;s:3:\"cID\";i:214;s:4:\"cvID\";s:1:\"6\";}'),
(39,	33,	'2021-12-30 11:03:33',	'O:49:\"Concrete\\Core\\Workflow\\Request\\ApprovePageRequest\":11:{s:14:\"\0*\0wrStatusNum\";i:30;s:62:\"\0Concrete\\Core\\Workflow\\Request\\ApprovePageRequest\0isScheduled\";b:0;s:64:\"\0Concrete\\Core\\Workflow\\Request\\ApprovePageRequest\0cvPublishDate\";N;s:67:\"\0Concrete\\Core\\Workflow\\Request\\ApprovePageRequest\0cvPublishEndDate\";N;s:12:\"\0*\0currentWP\";N;s:6:\"\0*\0uID\";s:1:\"1\";s:7:\"\0*\0wrID\";s:2:\"39\";s:5:\"error\";s:0:\"\";s:4:\"pkID\";i:14;s:3:\"cID\";i:214;s:4:\"cvID\";s:1:\"7\";}'),
(40,	34,	'2021-12-30 11:05:02',	'O:49:\"Concrete\\Core\\Workflow\\Request\\ApprovePageRequest\":11:{s:14:\"\0*\0wrStatusNum\";i:30;s:62:\"\0Concrete\\Core\\Workflow\\Request\\ApprovePageRequest\0isScheduled\";b:0;s:64:\"\0Concrete\\Core\\Workflow\\Request\\ApprovePageRequest\0cvPublishDate\";N;s:67:\"\0Concrete\\Core\\Workflow\\Request\\ApprovePageRequest\0cvPublishEndDate\";N;s:12:\"\0*\0currentWP\";N;s:6:\"\0*\0uID\";s:1:\"1\";s:7:\"\0*\0wrID\";s:2:\"40\";s:5:\"error\";s:0:\"\";s:4:\"pkID\";i:14;s:3:\"cID\";i:214;s:4:\"cvID\";s:1:\"8\";}'),
(41,	35,	'2021-12-30 11:11:05',	'O:49:\"Concrete\\Core\\Workflow\\Request\\ApprovePageRequest\":11:{s:14:\"\0*\0wrStatusNum\";i:30;s:62:\"\0Concrete\\Core\\Workflow\\Request\\ApprovePageRequest\0isScheduled\";b:0;s:64:\"\0Concrete\\Core\\Workflow\\Request\\ApprovePageRequest\0cvPublishDate\";N;s:67:\"\0Concrete\\Core\\Workflow\\Request\\ApprovePageRequest\0cvPublishEndDate\";N;s:12:\"\0*\0currentWP\";N;s:6:\"\0*\0uID\";s:1:\"1\";s:7:\"\0*\0wrID\";s:2:\"41\";s:5:\"error\";s:0:\"\";s:4:\"pkID\";i:14;s:3:\"cID\";i:214;s:4:\"cvID\";s:1:\"9\";}'),
(42,	36,	'2021-12-30 11:13:38',	'O:49:\"Concrete\\Core\\Workflow\\Request\\ApprovePageRequest\":11:{s:14:\"\0*\0wrStatusNum\";i:30;s:62:\"\0Concrete\\Core\\Workflow\\Request\\ApprovePageRequest\0isScheduled\";b:0;s:64:\"\0Concrete\\Core\\Workflow\\Request\\ApprovePageRequest\0cvPublishDate\";N;s:67:\"\0Concrete\\Core\\Workflow\\Request\\ApprovePageRequest\0cvPublishEndDate\";N;s:12:\"\0*\0currentWP\";N;s:6:\"\0*\0uID\";s:1:\"1\";s:7:\"\0*\0wrID\";s:2:\"42\";s:5:\"error\";s:0:\"\";s:4:\"pkID\";i:14;s:3:\"cID\";i:214;s:4:\"cvID\";s:2:\"10\";}'),
(43,	37,	'2021-12-30 11:19:51',	'O:49:\"Concrete\\Core\\Workflow\\Request\\ApprovePageRequest\":11:{s:14:\"\0*\0wrStatusNum\";i:30;s:62:\"\0Concrete\\Core\\Workflow\\Request\\ApprovePageRequest\0isScheduled\";b:0;s:64:\"\0Concrete\\Core\\Workflow\\Request\\ApprovePageRequest\0cvPublishDate\";N;s:67:\"\0Concrete\\Core\\Workflow\\Request\\ApprovePageRequest\0cvPublishEndDate\";N;s:12:\"\0*\0currentWP\";N;s:6:\"\0*\0uID\";s:1:\"1\";s:7:\"\0*\0wrID\";s:2:\"43\";s:5:\"error\";s:0:\"\";s:4:\"pkID\";i:14;s:3:\"cID\";i:214;s:4:\"cvID\";s:2:\"11\";}'),
(44,	38,	'2021-12-30 11:44:41',	'O:49:\"Concrete\\Core\\Workflow\\Request\\ApprovePageRequest\":11:{s:14:\"\0*\0wrStatusNum\";i:30;s:62:\"\0Concrete\\Core\\Workflow\\Request\\ApprovePageRequest\0isScheduled\";b:0;s:64:\"\0Concrete\\Core\\Workflow\\Request\\ApprovePageRequest\0cvPublishDate\";N;s:67:\"\0Concrete\\Core\\Workflow\\Request\\ApprovePageRequest\0cvPublishEndDate\";N;s:12:\"\0*\0currentWP\";N;s:6:\"\0*\0uID\";s:1:\"1\";s:7:\"\0*\0wrID\";s:2:\"44\";s:5:\"error\";s:0:\"\";s:4:\"pkID\";i:14;s:3:\"cID\";i:214;s:4:\"cvID\";s:2:\"12\";}'),
(45,	39,	'2021-12-30 12:14:24',	'O:49:\"Concrete\\Core\\Workflow\\Request\\ApprovePageRequest\":11:{s:14:\"\0*\0wrStatusNum\";i:30;s:62:\"\0Concrete\\Core\\Workflow\\Request\\ApprovePageRequest\0isScheduled\";b:0;s:64:\"\0Concrete\\Core\\Workflow\\Request\\ApprovePageRequest\0cvPublishDate\";N;s:67:\"\0Concrete\\Core\\Workflow\\Request\\ApprovePageRequest\0cvPublishEndDate\";N;s:12:\"\0*\0currentWP\";N;s:6:\"\0*\0uID\";s:1:\"1\";s:7:\"\0*\0wrID\";s:2:\"45\";s:5:\"error\";s:0:\"\";s:4:\"pkID\";i:14;s:3:\"cID\";i:230;s:4:\"cvID\";s:1:\"1\";}'),
(46,	40,	'2021-12-30 13:21:46',	'O:49:\"Concrete\\Core\\Workflow\\Request\\ApprovePageRequest\":11:{s:14:\"\0*\0wrStatusNum\";i:30;s:62:\"\0Concrete\\Core\\Workflow\\Request\\ApprovePageRequest\0isScheduled\";b:0;s:64:\"\0Concrete\\Core\\Workflow\\Request\\ApprovePageRequest\0cvPublishDate\";N;s:67:\"\0Concrete\\Core\\Workflow\\Request\\ApprovePageRequest\0cvPublishEndDate\";N;s:12:\"\0*\0currentWP\";N;s:6:\"\0*\0uID\";s:1:\"1\";s:7:\"\0*\0wrID\";s:2:\"46\";s:5:\"error\";s:0:\"\";s:4:\"pkID\";i:14;s:3:\"cID\";i:230;s:4:\"cvID\";s:1:\"2\";}'),
(47,	41,	'2021-12-30 13:25:55',	'O:49:\"Concrete\\Core\\Workflow\\Request\\ApprovePageRequest\":11:{s:14:\"\0*\0wrStatusNum\";i:30;s:62:\"\0Concrete\\Core\\Workflow\\Request\\ApprovePageRequest\0isScheduled\";b:0;s:64:\"\0Concrete\\Core\\Workflow\\Request\\ApprovePageRequest\0cvPublishDate\";N;s:67:\"\0Concrete\\Core\\Workflow\\Request\\ApprovePageRequest\0cvPublishEndDate\";N;s:12:\"\0*\0currentWP\";N;s:6:\"\0*\0uID\";s:1:\"1\";s:7:\"\0*\0wrID\";s:2:\"47\";s:5:\"error\";s:0:\"\";s:4:\"pkID\";i:14;s:3:\"cID\";i:231;s:4:\"cvID\";s:1:\"1\";}'),
(48,	42,	'2021-12-30 13:30:41',	'O:49:\"Concrete\\Core\\Workflow\\Request\\ApprovePageRequest\":11:{s:14:\"\0*\0wrStatusNum\";i:30;s:62:\"\0Concrete\\Core\\Workflow\\Request\\ApprovePageRequest\0isScheduled\";b:0;s:64:\"\0Concrete\\Core\\Workflow\\Request\\ApprovePageRequest\0cvPublishDate\";N;s:67:\"\0Concrete\\Core\\Workflow\\Request\\ApprovePageRequest\0cvPublishEndDate\";N;s:12:\"\0*\0currentWP\";N;s:6:\"\0*\0uID\";s:1:\"1\";s:7:\"\0*\0wrID\";s:2:\"48\";s:5:\"error\";s:0:\"\";s:4:\"pkID\";i:14;s:3:\"cID\";i:231;s:4:\"cvID\";s:1:\"2\";}'),
(49,	43,	'2022-01-01 08:17:02',	'O:49:\"Concrete\\Core\\Workflow\\Request\\ApprovePageRequest\":11:{s:14:\"\0*\0wrStatusNum\";i:30;s:62:\"\0Concrete\\Core\\Workflow\\Request\\ApprovePageRequest\0isScheduled\";b:0;s:64:\"\0Concrete\\Core\\Workflow\\Request\\ApprovePageRequest\0cvPublishDate\";N;s:67:\"\0Concrete\\Core\\Workflow\\Request\\ApprovePageRequest\0cvPublishEndDate\";N;s:12:\"\0*\0currentWP\";N;s:6:\"\0*\0uID\";s:1:\"1\";s:7:\"\0*\0wrID\";s:2:\"49\";s:5:\"error\";s:0:\"\";s:4:\"pkID\";i:14;s:3:\"cID\";i:230;s:4:\"cvID\";s:1:\"3\";}'),
(50,	44,	'2022-01-01 09:01:17',	'O:49:\"Concrete\\Core\\Workflow\\Request\\ApprovePageRequest\":11:{s:14:\"\0*\0wrStatusNum\";i:30;s:62:\"\0Concrete\\Core\\Workflow\\Request\\ApprovePageRequest\0isScheduled\";b:0;s:64:\"\0Concrete\\Core\\Workflow\\Request\\ApprovePageRequest\0cvPublishDate\";N;s:67:\"\0Concrete\\Core\\Workflow\\Request\\ApprovePageRequest\0cvPublishEndDate\";N;s:12:\"\0*\0currentWP\";N;s:6:\"\0*\0uID\";s:1:\"1\";s:7:\"\0*\0wrID\";s:2:\"50\";s:5:\"error\";s:0:\"\";s:4:\"pkID\";i:14;s:3:\"cID\";i:230;s:4:\"cvID\";s:1:\"4\";}'),
(51,	45,	'2022-01-01 09:13:48',	'O:49:\"Concrete\\Core\\Workflow\\Request\\ApprovePageRequest\":11:{s:14:\"\0*\0wrStatusNum\";i:30;s:62:\"\0Concrete\\Core\\Workflow\\Request\\ApprovePageRequest\0isScheduled\";b:0;s:64:\"\0Concrete\\Core\\Workflow\\Request\\ApprovePageRequest\0cvPublishDate\";N;s:67:\"\0Concrete\\Core\\Workflow\\Request\\ApprovePageRequest\0cvPublishEndDate\";N;s:12:\"\0*\0currentWP\";N;s:6:\"\0*\0uID\";s:1:\"1\";s:7:\"\0*\0wrID\";s:2:\"51\";s:5:\"error\";s:0:\"\";s:4:\"pkID\";i:14;s:3:\"cID\";i:230;s:4:\"cvID\";s:1:\"5\";}'),
(52,	46,	'2022-01-01 09:17:40',	'O:49:\"Concrete\\Core\\Workflow\\Request\\ApprovePageRequest\":11:{s:14:\"\0*\0wrStatusNum\";i:30;s:62:\"\0Concrete\\Core\\Workflow\\Request\\ApprovePageRequest\0isScheduled\";b:0;s:64:\"\0Concrete\\Core\\Workflow\\Request\\ApprovePageRequest\0cvPublishDate\";N;s:67:\"\0Concrete\\Core\\Workflow\\Request\\ApprovePageRequest\0cvPublishEndDate\";N;s:12:\"\0*\0currentWP\";N;s:6:\"\0*\0uID\";s:1:\"1\";s:7:\"\0*\0wrID\";s:2:\"52\";s:5:\"error\";s:0:\"\";s:4:\"pkID\";i:14;s:3:\"cID\";i:230;s:4:\"cvID\";s:1:\"6\";}'),
(53,	47,	'2022-01-01 09:59:56',	'O:49:\"Concrete\\Core\\Workflow\\Request\\ApprovePageRequest\":11:{s:14:\"\0*\0wrStatusNum\";i:30;s:62:\"\0Concrete\\Core\\Workflow\\Request\\ApprovePageRequest\0isScheduled\";b:0;s:64:\"\0Concrete\\Core\\Workflow\\Request\\ApprovePageRequest\0cvPublishDate\";N;s:67:\"\0Concrete\\Core\\Workflow\\Request\\ApprovePageRequest\0cvPublishEndDate\";N;s:12:\"\0*\0currentWP\";N;s:6:\"\0*\0uID\";s:1:\"1\";s:7:\"\0*\0wrID\";s:2:\"53\";s:5:\"error\";s:0:\"\";s:4:\"pkID\";i:14;s:3:\"cID\";i:230;s:4:\"cvID\";s:1:\"7\";}'),
(54,	48,	'2022-01-01 10:04:20',	'O:49:\"Concrete\\Core\\Workflow\\Request\\ApprovePageRequest\":11:{s:14:\"\0*\0wrStatusNum\";i:30;s:62:\"\0Concrete\\Core\\Workflow\\Request\\ApprovePageRequest\0isScheduled\";b:0;s:64:\"\0Concrete\\Core\\Workflow\\Request\\ApprovePageRequest\0cvPublishDate\";N;s:67:\"\0Concrete\\Core\\Workflow\\Request\\ApprovePageRequest\0cvPublishEndDate\";N;s:12:\"\0*\0currentWP\";N;s:6:\"\0*\0uID\";s:1:\"1\";s:7:\"\0*\0wrID\";s:2:\"54\";s:5:\"error\";s:0:\"\";s:4:\"pkID\";i:14;s:3:\"cID\";i:230;s:4:\"cvID\";s:1:\"8\";}'),
(55,	1,	'2022-01-04 08:41:25',	'O:49:\"Concrete\\Core\\Workflow\\Request\\ApprovePageRequest\":11:{s:14:\"\0*\0wrStatusNum\";i:30;s:62:\"\0Concrete\\Core\\Workflow\\Request\\ApprovePageRequest\0isScheduled\";b:0;s:64:\"\0Concrete\\Core\\Workflow\\Request\\ApprovePageRequest\0cvPublishDate\";N;s:67:\"\0Concrete\\Core\\Workflow\\Request\\ApprovePageRequest\0cvPublishEndDate\";N;s:12:\"\0*\0currentWP\";N;s:6:\"\0*\0uID\";s:1:\"1\";s:7:\"\0*\0wrID\";s:2:\"55\";s:5:\"error\";s:0:\"\";s:4:\"pkID\";i:14;s:3:\"cID\";i:230;s:4:\"cvID\";s:1:\"9\";}'),
(56,	2,	'2022-01-04 08:43:28',	'O:49:\"Concrete\\Core\\Workflow\\Request\\ApprovePageRequest\":11:{s:14:\"\0*\0wrStatusNum\";i:30;s:62:\"\0Concrete\\Core\\Workflow\\Request\\ApprovePageRequest\0isScheduled\";b:0;s:64:\"\0Concrete\\Core\\Workflow\\Request\\ApprovePageRequest\0cvPublishDate\";N;s:67:\"\0Concrete\\Core\\Workflow\\Request\\ApprovePageRequest\0cvPublishEndDate\";N;s:12:\"\0*\0currentWP\";N;s:6:\"\0*\0uID\";s:1:\"1\";s:7:\"\0*\0wrID\";s:2:\"56\";s:5:\"error\";s:0:\"\";s:4:\"pkID\";i:14;s:3:\"cID\";i:230;s:4:\"cvID\";s:2:\"10\";}'),
(57,	3,	'2022-01-04 08:45:29',	'O:49:\"Concrete\\Core\\Workflow\\Request\\ApprovePageRequest\":11:{s:14:\"\0*\0wrStatusNum\";i:30;s:62:\"\0Concrete\\Core\\Workflow\\Request\\ApprovePageRequest\0isScheduled\";b:0;s:64:\"\0Concrete\\Core\\Workflow\\Request\\ApprovePageRequest\0cvPublishDate\";N;s:67:\"\0Concrete\\Core\\Workflow\\Request\\ApprovePageRequest\0cvPublishEndDate\";N;s:12:\"\0*\0currentWP\";N;s:6:\"\0*\0uID\";s:1:\"1\";s:7:\"\0*\0wrID\";s:2:\"57\";s:5:\"error\";s:0:\"\";s:4:\"pkID\";i:14;s:3:\"cID\";i:230;s:4:\"cvID\";s:2:\"11\";}'),
(58,	4,	'2022-01-04 09:48:48',	'O:49:\"Concrete\\Core\\Workflow\\Request\\ApprovePageRequest\":11:{s:14:\"\0*\0wrStatusNum\";i:30;s:62:\"\0Concrete\\Core\\Workflow\\Request\\ApprovePageRequest\0isScheduled\";b:0;s:64:\"\0Concrete\\Core\\Workflow\\Request\\ApprovePageRequest\0cvPublishDate\";N;s:67:\"\0Concrete\\Core\\Workflow\\Request\\ApprovePageRequest\0cvPublishEndDate\";N;s:12:\"\0*\0currentWP\";N;s:6:\"\0*\0uID\";s:1:\"1\";s:7:\"\0*\0wrID\";s:2:\"58\";s:5:\"error\";s:0:\"\";s:4:\"pkID\";i:14;s:3:\"cID\";i:230;s:4:\"cvID\";s:2:\"12\";}'),
(59,	5,	'2022-01-04 09:50:53',	'O:49:\"Concrete\\Core\\Workflow\\Request\\ApprovePageRequest\":11:{s:14:\"\0*\0wrStatusNum\";i:30;s:62:\"\0Concrete\\Core\\Workflow\\Request\\ApprovePageRequest\0isScheduled\";b:0;s:64:\"\0Concrete\\Core\\Workflow\\Request\\ApprovePageRequest\0cvPublishDate\";N;s:67:\"\0Concrete\\Core\\Workflow\\Request\\ApprovePageRequest\0cvPublishEndDate\";N;s:12:\"\0*\0currentWP\";N;s:6:\"\0*\0uID\";s:1:\"1\";s:7:\"\0*\0wrID\";s:2:\"59\";s:5:\"error\";s:0:\"\";s:4:\"pkID\";i:14;s:3:\"cID\";i:230;s:4:\"cvID\";s:2:\"13\";}'),
(60,	6,	'2022-01-04 10:05:26',	'O:49:\"Concrete\\Core\\Workflow\\Request\\ApprovePageRequest\":11:{s:14:\"\0*\0wrStatusNum\";i:30;s:62:\"\0Concrete\\Core\\Workflow\\Request\\ApprovePageRequest\0isScheduled\";b:0;s:64:\"\0Concrete\\Core\\Workflow\\Request\\ApprovePageRequest\0cvPublishDate\";N;s:67:\"\0Concrete\\Core\\Workflow\\Request\\ApprovePageRequest\0cvPublishEndDate\";N;s:12:\"\0*\0currentWP\";N;s:6:\"\0*\0uID\";s:1:\"1\";s:7:\"\0*\0wrID\";s:2:\"60\";s:5:\"error\";s:0:\"\";s:4:\"pkID\";i:14;s:3:\"cID\";i:230;s:4:\"cvID\";s:2:\"14\";}'),
(61,	7,	'2022-01-04 10:07:51',	'O:49:\"Concrete\\Core\\Workflow\\Request\\ApprovePageRequest\":11:{s:14:\"\0*\0wrStatusNum\";i:30;s:62:\"\0Concrete\\Core\\Workflow\\Request\\ApprovePageRequest\0isScheduled\";b:0;s:64:\"\0Concrete\\Core\\Workflow\\Request\\ApprovePageRequest\0cvPublishDate\";N;s:67:\"\0Concrete\\Core\\Workflow\\Request\\ApprovePageRequest\0cvPublishEndDate\";N;s:12:\"\0*\0currentWP\";N;s:6:\"\0*\0uID\";s:1:\"1\";s:7:\"\0*\0wrID\";s:2:\"61\";s:5:\"error\";s:0:\"\";s:4:\"pkID\";i:14;s:3:\"cID\";i:230;s:4:\"cvID\";s:2:\"15\";}'),
(62,	8,	'2022-01-04 10:46:04',	'O:49:\"Concrete\\Core\\Workflow\\Request\\ApprovePageRequest\":11:{s:14:\"\0*\0wrStatusNum\";i:30;s:62:\"\0Concrete\\Core\\Workflow\\Request\\ApprovePageRequest\0isScheduled\";b:0;s:64:\"\0Concrete\\Core\\Workflow\\Request\\ApprovePageRequest\0cvPublishDate\";N;s:67:\"\0Concrete\\Core\\Workflow\\Request\\ApprovePageRequest\0cvPublishEndDate\";N;s:12:\"\0*\0currentWP\";N;s:6:\"\0*\0uID\";s:1:\"1\";s:7:\"\0*\0wrID\";s:2:\"62\";s:5:\"error\";s:0:\"\";s:4:\"pkID\";i:14;s:3:\"cID\";i:230;s:4:\"cvID\";s:2:\"16\";}'),
(63,	9,	'2022-01-04 11:16:58',	'O:49:\"Concrete\\Core\\Workflow\\Request\\ApprovePageRequest\":11:{s:14:\"\0*\0wrStatusNum\";i:30;s:62:\"\0Concrete\\Core\\Workflow\\Request\\ApprovePageRequest\0isScheduled\";b:0;s:64:\"\0Concrete\\Core\\Workflow\\Request\\ApprovePageRequest\0cvPublishDate\";N;s:67:\"\0Concrete\\Core\\Workflow\\Request\\ApprovePageRequest\0cvPublishEndDate\";N;s:12:\"\0*\0currentWP\";N;s:6:\"\0*\0uID\";s:1:\"1\";s:7:\"\0*\0wrID\";s:2:\"63\";s:5:\"error\";s:0:\"\";s:4:\"pkID\";i:14;s:3:\"cID\";i:231;s:4:\"cvID\";s:1:\"3\";}'),
(64,	10,	'2022-01-04 11:34:27',	'O:49:\"Concrete\\Core\\Workflow\\Request\\ApprovePageRequest\":11:{s:14:\"\0*\0wrStatusNum\";i:30;s:62:\"\0Concrete\\Core\\Workflow\\Request\\ApprovePageRequest\0isScheduled\";b:0;s:64:\"\0Concrete\\Core\\Workflow\\Request\\ApprovePageRequest\0cvPublishDate\";N;s:67:\"\0Concrete\\Core\\Workflow\\Request\\ApprovePageRequest\0cvPublishEndDate\";N;s:12:\"\0*\0currentWP\";N;s:6:\"\0*\0uID\";s:1:\"1\";s:7:\"\0*\0wrID\";s:2:\"64\";s:5:\"error\";s:0:\"\";s:4:\"pkID\";i:14;s:3:\"cID\";i:231;s:4:\"cvID\";s:1:\"4\";}'),
(65,	11,	'2022-01-04 12:21:17',	'O:49:\"Concrete\\Core\\Workflow\\Request\\ApprovePageRequest\":11:{s:14:\"\0*\0wrStatusNum\";i:30;s:62:\"\0Concrete\\Core\\Workflow\\Request\\ApprovePageRequest\0isScheduled\";b:0;s:64:\"\0Concrete\\Core\\Workflow\\Request\\ApprovePageRequest\0cvPublishDate\";N;s:67:\"\0Concrete\\Core\\Workflow\\Request\\ApprovePageRequest\0cvPublishEndDate\";N;s:12:\"\0*\0currentWP\";N;s:6:\"\0*\0uID\";s:1:\"1\";s:7:\"\0*\0wrID\";s:2:\"65\";s:5:\"error\";s:0:\"\";s:4:\"pkID\";i:14;s:3:\"cID\";i:1;s:4:\"cvID\";s:2:\"22\";}'),
(66,	12,	'2022-01-04 12:42:57',	'O:49:\"Concrete\\Core\\Workflow\\Request\\ApprovePageRequest\":11:{s:14:\"\0*\0wrStatusNum\";i:30;s:62:\"\0Concrete\\Core\\Workflow\\Request\\ApprovePageRequest\0isScheduled\";b:0;s:64:\"\0Concrete\\Core\\Workflow\\Request\\ApprovePageRequest\0cvPublishDate\";N;s:67:\"\0Concrete\\Core\\Workflow\\Request\\ApprovePageRequest\0cvPublishEndDate\";N;s:12:\"\0*\0currentWP\";N;s:6:\"\0*\0uID\";s:1:\"1\";s:7:\"\0*\0wrID\";s:2:\"66\";s:5:\"error\";s:0:\"\";s:4:\"pkID\";i:14;s:3:\"cID\";i:214;s:4:\"cvID\";s:2:\"13\";}'),
(67,	13,	'2022-01-04 12:44:34',	'O:49:\"Concrete\\Core\\Workflow\\Request\\ApprovePageRequest\":11:{s:14:\"\0*\0wrStatusNum\";i:30;s:62:\"\0Concrete\\Core\\Workflow\\Request\\ApprovePageRequest\0isScheduled\";b:0;s:64:\"\0Concrete\\Core\\Workflow\\Request\\ApprovePageRequest\0cvPublishDate\";N;s:67:\"\0Concrete\\Core\\Workflow\\Request\\ApprovePageRequest\0cvPublishEndDate\";N;s:12:\"\0*\0currentWP\";N;s:6:\"\0*\0uID\";s:1:\"1\";s:7:\"\0*\0wrID\";s:2:\"67\";s:5:\"error\";s:0:\"\";s:4:\"pkID\";i:14;s:3:\"cID\";i:214;s:4:\"cvID\";s:2:\"14\";}');

DROP TABLE IF EXISTS `WorkflowProgressNotifications`;
CREATE TABLE `WorkflowProgressNotifications` (
  `wpID` int(10) unsigned NOT NULL,
  `nID` int(10) unsigned NOT NULL,
  PRIMARY KEY (`nID`),
  CONSTRAINT `FK_EC39CA81ED024EFD` FOREIGN KEY (`nID`) REFERENCES `Notifications` (`nID`) ON DELETE CASCADE
) ENGINE=InnoDB DEFAULT CHARSET=utf8mb4 COLLATE=utf8mb4_unicode_ci;


DROP TABLE IF EXISTS `WorkflowRequestObjects`;
CREATE TABLE `WorkflowRequestObjects` (
  `wrID` int(10) unsigned NOT NULL AUTO_INCREMENT,
  `wrObject` text COLLATE utf8mb4_unicode_ci,
  PRIMARY KEY (`wrID`)
) ENGINE=InnoDB DEFAULT CHARSET=utf8mb4 COLLATE=utf8mb4_unicode_ci;

INSERT INTO `WorkflowRequestObjects` (`wrID`, `wrObject`) VALUES
(1,	'O:49:\"Concrete\\Core\\Workflow\\Request\\ApprovePageRequest\":11:{s:14:\"\0*\0wrStatusNum\";i:30;s:62:\"\0Concrete\\Core\\Workflow\\Request\\ApprovePageRequest\0isScheduled\";b:0;s:64:\"\0Concrete\\Core\\Workflow\\Request\\ApprovePageRequest\0cvPublishDate\";N;s:67:\"\0Concrete\\Core\\Workflow\\Request\\ApprovePageRequest\0cvPublishEndDate\";N;s:12:\"\0*\0currentWP\";N;s:6:\"\0*\0uID\";s:1:\"1\";s:7:\"\0*\0wrID\";s:1:\"1\";s:5:\"error\";s:0:\"\";s:4:\"pkID\";i:14;s:3:\"cID\";i:1;s:4:\"cvID\";s:1:\"2\";}'),
(2,	'O:49:\"Concrete\\Core\\Workflow\\Request\\ApprovePageRequest\":11:{s:14:\"\0*\0wrStatusNum\";i:30;s:62:\"\0Concrete\\Core\\Workflow\\Request\\ApprovePageRequest\0isScheduled\";b:0;s:64:\"\0Concrete\\Core\\Workflow\\Request\\ApprovePageRequest\0cvPublishDate\";N;s:67:\"\0Concrete\\Core\\Workflow\\Request\\ApprovePageRequest\0cvPublishEndDate\";N;s:12:\"\0*\0currentWP\";N;s:6:\"\0*\0uID\";s:1:\"1\";s:7:\"\0*\0wrID\";s:1:\"2\";s:5:\"error\";s:0:\"\";s:4:\"pkID\";i:14;s:3:\"cID\";i:214;s:4:\"cvID\";s:1:\"2\";}'),
(3,	'O:48:\"Concrete\\Core\\Workflow\\Request\\DeletePageRequest\":7:{s:14:\"\0*\0wrStatusNum\";i:100;s:12:\"\0*\0currentWP\";N;s:6:\"\0*\0uID\";s:1:\"1\";s:7:\"\0*\0wrID\";s:1:\"3\";s:5:\"error\";s:0:\"\";s:4:\"pkID\";i:12;s:3:\"cID\";i:223;}'),
(4,	'O:49:\"Concrete\\Core\\Workflow\\Request\\ApprovePageRequest\":11:{s:14:\"\0*\0wrStatusNum\";i:30;s:62:\"\0Concrete\\Core\\Workflow\\Request\\ApprovePageRequest\0isScheduled\";b:0;s:64:\"\0Concrete\\Core\\Workflow\\Request\\ApprovePageRequest\0cvPublishDate\";N;s:67:\"\0Concrete\\Core\\Workflow\\Request\\ApprovePageRequest\0cvPublishEndDate\";N;s:12:\"\0*\0currentWP\";N;s:6:\"\0*\0uID\";s:1:\"1\";s:7:\"\0*\0wrID\";s:1:\"4\";s:5:\"error\";s:0:\"\";s:4:\"pkID\";i:14;s:3:\"cID\";i:202;s:4:\"cvID\";s:1:\"2\";}'),
(5,	'O:49:\"Concrete\\Core\\Workflow\\Request\\ApprovePageRequest\":11:{s:14:\"\0*\0wrStatusNum\";i:30;s:62:\"\0Concrete\\Core\\Workflow\\Request\\ApprovePageRequest\0isScheduled\";b:0;s:64:\"\0Concrete\\Core\\Workflow\\Request\\ApprovePageRequest\0cvPublishDate\";N;s:67:\"\0Concrete\\Core\\Workflow\\Request\\ApprovePageRequest\0cvPublishEndDate\";N;s:12:\"\0*\0currentWP\";N;s:6:\"\0*\0uID\";s:1:\"1\";s:7:\"\0*\0wrID\";s:1:\"5\";s:5:\"error\";s:0:\"\";s:4:\"pkID\";i:14;s:3:\"cID\";i:202;s:4:\"cvID\";s:1:\"5\";}'),
(6,	'O:49:\"Concrete\\Core\\Workflow\\Request\\ApprovePageRequest\":11:{s:14:\"\0*\0wrStatusNum\";i:30;s:62:\"\0Concrete\\Core\\Workflow\\Request\\ApprovePageRequest\0isScheduled\";b:0;s:64:\"\0Concrete\\Core\\Workflow\\Request\\ApprovePageRequest\0cvPublishDate\";N;s:67:\"\0Concrete\\Core\\Workflow\\Request\\ApprovePageRequest\0cvPublishEndDate\";N;s:12:\"\0*\0currentWP\";N;s:6:\"\0*\0uID\";s:1:\"1\";s:7:\"\0*\0wrID\";s:1:\"6\";s:5:\"error\";s:0:\"\";s:4:\"pkID\";i:14;s:3:\"cID\";i:202;s:4:\"cvID\";s:1:\"6\";}'),
(7,	'O:49:\"Concrete\\Core\\Workflow\\Request\\ApprovePageRequest\":11:{s:14:\"\0*\0wrStatusNum\";i:30;s:62:\"\0Concrete\\Core\\Workflow\\Request\\ApprovePageRequest\0isScheduled\";b:0;s:64:\"\0Concrete\\Core\\Workflow\\Request\\ApprovePageRequest\0cvPublishDate\";N;s:67:\"\0Concrete\\Core\\Workflow\\Request\\ApprovePageRequest\0cvPublishEndDate\";N;s:12:\"\0*\0currentWP\";N;s:6:\"\0*\0uID\";s:1:\"1\";s:7:\"\0*\0wrID\";s:1:\"7\";s:5:\"error\";s:0:\"\";s:4:\"pkID\";i:14;s:3:\"cID\";i:1;s:4:\"cvID\";s:1:\"3\";}'),
(8,	'O:49:\"Concrete\\Core\\Workflow\\Request\\ApprovePageRequest\":11:{s:14:\"\0*\0wrStatusNum\";i:30;s:62:\"\0Concrete\\Core\\Workflow\\Request\\ApprovePageRequest\0isScheduled\";b:0;s:64:\"\0Concrete\\Core\\Workflow\\Request\\ApprovePageRequest\0cvPublishDate\";N;s:67:\"\0Concrete\\Core\\Workflow\\Request\\ApprovePageRequest\0cvPublishEndDate\";N;s:12:\"\0*\0currentWP\";N;s:6:\"\0*\0uID\";s:1:\"1\";s:7:\"\0*\0wrID\";s:1:\"8\";s:5:\"error\";s:0:\"\";s:4:\"pkID\";i:14;s:3:\"cID\";i:1;s:4:\"cvID\";s:1:\"4\";}'),
(9,	'O:49:\"Concrete\\Core\\Workflow\\Request\\ApprovePageRequest\":11:{s:14:\"\0*\0wrStatusNum\";i:30;s:62:\"\0Concrete\\Core\\Workflow\\Request\\ApprovePageRequest\0isScheduled\";b:0;s:64:\"\0Concrete\\Core\\Workflow\\Request\\ApprovePageRequest\0cvPublishDate\";N;s:67:\"\0Concrete\\Core\\Workflow\\Request\\ApprovePageRequest\0cvPublishEndDate\";N;s:12:\"\0*\0currentWP\";N;s:6:\"\0*\0uID\";s:1:\"1\";s:7:\"\0*\0wrID\";s:1:\"9\";s:5:\"error\";s:0:\"\";s:4:\"pkID\";i:14;s:3:\"cID\";i:1;s:4:\"cvID\";s:1:\"5\";}'),
(10,	'O:49:\"Concrete\\Core\\Workflow\\Request\\ApprovePageRequest\":11:{s:14:\"\0*\0wrStatusNum\";i:30;s:62:\"\0Concrete\\Core\\Workflow\\Request\\ApprovePageRequest\0isScheduled\";b:0;s:64:\"\0Concrete\\Core\\Workflow\\Request\\ApprovePageRequest\0cvPublishDate\";N;s:67:\"\0Concrete\\Core\\Workflow\\Request\\ApprovePageRequest\0cvPublishEndDate\";N;s:12:\"\0*\0currentWP\";N;s:6:\"\0*\0uID\";s:1:\"1\";s:7:\"\0*\0wrID\";s:2:\"10\";s:5:\"error\";s:0:\"\";s:4:\"pkID\";i:14;s:3:\"cID\";i:1;s:4:\"cvID\";s:1:\"6\";}'),
(11,	'O:49:\"Concrete\\Core\\Workflow\\Request\\ApprovePageRequest\":11:{s:14:\"\0*\0wrStatusNum\";i:30;s:62:\"\0Concrete\\Core\\Workflow\\Request\\ApprovePageRequest\0isScheduled\";b:0;s:64:\"\0Concrete\\Core\\Workflow\\Request\\ApprovePageRequest\0cvPublishDate\";N;s:67:\"\0Concrete\\Core\\Workflow\\Request\\ApprovePageRequest\0cvPublishEndDate\";N;s:12:\"\0*\0currentWP\";N;s:6:\"\0*\0uID\";s:1:\"1\";s:7:\"\0*\0wrID\";s:2:\"11\";s:5:\"error\";s:0:\"\";s:4:\"pkID\";i:14;s:3:\"cID\";i:202;s:4:\"cvID\";s:1:\"7\";}'),
(12,	'O:49:\"Concrete\\Core\\Workflow\\Request\\ApprovePageRequest\":11:{s:14:\"\0*\0wrStatusNum\";i:30;s:62:\"\0Concrete\\Core\\Workflow\\Request\\ApprovePageRequest\0isScheduled\";b:0;s:64:\"\0Concrete\\Core\\Workflow\\Request\\ApprovePageRequest\0cvPublishDate\";N;s:67:\"\0Concrete\\Core\\Workflow\\Request\\ApprovePageRequest\0cvPublishEndDate\";N;s:12:\"\0*\0currentWP\";N;s:6:\"\0*\0uID\";s:1:\"1\";s:7:\"\0*\0wrID\";s:2:\"12\";s:5:\"error\";s:0:\"\";s:4:\"pkID\";i:14;s:3:\"cID\";i:202;s:4:\"cvID\";s:1:\"8\";}'),
(13,	'O:49:\"Concrete\\Core\\Workflow\\Request\\ApprovePageRequest\":11:{s:14:\"\0*\0wrStatusNum\";i:30;s:62:\"\0Concrete\\Core\\Workflow\\Request\\ApprovePageRequest\0isScheduled\";b:0;s:64:\"\0Concrete\\Core\\Workflow\\Request\\ApprovePageRequest\0cvPublishDate\";N;s:67:\"\0Concrete\\Core\\Workflow\\Request\\ApprovePageRequest\0cvPublishEndDate\";N;s:12:\"\0*\0currentWP\";N;s:6:\"\0*\0uID\";s:1:\"1\";s:7:\"\0*\0wrID\";s:2:\"13\";s:5:\"error\";s:0:\"\";s:4:\"pkID\";i:14;s:3:\"cID\";i:202;s:4:\"cvID\";s:1:\"9\";}'),
(14,	'O:49:\"Concrete\\Core\\Workflow\\Request\\ApprovePageRequest\":11:{s:14:\"\0*\0wrStatusNum\";i:30;s:62:\"\0Concrete\\Core\\Workflow\\Request\\ApprovePageRequest\0isScheduled\";b:0;s:64:\"\0Concrete\\Core\\Workflow\\Request\\ApprovePageRequest\0cvPublishDate\";N;s:67:\"\0Concrete\\Core\\Workflow\\Request\\ApprovePageRequest\0cvPublishEndDate\";N;s:12:\"\0*\0currentWP\";N;s:6:\"\0*\0uID\";s:1:\"1\";s:7:\"\0*\0wrID\";s:2:\"14\";s:5:\"error\";s:0:\"\";s:4:\"pkID\";i:14;s:3:\"cID\";i:202;s:4:\"cvID\";s:2:\"10\";}'),
(15,	'O:49:\"Concrete\\Core\\Workflow\\Request\\ApprovePageRequest\":11:{s:14:\"\0*\0wrStatusNum\";i:30;s:62:\"\0Concrete\\Core\\Workflow\\Request\\ApprovePageRequest\0isScheduled\";b:0;s:64:\"\0Concrete\\Core\\Workflow\\Request\\ApprovePageRequest\0cvPublishDate\";N;s:67:\"\0Concrete\\Core\\Workflow\\Request\\ApprovePageRequest\0cvPublishEndDate\";N;s:12:\"\0*\0currentWP\";N;s:6:\"\0*\0uID\";s:1:\"1\";s:7:\"\0*\0wrID\";s:2:\"15\";s:5:\"error\";s:0:\"\";s:4:\"pkID\";i:14;s:3:\"cID\";i:202;s:4:\"cvID\";s:2:\"11\";}'),
(16,	'O:49:\"Concrete\\Core\\Workflow\\Request\\ApprovePageRequest\":11:{s:14:\"\0*\0wrStatusNum\";i:30;s:62:\"\0Concrete\\Core\\Workflow\\Request\\ApprovePageRequest\0isScheduled\";b:0;s:64:\"\0Concrete\\Core\\Workflow\\Request\\ApprovePageRequest\0cvPublishDate\";N;s:67:\"\0Concrete\\Core\\Workflow\\Request\\ApprovePageRequest\0cvPublishEndDate\";N;s:12:\"\0*\0currentWP\";N;s:6:\"\0*\0uID\";s:1:\"1\";s:7:\"\0*\0wrID\";s:2:\"16\";s:5:\"error\";s:0:\"\";s:4:\"pkID\";i:14;s:3:\"cID\";i:202;s:4:\"cvID\";s:2:\"12\";}'),
(17,	'O:49:\"Concrete\\Core\\Workflow\\Request\\ApprovePageRequest\":11:{s:14:\"\0*\0wrStatusNum\";i:30;s:62:\"\0Concrete\\Core\\Workflow\\Request\\ApprovePageRequest\0isScheduled\";b:0;s:64:\"\0Concrete\\Core\\Workflow\\Request\\ApprovePageRequest\0cvPublishDate\";N;s:67:\"\0Concrete\\Core\\Workflow\\Request\\ApprovePageRequest\0cvPublishEndDate\";N;s:12:\"\0*\0currentWP\";N;s:6:\"\0*\0uID\";s:1:\"1\";s:7:\"\0*\0wrID\";s:2:\"17\";s:5:\"error\";s:0:\"\";s:4:\"pkID\";i:14;s:3:\"cID\";i:1;s:4:\"cvID\";s:1:\"7\";}'),
(18,	'O:49:\"Concrete\\Core\\Workflow\\Request\\ApprovePageRequest\":11:{s:14:\"\0*\0wrStatusNum\";i:30;s:62:\"\0Concrete\\Core\\Workflow\\Request\\ApprovePageRequest\0isScheduled\";b:0;s:64:\"\0Concrete\\Core\\Workflow\\Request\\ApprovePageRequest\0cvPublishDate\";N;s:67:\"\0Concrete\\Core\\Workflow\\Request\\ApprovePageRequest\0cvPublishEndDate\";N;s:12:\"\0*\0currentWP\";N;s:6:\"\0*\0uID\";s:1:\"1\";s:7:\"\0*\0wrID\";s:2:\"18\";s:5:\"error\";s:0:\"\";s:4:\"pkID\";i:14;s:3:\"cID\";i:1;s:4:\"cvID\";s:1:\"8\";}'),
(19,	'O:49:\"Concrete\\Core\\Workflow\\Request\\ApprovePageRequest\":11:{s:14:\"\0*\0wrStatusNum\";i:30;s:62:\"\0Concrete\\Core\\Workflow\\Request\\ApprovePageRequest\0isScheduled\";b:0;s:64:\"\0Concrete\\Core\\Workflow\\Request\\ApprovePageRequest\0cvPublishDate\";N;s:67:\"\0Concrete\\Core\\Workflow\\Request\\ApprovePageRequest\0cvPublishEndDate\";N;s:12:\"\0*\0currentWP\";N;s:6:\"\0*\0uID\";s:1:\"1\";s:7:\"\0*\0wrID\";s:2:\"19\";s:5:\"error\";s:0:\"\";s:4:\"pkID\";i:14;s:3:\"cID\";i:1;s:4:\"cvID\";s:1:\"9\";}'),
(20,	'O:49:\"Concrete\\Core\\Workflow\\Request\\ApprovePageRequest\":11:{s:14:\"\0*\0wrStatusNum\";i:30;s:62:\"\0Concrete\\Core\\Workflow\\Request\\ApprovePageRequest\0isScheduled\";b:0;s:64:\"\0Concrete\\Core\\Workflow\\Request\\ApprovePageRequest\0cvPublishDate\";N;s:67:\"\0Concrete\\Core\\Workflow\\Request\\ApprovePageRequest\0cvPublishEndDate\";N;s:12:\"\0*\0currentWP\";N;s:6:\"\0*\0uID\";s:1:\"1\";s:7:\"\0*\0wrID\";s:2:\"20\";s:5:\"error\";s:0:\"\";s:4:\"pkID\";i:14;s:3:\"cID\";i:1;s:4:\"cvID\";s:2:\"10\";}'),
(21,	'O:49:\"Concrete\\Core\\Workflow\\Request\\ApprovePageRequest\":11:{s:14:\"\0*\0wrStatusNum\";i:30;s:62:\"\0Concrete\\Core\\Workflow\\Request\\ApprovePageRequest\0isScheduled\";b:0;s:64:\"\0Concrete\\Core\\Workflow\\Request\\ApprovePageRequest\0cvPublishDate\";N;s:67:\"\0Concrete\\Core\\Workflow\\Request\\ApprovePageRequest\0cvPublishEndDate\";N;s:12:\"\0*\0currentWP\";N;s:6:\"\0*\0uID\";s:1:\"1\";s:7:\"\0*\0wrID\";s:2:\"21\";s:5:\"error\";s:0:\"\";s:4:\"pkID\";i:14;s:3:\"cID\";i:1;s:4:\"cvID\";s:2:\"11\";}'),
(22,	'O:49:\"Concrete\\Core\\Workflow\\Request\\ApprovePageRequest\":11:{s:14:\"\0*\0wrStatusNum\";i:30;s:62:\"\0Concrete\\Core\\Workflow\\Request\\ApprovePageRequest\0isScheduled\";b:0;s:64:\"\0Concrete\\Core\\Workflow\\Request\\ApprovePageRequest\0cvPublishDate\";N;s:67:\"\0Concrete\\Core\\Workflow\\Request\\ApprovePageRequest\0cvPublishEndDate\";N;s:12:\"\0*\0currentWP\";N;s:6:\"\0*\0uID\";s:1:\"1\";s:7:\"\0*\0wrID\";s:2:\"22\";s:5:\"error\";s:0:\"\";s:4:\"pkID\";i:14;s:3:\"cID\";i:1;s:4:\"cvID\";s:2:\"10\";}'),
(23,	'O:49:\"Concrete\\Core\\Workflow\\Request\\ApprovePageRequest\":11:{s:14:\"\0*\0wrStatusNum\";i:30;s:62:\"\0Concrete\\Core\\Workflow\\Request\\ApprovePageRequest\0isScheduled\";b:0;s:64:\"\0Concrete\\Core\\Workflow\\Request\\ApprovePageRequest\0cvPublishDate\";N;s:67:\"\0Concrete\\Core\\Workflow\\Request\\ApprovePageRequest\0cvPublishEndDate\";N;s:12:\"\0*\0currentWP\";N;s:6:\"\0*\0uID\";s:1:\"1\";s:7:\"\0*\0wrID\";s:2:\"23\";s:5:\"error\";s:0:\"\";s:4:\"pkID\";i:14;s:3:\"cID\";i:1;s:4:\"cvID\";s:2:\"11\";}'),
(24,	'O:49:\"Concrete\\Core\\Workflow\\Request\\ApprovePageRequest\":11:{s:14:\"\0*\0wrStatusNum\";i:30;s:62:\"\0Concrete\\Core\\Workflow\\Request\\ApprovePageRequest\0isScheduled\";b:0;s:64:\"\0Concrete\\Core\\Workflow\\Request\\ApprovePageRequest\0cvPublishDate\";N;s:67:\"\0Concrete\\Core\\Workflow\\Request\\ApprovePageRequest\0cvPublishEndDate\";N;s:12:\"\0*\0currentWP\";N;s:6:\"\0*\0uID\";s:1:\"1\";s:7:\"\0*\0wrID\";s:2:\"24\";s:5:\"error\";s:0:\"\";s:4:\"pkID\";i:14;s:3:\"cID\";i:1;s:4:\"cvID\";s:2:\"12\";}'),
(25,	'O:49:\"Concrete\\Core\\Workflow\\Request\\ApprovePageRequest\":11:{s:14:\"\0*\0wrStatusNum\";i:30;s:62:\"\0Concrete\\Core\\Workflow\\Request\\ApprovePageRequest\0isScheduled\";b:0;s:64:\"\0Concrete\\Core\\Workflow\\Request\\ApprovePageRequest\0cvPublishDate\";N;s:67:\"\0Concrete\\Core\\Workflow\\Request\\ApprovePageRequest\0cvPublishEndDate\";N;s:12:\"\0*\0currentWP\";N;s:6:\"\0*\0uID\";s:1:\"1\";s:7:\"\0*\0wrID\";s:2:\"25\";s:5:\"error\";s:0:\"\";s:4:\"pkID\";i:14;s:3:\"cID\";i:202;s:4:\"cvID\";s:2:\"13\";}'),
(26,	'O:49:\"Concrete\\Core\\Workflow\\Request\\ApprovePageRequest\":11:{s:14:\"\0*\0wrStatusNum\";i:30;s:62:\"\0Concrete\\Core\\Workflow\\Request\\ApprovePageRequest\0isScheduled\";b:0;s:64:\"\0Concrete\\Core\\Workflow\\Request\\ApprovePageRequest\0cvPublishDate\";N;s:67:\"\0Concrete\\Core\\Workflow\\Request\\ApprovePageRequest\0cvPublishEndDate\";N;s:12:\"\0*\0currentWP\";N;s:6:\"\0*\0uID\";s:1:\"1\";s:7:\"\0*\0wrID\";s:2:\"26\";s:5:\"error\";s:0:\"\";s:4:\"pkID\";i:14;s:3:\"cID\";i:1;s:4:\"cvID\";s:2:\"13\";}'),
(27,	'O:49:\"Concrete\\Core\\Workflow\\Request\\ApprovePageRequest\":11:{s:14:\"\0*\0wrStatusNum\";i:30;s:62:\"\0Concrete\\Core\\Workflow\\Request\\ApprovePageRequest\0isScheduled\";b:0;s:64:\"\0Concrete\\Core\\Workflow\\Request\\ApprovePageRequest\0cvPublishDate\";N;s:67:\"\0Concrete\\Core\\Workflow\\Request\\ApprovePageRequest\0cvPublishEndDate\";N;s:12:\"\0*\0currentWP\";N;s:6:\"\0*\0uID\";s:1:\"1\";s:7:\"\0*\0wrID\";s:2:\"27\";s:5:\"error\";s:0:\"\";s:4:\"pkID\";i:14;s:3:\"cID\";i:1;s:4:\"cvID\";s:2:\"14\";}'),
(28,	'O:49:\"Concrete\\Core\\Workflow\\Request\\ApprovePageRequest\":11:{s:14:\"\0*\0wrStatusNum\";i:30;s:62:\"\0Concrete\\Core\\Workflow\\Request\\ApprovePageRequest\0isScheduled\";b:0;s:64:\"\0Concrete\\Core\\Workflow\\Request\\ApprovePageRequest\0cvPublishDate\";N;s:67:\"\0Concrete\\Core\\Workflow\\Request\\ApprovePageRequest\0cvPublishEndDate\";N;s:12:\"\0*\0currentWP\";N;s:6:\"\0*\0uID\";s:1:\"1\";s:7:\"\0*\0wrID\";s:2:\"28\";s:5:\"error\";s:0:\"\";s:4:\"pkID\";i:14;s:3:\"cID\";i:1;s:4:\"cvID\";s:2:\"15\";}'),
(29,	'O:49:\"Concrete\\Core\\Workflow\\Request\\ApprovePageRequest\":11:{s:14:\"\0*\0wrStatusNum\";i:30;s:62:\"\0Concrete\\Core\\Workflow\\Request\\ApprovePageRequest\0isScheduled\";b:0;s:64:\"\0Concrete\\Core\\Workflow\\Request\\ApprovePageRequest\0cvPublishDate\";N;s:67:\"\0Concrete\\Core\\Workflow\\Request\\ApprovePageRequest\0cvPublishEndDate\";N;s:12:\"\0*\0currentWP\";N;s:6:\"\0*\0uID\";s:1:\"1\";s:7:\"\0*\0wrID\";s:2:\"29\";s:5:\"error\";s:0:\"\";s:4:\"pkID\";i:14;s:3:\"cID\";i:1;s:4:\"cvID\";s:2:\"16\";}'),
(30,	'O:49:\"Concrete\\Core\\Workflow\\Request\\ApprovePageRequest\":11:{s:14:\"\0*\0wrStatusNum\";i:30;s:62:\"\0Concrete\\Core\\Workflow\\Request\\ApprovePageRequest\0isScheduled\";b:0;s:64:\"\0Concrete\\Core\\Workflow\\Request\\ApprovePageRequest\0cvPublishDate\";N;s:67:\"\0Concrete\\Core\\Workflow\\Request\\ApprovePageRequest\0cvPublishEndDate\";N;s:12:\"\0*\0currentWP\";N;s:6:\"\0*\0uID\";s:1:\"1\";s:7:\"\0*\0wrID\";s:2:\"30\";s:5:\"error\";s:0:\"\";s:4:\"pkID\";i:14;s:3:\"cID\";i:1;s:4:\"cvID\";s:2:\"17\";}'),
(31,	'O:49:\"Concrete\\Core\\Workflow\\Request\\ApprovePageRequest\":11:{s:14:\"\0*\0wrStatusNum\";i:30;s:62:\"\0Concrete\\Core\\Workflow\\Request\\ApprovePageRequest\0isScheduled\";b:0;s:64:\"\0Concrete\\Core\\Workflow\\Request\\ApprovePageRequest\0cvPublishDate\";N;s:67:\"\0Concrete\\Core\\Workflow\\Request\\ApprovePageRequest\0cvPublishEndDate\";N;s:12:\"\0*\0currentWP\";N;s:6:\"\0*\0uID\";s:1:\"1\";s:7:\"\0*\0wrID\";s:2:\"31\";s:5:\"error\";s:0:\"\";s:4:\"pkID\";i:14;s:3:\"cID\";i:1;s:4:\"cvID\";s:2:\"18\";}'),
(32,	'O:49:\"Concrete\\Core\\Workflow\\Request\\ApprovePageRequest\":11:{s:14:\"\0*\0wrStatusNum\";i:30;s:62:\"\0Concrete\\Core\\Workflow\\Request\\ApprovePageRequest\0isScheduled\";b:0;s:64:\"\0Concrete\\Core\\Workflow\\Request\\ApprovePageRequest\0cvPublishDate\";N;s:67:\"\0Concrete\\Core\\Workflow\\Request\\ApprovePageRequest\0cvPublishEndDate\";N;s:12:\"\0*\0currentWP\";N;s:6:\"\0*\0uID\";s:1:\"1\";s:7:\"\0*\0wrID\";s:2:\"32\";s:5:\"error\";s:0:\"\";s:4:\"pkID\";i:14;s:3:\"cID\";i:1;s:4:\"cvID\";s:2:\"19\";}'),
(33,	'O:49:\"Concrete\\Core\\Workflow\\Request\\ApprovePageRequest\":11:{s:14:\"\0*\0wrStatusNum\";i:30;s:62:\"\0Concrete\\Core\\Workflow\\Request\\ApprovePageRequest\0isScheduled\";b:0;s:64:\"\0Concrete\\Core\\Workflow\\Request\\ApprovePageRequest\0cvPublishDate\";N;s:67:\"\0Concrete\\Core\\Workflow\\Request\\ApprovePageRequest\0cvPublishEndDate\";N;s:12:\"\0*\0currentWP\";N;s:6:\"\0*\0uID\";s:1:\"1\";s:7:\"\0*\0wrID\";s:2:\"33\";s:5:\"error\";s:0:\"\";s:4:\"pkID\";i:14;s:3:\"cID\";i:1;s:4:\"cvID\";s:2:\"20\";}'),
(34,	'O:49:\"Concrete\\Core\\Workflow\\Request\\ApprovePageRequest\":11:{s:14:\"\0*\0wrStatusNum\";i:30;s:62:\"\0Concrete\\Core\\Workflow\\Request\\ApprovePageRequest\0isScheduled\";b:0;s:64:\"\0Concrete\\Core\\Workflow\\Request\\ApprovePageRequest\0cvPublishDate\";N;s:67:\"\0Concrete\\Core\\Workflow\\Request\\ApprovePageRequest\0cvPublishEndDate\";N;s:12:\"\0*\0currentWP\";N;s:6:\"\0*\0uID\";s:1:\"1\";s:7:\"\0*\0wrID\";s:2:\"34\";s:5:\"error\";s:0:\"\";s:4:\"pkID\";i:14;s:3:\"cID\";i:1;s:4:\"cvID\";s:2:\"21\";}'),
(35,	'O:49:\"Concrete\\Core\\Workflow\\Request\\ApprovePageRequest\":11:{s:14:\"\0*\0wrStatusNum\";i:30;s:62:\"\0Concrete\\Core\\Workflow\\Request\\ApprovePageRequest\0isScheduled\";b:0;s:64:\"\0Concrete\\Core\\Workflow\\Request\\ApprovePageRequest\0cvPublishDate\";N;s:67:\"\0Concrete\\Core\\Workflow\\Request\\ApprovePageRequest\0cvPublishEndDate\";N;s:12:\"\0*\0currentWP\";N;s:6:\"\0*\0uID\";s:1:\"1\";s:7:\"\0*\0wrID\";s:2:\"35\";s:5:\"error\";s:0:\"\";s:4:\"pkID\";i:14;s:3:\"cID\";i:214;s:4:\"cvID\";s:1:\"3\";}'),
(36,	'O:49:\"Concrete\\Core\\Workflow\\Request\\ApprovePageRequest\":11:{s:14:\"\0*\0wrStatusNum\";i:30;s:62:\"\0Concrete\\Core\\Workflow\\Request\\ApprovePageRequest\0isScheduled\";b:0;s:64:\"\0Concrete\\Core\\Workflow\\Request\\ApprovePageRequest\0cvPublishDate\";N;s:67:\"\0Concrete\\Core\\Workflow\\Request\\ApprovePageRequest\0cvPublishEndDate\";N;s:12:\"\0*\0currentWP\";N;s:6:\"\0*\0uID\";s:1:\"1\";s:7:\"\0*\0wrID\";s:2:\"36\";s:5:\"error\";s:0:\"\";s:4:\"pkID\";i:14;s:3:\"cID\";i:214;s:4:\"cvID\";s:1:\"4\";}'),
(37,	'O:49:\"Concrete\\Core\\Workflow\\Request\\ApprovePageRequest\":11:{s:14:\"\0*\0wrStatusNum\";i:30;s:62:\"\0Concrete\\Core\\Workflow\\Request\\ApprovePageRequest\0isScheduled\";b:0;s:64:\"\0Concrete\\Core\\Workflow\\Request\\ApprovePageRequest\0cvPublishDate\";N;s:67:\"\0Concrete\\Core\\Workflow\\Request\\ApprovePageRequest\0cvPublishEndDate\";N;s:12:\"\0*\0currentWP\";N;s:6:\"\0*\0uID\";s:1:\"1\";s:7:\"\0*\0wrID\";s:2:\"37\";s:5:\"error\";s:0:\"\";s:4:\"pkID\";i:14;s:3:\"cID\";i:214;s:4:\"cvID\";s:1:\"5\";}'),
(38,	'O:49:\"Concrete\\Core\\Workflow\\Request\\ApprovePageRequest\":11:{s:14:\"\0*\0wrStatusNum\";i:30;s:62:\"\0Concrete\\Core\\Workflow\\Request\\ApprovePageRequest\0isScheduled\";b:0;s:64:\"\0Concrete\\Core\\Workflow\\Request\\ApprovePageRequest\0cvPublishDate\";N;s:67:\"\0Concrete\\Core\\Workflow\\Request\\ApprovePageRequest\0cvPublishEndDate\";N;s:12:\"\0*\0currentWP\";N;s:6:\"\0*\0uID\";s:1:\"1\";s:7:\"\0*\0wrID\";s:2:\"38\";s:5:\"error\";s:0:\"\";s:4:\"pkID\";i:14;s:3:\"cID\";i:214;s:4:\"cvID\";s:1:\"6\";}'),
(39,	'O:49:\"Concrete\\Core\\Workflow\\Request\\ApprovePageRequest\":11:{s:14:\"\0*\0wrStatusNum\";i:30;s:62:\"\0Concrete\\Core\\Workflow\\Request\\ApprovePageRequest\0isScheduled\";b:0;s:64:\"\0Concrete\\Core\\Workflow\\Request\\ApprovePageRequest\0cvPublishDate\";N;s:67:\"\0Concrete\\Core\\Workflow\\Request\\ApprovePageRequest\0cvPublishEndDate\";N;s:12:\"\0*\0currentWP\";N;s:6:\"\0*\0uID\";s:1:\"1\";s:7:\"\0*\0wrID\";s:2:\"39\";s:5:\"error\";s:0:\"\";s:4:\"pkID\";i:14;s:3:\"cID\";i:214;s:4:\"cvID\";s:1:\"7\";}'),
(40,	'O:49:\"Concrete\\Core\\Workflow\\Request\\ApprovePageRequest\":11:{s:14:\"\0*\0wrStatusNum\";i:30;s:62:\"\0Concrete\\Core\\Workflow\\Request\\ApprovePageRequest\0isScheduled\";b:0;s:64:\"\0Concrete\\Core\\Workflow\\Request\\ApprovePageRequest\0cvPublishDate\";N;s:67:\"\0Concrete\\Core\\Workflow\\Request\\ApprovePageRequest\0cvPublishEndDate\";N;s:12:\"\0*\0currentWP\";N;s:6:\"\0*\0uID\";s:1:\"1\";s:7:\"\0*\0wrID\";s:2:\"40\";s:5:\"error\";s:0:\"\";s:4:\"pkID\";i:14;s:3:\"cID\";i:214;s:4:\"cvID\";s:1:\"8\";}'),
(41,	'O:49:\"Concrete\\Core\\Workflow\\Request\\ApprovePageRequest\":11:{s:14:\"\0*\0wrStatusNum\";i:30;s:62:\"\0Concrete\\Core\\Workflow\\Request\\ApprovePageRequest\0isScheduled\";b:0;s:64:\"\0Concrete\\Core\\Workflow\\Request\\ApprovePageRequest\0cvPublishDate\";N;s:67:\"\0Concrete\\Core\\Workflow\\Request\\ApprovePageRequest\0cvPublishEndDate\";N;s:12:\"\0*\0currentWP\";N;s:6:\"\0*\0uID\";s:1:\"1\";s:7:\"\0*\0wrID\";s:2:\"41\";s:5:\"error\";s:0:\"\";s:4:\"pkID\";i:14;s:3:\"cID\";i:214;s:4:\"cvID\";s:1:\"9\";}'),
(42,	'O:49:\"Concrete\\Core\\Workflow\\Request\\ApprovePageRequest\":11:{s:14:\"\0*\0wrStatusNum\";i:30;s:62:\"\0Concrete\\Core\\Workflow\\Request\\ApprovePageRequest\0isScheduled\";b:0;s:64:\"\0Concrete\\Core\\Workflow\\Request\\ApprovePageRequest\0cvPublishDate\";N;s:67:\"\0Concrete\\Core\\Workflow\\Request\\ApprovePageRequest\0cvPublishEndDate\";N;s:12:\"\0*\0currentWP\";N;s:6:\"\0*\0uID\";s:1:\"1\";s:7:\"\0*\0wrID\";s:2:\"42\";s:5:\"error\";s:0:\"\";s:4:\"pkID\";i:14;s:3:\"cID\";i:214;s:4:\"cvID\";s:2:\"10\";}'),
(43,	'O:49:\"Concrete\\Core\\Workflow\\Request\\ApprovePageRequest\":11:{s:14:\"\0*\0wrStatusNum\";i:30;s:62:\"\0Concrete\\Core\\Workflow\\Request\\ApprovePageRequest\0isScheduled\";b:0;s:64:\"\0Concrete\\Core\\Workflow\\Request\\ApprovePageRequest\0cvPublishDate\";N;s:67:\"\0Concrete\\Core\\Workflow\\Request\\ApprovePageRequest\0cvPublishEndDate\";N;s:12:\"\0*\0currentWP\";N;s:6:\"\0*\0uID\";s:1:\"1\";s:7:\"\0*\0wrID\";s:2:\"43\";s:5:\"error\";s:0:\"\";s:4:\"pkID\";i:14;s:3:\"cID\";i:214;s:4:\"cvID\";s:2:\"11\";}'),
(44,	'O:49:\"Concrete\\Core\\Workflow\\Request\\ApprovePageRequest\":11:{s:14:\"\0*\0wrStatusNum\";i:30;s:62:\"\0Concrete\\Core\\Workflow\\Request\\ApprovePageRequest\0isScheduled\";b:0;s:64:\"\0Concrete\\Core\\Workflow\\Request\\ApprovePageRequest\0cvPublishDate\";N;s:67:\"\0Concrete\\Core\\Workflow\\Request\\ApprovePageRequest\0cvPublishEndDate\";N;s:12:\"\0*\0currentWP\";N;s:6:\"\0*\0uID\";s:1:\"1\";s:7:\"\0*\0wrID\";s:2:\"44\";s:5:\"error\";s:0:\"\";s:4:\"pkID\";i:14;s:3:\"cID\";i:214;s:4:\"cvID\";s:2:\"12\";}'),
(45,	'O:49:\"Concrete\\Core\\Workflow\\Request\\ApprovePageRequest\":11:{s:14:\"\0*\0wrStatusNum\";i:30;s:62:\"\0Concrete\\Core\\Workflow\\Request\\ApprovePageRequest\0isScheduled\";b:0;s:64:\"\0Concrete\\Core\\Workflow\\Request\\ApprovePageRequest\0cvPublishDate\";N;s:67:\"\0Concrete\\Core\\Workflow\\Request\\ApprovePageRequest\0cvPublishEndDate\";N;s:12:\"\0*\0currentWP\";N;s:6:\"\0*\0uID\";s:1:\"1\";s:7:\"\0*\0wrID\";s:2:\"45\";s:5:\"error\";s:0:\"\";s:4:\"pkID\";i:14;s:3:\"cID\";i:230;s:4:\"cvID\";s:1:\"1\";}'),
(46,	'O:49:\"Concrete\\Core\\Workflow\\Request\\ApprovePageRequest\":11:{s:14:\"\0*\0wrStatusNum\";i:30;s:62:\"\0Concrete\\Core\\Workflow\\Request\\ApprovePageRequest\0isScheduled\";b:0;s:64:\"\0Concrete\\Core\\Workflow\\Request\\ApprovePageRequest\0cvPublishDate\";N;s:67:\"\0Concrete\\Core\\Workflow\\Request\\ApprovePageRequest\0cvPublishEndDate\";N;s:12:\"\0*\0currentWP\";N;s:6:\"\0*\0uID\";s:1:\"1\";s:7:\"\0*\0wrID\";s:2:\"46\";s:5:\"error\";s:0:\"\";s:4:\"pkID\";i:14;s:3:\"cID\";i:230;s:4:\"cvID\";s:1:\"2\";}'),
(47,	'O:49:\"Concrete\\Core\\Workflow\\Request\\ApprovePageRequest\":11:{s:14:\"\0*\0wrStatusNum\";i:30;s:62:\"\0Concrete\\Core\\Workflow\\Request\\ApprovePageRequest\0isScheduled\";b:0;s:64:\"\0Concrete\\Core\\Workflow\\Request\\ApprovePageRequest\0cvPublishDate\";N;s:67:\"\0Concrete\\Core\\Workflow\\Request\\ApprovePageRequest\0cvPublishEndDate\";N;s:12:\"\0*\0currentWP\";N;s:6:\"\0*\0uID\";s:1:\"1\";s:7:\"\0*\0wrID\";s:2:\"47\";s:5:\"error\";s:0:\"\";s:4:\"pkID\";i:14;s:3:\"cID\";i:231;s:4:\"cvID\";s:1:\"1\";}'),
(48,	'O:49:\"Concrete\\Core\\Workflow\\Request\\ApprovePageRequest\":11:{s:14:\"\0*\0wrStatusNum\";i:30;s:62:\"\0Concrete\\Core\\Workflow\\Request\\ApprovePageRequest\0isScheduled\";b:0;s:64:\"\0Concrete\\Core\\Workflow\\Request\\ApprovePageRequest\0cvPublishDate\";N;s:67:\"\0Concrete\\Core\\Workflow\\Request\\ApprovePageRequest\0cvPublishEndDate\";N;s:12:\"\0*\0currentWP\";N;s:6:\"\0*\0uID\";s:1:\"1\";s:7:\"\0*\0wrID\";s:2:\"48\";s:5:\"error\";s:0:\"\";s:4:\"pkID\";i:14;s:3:\"cID\";i:231;s:4:\"cvID\";s:1:\"2\";}'),
(49,	'O:49:\"Concrete\\Core\\Workflow\\Request\\ApprovePageRequest\":11:{s:14:\"\0*\0wrStatusNum\";i:30;s:62:\"\0Concrete\\Core\\Workflow\\Request\\ApprovePageRequest\0isScheduled\";b:0;s:64:\"\0Concrete\\Core\\Workflow\\Request\\ApprovePageRequest\0cvPublishDate\";N;s:67:\"\0Concrete\\Core\\Workflow\\Request\\ApprovePageRequest\0cvPublishEndDate\";N;s:12:\"\0*\0currentWP\";N;s:6:\"\0*\0uID\";s:1:\"1\";s:7:\"\0*\0wrID\";s:2:\"49\";s:5:\"error\";s:0:\"\";s:4:\"pkID\";i:14;s:3:\"cID\";i:230;s:4:\"cvID\";s:1:\"3\";}'),
(50,	'O:49:\"Concrete\\Core\\Workflow\\Request\\ApprovePageRequest\":11:{s:14:\"\0*\0wrStatusNum\";i:30;s:62:\"\0Concrete\\Core\\Workflow\\Request\\ApprovePageRequest\0isScheduled\";b:0;s:64:\"\0Concrete\\Core\\Workflow\\Request\\ApprovePageRequest\0cvPublishDate\";N;s:67:\"\0Concrete\\Core\\Workflow\\Request\\ApprovePageRequest\0cvPublishEndDate\";N;s:12:\"\0*\0currentWP\";N;s:6:\"\0*\0uID\";s:1:\"1\";s:7:\"\0*\0wrID\";s:2:\"50\";s:5:\"error\";s:0:\"\";s:4:\"pkID\";i:14;s:3:\"cID\";i:230;s:4:\"cvID\";s:1:\"4\";}'),
(51,	'O:49:\"Concrete\\Core\\Workflow\\Request\\ApprovePageRequest\":11:{s:14:\"\0*\0wrStatusNum\";i:30;s:62:\"\0Concrete\\Core\\Workflow\\Request\\ApprovePageRequest\0isScheduled\";b:0;s:64:\"\0Concrete\\Core\\Workflow\\Request\\ApprovePageRequest\0cvPublishDate\";N;s:67:\"\0Concrete\\Core\\Workflow\\Request\\ApprovePageRequest\0cvPublishEndDate\";N;s:12:\"\0*\0currentWP\";N;s:6:\"\0*\0uID\";s:1:\"1\";s:7:\"\0*\0wrID\";s:2:\"51\";s:5:\"error\";s:0:\"\";s:4:\"pkID\";i:14;s:3:\"cID\";i:230;s:4:\"cvID\";s:1:\"5\";}'),
(52,	'O:49:\"Concrete\\Core\\Workflow\\Request\\ApprovePageRequest\":11:{s:14:\"\0*\0wrStatusNum\";i:30;s:62:\"\0Concrete\\Core\\Workflow\\Request\\ApprovePageRequest\0isScheduled\";b:0;s:64:\"\0Concrete\\Core\\Workflow\\Request\\ApprovePageRequest\0cvPublishDate\";N;s:67:\"\0Concrete\\Core\\Workflow\\Request\\ApprovePageRequest\0cvPublishEndDate\";N;s:12:\"\0*\0currentWP\";N;s:6:\"\0*\0uID\";s:1:\"1\";s:7:\"\0*\0wrID\";s:2:\"52\";s:5:\"error\";s:0:\"\";s:4:\"pkID\";i:14;s:3:\"cID\";i:230;s:4:\"cvID\";s:1:\"6\";}'),
(53,	'O:49:\"Concrete\\Core\\Workflow\\Request\\ApprovePageRequest\":11:{s:14:\"\0*\0wrStatusNum\";i:30;s:62:\"\0Concrete\\Core\\Workflow\\Request\\ApprovePageRequest\0isScheduled\";b:0;s:64:\"\0Concrete\\Core\\Workflow\\Request\\ApprovePageRequest\0cvPublishDate\";N;s:67:\"\0Concrete\\Core\\Workflow\\Request\\ApprovePageRequest\0cvPublishEndDate\";N;s:12:\"\0*\0currentWP\";N;s:6:\"\0*\0uID\";s:1:\"1\";s:7:\"\0*\0wrID\";s:2:\"53\";s:5:\"error\";s:0:\"\";s:4:\"pkID\";i:14;s:3:\"cID\";i:230;s:4:\"cvID\";s:1:\"7\";}'),
(54,	'O:49:\"Concrete\\Core\\Workflow\\Request\\ApprovePageRequest\":11:{s:14:\"\0*\0wrStatusNum\";i:30;s:62:\"\0Concrete\\Core\\Workflow\\Request\\ApprovePageRequest\0isScheduled\";b:0;s:64:\"\0Concrete\\Core\\Workflow\\Request\\ApprovePageRequest\0cvPublishDate\";N;s:67:\"\0Concrete\\Core\\Workflow\\Request\\ApprovePageRequest\0cvPublishEndDate\";N;s:12:\"\0*\0currentWP\";N;s:6:\"\0*\0uID\";s:1:\"1\";s:7:\"\0*\0wrID\";s:2:\"54\";s:5:\"error\";s:0:\"\";s:4:\"pkID\";i:14;s:3:\"cID\";i:230;s:4:\"cvID\";s:1:\"8\";}'),
(55,	'O:49:\"Concrete\\Core\\Workflow\\Request\\ApprovePageRequest\":11:{s:14:\"\0*\0wrStatusNum\";i:30;s:62:\"\0Concrete\\Core\\Workflow\\Request\\ApprovePageRequest\0isScheduled\";b:0;s:64:\"\0Concrete\\Core\\Workflow\\Request\\ApprovePageRequest\0cvPublishDate\";N;s:67:\"\0Concrete\\Core\\Workflow\\Request\\ApprovePageRequest\0cvPublishEndDate\";N;s:12:\"\0*\0currentWP\";N;s:6:\"\0*\0uID\";s:1:\"1\";s:7:\"\0*\0wrID\";s:2:\"55\";s:5:\"error\";s:0:\"\";s:4:\"pkID\";i:14;s:3:\"cID\";i:230;s:4:\"cvID\";s:1:\"9\";}'),
(56,	'O:49:\"Concrete\\Core\\Workflow\\Request\\ApprovePageRequest\":11:{s:14:\"\0*\0wrStatusNum\";i:30;s:62:\"\0Concrete\\Core\\Workflow\\Request\\ApprovePageRequest\0isScheduled\";b:0;s:64:\"\0Concrete\\Core\\Workflow\\Request\\ApprovePageRequest\0cvPublishDate\";N;s:67:\"\0Concrete\\Core\\Workflow\\Request\\ApprovePageRequest\0cvPublishEndDate\";N;s:12:\"\0*\0currentWP\";N;s:6:\"\0*\0uID\";s:1:\"1\";s:7:\"\0*\0wrID\";s:2:\"56\";s:5:\"error\";s:0:\"\";s:4:\"pkID\";i:14;s:3:\"cID\";i:230;s:4:\"cvID\";s:2:\"10\";}'),
(57,	'O:49:\"Concrete\\Core\\Workflow\\Request\\ApprovePageRequest\":11:{s:14:\"\0*\0wrStatusNum\";i:30;s:62:\"\0Concrete\\Core\\Workflow\\Request\\ApprovePageRequest\0isScheduled\";b:0;s:64:\"\0Concrete\\Core\\Workflow\\Request\\ApprovePageRequest\0cvPublishDate\";N;s:67:\"\0Concrete\\Core\\Workflow\\Request\\ApprovePageRequest\0cvPublishEndDate\";N;s:12:\"\0*\0currentWP\";N;s:6:\"\0*\0uID\";s:1:\"1\";s:7:\"\0*\0wrID\";s:2:\"57\";s:5:\"error\";s:0:\"\";s:4:\"pkID\";i:14;s:3:\"cID\";i:230;s:4:\"cvID\";s:2:\"11\";}'),
(58,	'O:49:\"Concrete\\Core\\Workflow\\Request\\ApprovePageRequest\":11:{s:14:\"\0*\0wrStatusNum\";i:30;s:62:\"\0Concrete\\Core\\Workflow\\Request\\ApprovePageRequest\0isScheduled\";b:0;s:64:\"\0Concrete\\Core\\Workflow\\Request\\ApprovePageRequest\0cvPublishDate\";N;s:67:\"\0Concrete\\Core\\Workflow\\Request\\ApprovePageRequest\0cvPublishEndDate\";N;s:12:\"\0*\0currentWP\";N;s:6:\"\0*\0uID\";s:1:\"1\";s:7:\"\0*\0wrID\";s:2:\"58\";s:5:\"error\";s:0:\"\";s:4:\"pkID\";i:14;s:3:\"cID\";i:230;s:4:\"cvID\";s:2:\"12\";}'),
(59,	'O:49:\"Concrete\\Core\\Workflow\\Request\\ApprovePageRequest\":11:{s:14:\"\0*\0wrStatusNum\";i:30;s:62:\"\0Concrete\\Core\\Workflow\\Request\\ApprovePageRequest\0isScheduled\";b:0;s:64:\"\0Concrete\\Core\\Workflow\\Request\\ApprovePageRequest\0cvPublishDate\";N;s:67:\"\0Concrete\\Core\\Workflow\\Request\\ApprovePageRequest\0cvPublishEndDate\";N;s:12:\"\0*\0currentWP\";N;s:6:\"\0*\0uID\";s:1:\"1\";s:7:\"\0*\0wrID\";s:2:\"59\";s:5:\"error\";s:0:\"\";s:4:\"pkID\";i:14;s:3:\"cID\";i:230;s:4:\"cvID\";s:2:\"13\";}'),
(60,	'O:49:\"Concrete\\Core\\Workflow\\Request\\ApprovePageRequest\":11:{s:14:\"\0*\0wrStatusNum\";i:30;s:62:\"\0Concrete\\Core\\Workflow\\Request\\ApprovePageRequest\0isScheduled\";b:0;s:64:\"\0Concrete\\Core\\Workflow\\Request\\ApprovePageRequest\0cvPublishDate\";N;s:67:\"\0Concrete\\Core\\Workflow\\Request\\ApprovePageRequest\0cvPublishEndDate\";N;s:12:\"\0*\0currentWP\";N;s:6:\"\0*\0uID\";s:1:\"1\";s:7:\"\0*\0wrID\";s:2:\"60\";s:5:\"error\";s:0:\"\";s:4:\"pkID\";i:14;s:3:\"cID\";i:230;s:4:\"cvID\";s:2:\"14\";}'),
(61,	'O:49:\"Concrete\\Core\\Workflow\\Request\\ApprovePageRequest\":11:{s:14:\"\0*\0wrStatusNum\";i:30;s:62:\"\0Concrete\\Core\\Workflow\\Request\\ApprovePageRequest\0isScheduled\";b:0;s:64:\"\0Concrete\\Core\\Workflow\\Request\\ApprovePageRequest\0cvPublishDate\";N;s:67:\"\0Concrete\\Core\\Workflow\\Request\\ApprovePageRequest\0cvPublishEndDate\";N;s:12:\"\0*\0currentWP\";N;s:6:\"\0*\0uID\";s:1:\"1\";s:7:\"\0*\0wrID\";s:2:\"61\";s:5:\"error\";s:0:\"\";s:4:\"pkID\";i:14;s:3:\"cID\";i:230;s:4:\"cvID\";s:2:\"15\";}'),
(62,	'O:49:\"Concrete\\Core\\Workflow\\Request\\ApprovePageRequest\":11:{s:14:\"\0*\0wrStatusNum\";i:30;s:62:\"\0Concrete\\Core\\Workflow\\Request\\ApprovePageRequest\0isScheduled\";b:0;s:64:\"\0Concrete\\Core\\Workflow\\Request\\ApprovePageRequest\0cvPublishDate\";N;s:67:\"\0Concrete\\Core\\Workflow\\Request\\ApprovePageRequest\0cvPublishEndDate\";N;s:12:\"\0*\0currentWP\";N;s:6:\"\0*\0uID\";s:1:\"1\";s:7:\"\0*\0wrID\";s:2:\"62\";s:5:\"error\";s:0:\"\";s:4:\"pkID\";i:14;s:3:\"cID\";i:230;s:4:\"cvID\";s:2:\"16\";}'),
(63,	'O:49:\"Concrete\\Core\\Workflow\\Request\\ApprovePageRequest\":11:{s:14:\"\0*\0wrStatusNum\";i:30;s:62:\"\0Concrete\\Core\\Workflow\\Request\\ApprovePageRequest\0isScheduled\";b:0;s:64:\"\0Concrete\\Core\\Workflow\\Request\\ApprovePageRequest\0cvPublishDate\";N;s:67:\"\0Concrete\\Core\\Workflow\\Request\\ApprovePageRequest\0cvPublishEndDate\";N;s:12:\"\0*\0currentWP\";N;s:6:\"\0*\0uID\";s:1:\"1\";s:7:\"\0*\0wrID\";s:2:\"63\";s:5:\"error\";s:0:\"\";s:4:\"pkID\";i:14;s:3:\"cID\";i:231;s:4:\"cvID\";s:1:\"3\";}'),
(64,	'O:49:\"Concrete\\Core\\Workflow\\Request\\ApprovePageRequest\":11:{s:14:\"\0*\0wrStatusNum\";i:30;s:62:\"\0Concrete\\Core\\Workflow\\Request\\ApprovePageRequest\0isScheduled\";b:0;s:64:\"\0Concrete\\Core\\Workflow\\Request\\ApprovePageRequest\0cvPublishDate\";N;s:67:\"\0Concrete\\Core\\Workflow\\Request\\ApprovePageRequest\0cvPublishEndDate\";N;s:12:\"\0*\0currentWP\";N;s:6:\"\0*\0uID\";s:1:\"1\";s:7:\"\0*\0wrID\";s:2:\"64\";s:5:\"error\";s:0:\"\";s:4:\"pkID\";i:14;s:3:\"cID\";i:231;s:4:\"cvID\";s:1:\"4\";}'),
(65,	'O:49:\"Concrete\\Core\\Workflow\\Request\\ApprovePageRequest\":11:{s:14:\"\0*\0wrStatusNum\";i:30;s:62:\"\0Concrete\\Core\\Workflow\\Request\\ApprovePageRequest\0isScheduled\";b:0;s:64:\"\0Concrete\\Core\\Workflow\\Request\\ApprovePageRequest\0cvPublishDate\";N;s:67:\"\0Concrete\\Core\\Workflow\\Request\\ApprovePageRequest\0cvPublishEndDate\";N;s:12:\"\0*\0currentWP\";N;s:6:\"\0*\0uID\";s:1:\"1\";s:7:\"\0*\0wrID\";s:2:\"65\";s:5:\"error\";s:0:\"\";s:4:\"pkID\";i:14;s:3:\"cID\";i:1;s:4:\"cvID\";s:2:\"22\";}'),
(66,	'O:49:\"Concrete\\Core\\Workflow\\Request\\ApprovePageRequest\":11:{s:14:\"\0*\0wrStatusNum\";i:30;s:62:\"\0Concrete\\Core\\Workflow\\Request\\ApprovePageRequest\0isScheduled\";b:0;s:64:\"\0Concrete\\Core\\Workflow\\Request\\ApprovePageRequest\0cvPublishDate\";N;s:67:\"\0Concrete\\Core\\Workflow\\Request\\ApprovePageRequest\0cvPublishEndDate\";N;s:12:\"\0*\0currentWP\";N;s:6:\"\0*\0uID\";s:1:\"1\";s:7:\"\0*\0wrID\";s:2:\"66\";s:5:\"error\";s:0:\"\";s:4:\"pkID\";i:14;s:3:\"cID\";i:214;s:4:\"cvID\";s:2:\"13\";}'),
(67,	'O:49:\"Concrete\\Core\\Workflow\\Request\\ApprovePageRequest\":11:{s:14:\"\0*\0wrStatusNum\";i:30;s:62:\"\0Concrete\\Core\\Workflow\\Request\\ApprovePageRequest\0isScheduled\";b:0;s:64:\"\0Concrete\\Core\\Workflow\\Request\\ApprovePageRequest\0cvPublishDate\";N;s:67:\"\0Concrete\\Core\\Workflow\\Request\\ApprovePageRequest\0cvPublishEndDate\";N;s:12:\"\0*\0currentWP\";N;s:6:\"\0*\0uID\";s:1:\"1\";s:7:\"\0*\0wrID\";s:2:\"67\";s:5:\"error\";s:0:\"\";s:4:\"pkID\";i:14;s:3:\"cID\";i:214;s:4:\"cvID\";s:2:\"14\";}');

DROP TABLE IF EXISTS `Workflows`;
CREATE TABLE `Workflows` (
  `wfID` int(10) unsigned NOT NULL AUTO_INCREMENT,
  `wfName` varchar(255) COLLATE utf8mb4_unicode_ci DEFAULT NULL,
  `wftID` int(10) unsigned NOT NULL DEFAULT '0',
  `pkgID` int(10) unsigned NOT NULL DEFAULT '0',
  PRIMARY KEY (`wfID`),
  UNIQUE KEY `wfName` (`wfName`),
  KEY `wftID` (`wftID`,`wfID`),
  KEY `pkgID` (`pkgID`)
) ENGINE=InnoDB DEFAULT CHARSET=utf8mb4 COLLATE=utf8mb4_unicode_ci;


DROP TABLE IF EXISTS `WorkflowTypes`;
CREATE TABLE `WorkflowTypes` (
  `wftID` int(10) unsigned NOT NULL AUTO_INCREMENT,
  `wftHandle` varchar(64) COLLATE utf8mb4_unicode_ci NOT NULL,
  `wftName` varchar(128) COLLATE utf8mb4_unicode_ci NOT NULL,
  `pkgID` int(10) unsigned NOT NULL DEFAULT '0',
  PRIMARY KEY (`wftID`),
  UNIQUE KEY `wftHandle` (`wftHandle`),
  KEY `pkgID` (`pkgID`)
) ENGINE=InnoDB DEFAULT CHARSET=utf8mb4 COLLATE=utf8mb4_unicode_ci;

INSERT INTO `WorkflowTypes` (`wftID`, `wftHandle`, `wftName`, `pkgID`) VALUES
(1,	'basic',	'Basic Workflow',	0);

-- 2022-01-10 12:45:51
